Actual_AQI,Predicted_AQI
276.0,251.45943
296.0,299.7858
54.0,61.4092
56.0,65.37244
298.0,304.39813
49.0,67.35601
132.0,132.16144
58.0,60.820477
168.0,151.4783
270.0,250.91492
118.0,149.03587
212.0,173.44048
303.0,284.00153
188.0,185.87508
146.0,161.84554
69.0,70.53301
132.0,125.45152
279.0,293.82196
339.0,348.65738
97.0,102.09847
132.0,131.91133
373.0,349.9518
132.0,131.91133
132.0,132.16144
60.0,57.56852
240.0,289.2527
376.0,382.29977
334.0,366.6914
132.0,132.43784
132.0,114.090904
156.0,204.96759
336.0,304.896
430.0,398.66385
127.0,100.73484
132.0,95.859566
322.0,307.5671
85.0,87.06853
169.0,161.48915
149.0,125.83091
185.0,171.31172
132.0,247.8805
101.0,101.439964
93.0,107.25203
178.0,173.24231
104.0,106.96596
189.0,252.69221
171.0,175.2317
67.0,77.88843
90.0,126.89693
40.0,58.870556
342.0,283.60913
65.0,79.31161
117.0,126.90673
132.0,424.9925
84.0,93.59091
132.0,168.70798
132.0,240.38675
88.0,74.36479
361.0,309.407
106.0,131.42203
162.0,241.44365
65.0,75.00282
142.0,169.15608
96.0,98.67419
303.0,275.9446
118.0,121.03683
56.0,56.55716
62.0,65.694244
132.0,132.16144
103.0,126.68139
42.0,49.31821
382.0,330.06094
124.0,125.5927
160.0,173.1646
347.0,341.104
100.0,92.54568
433.0,434.12463
132.0,131.72699
132.0,131.73352
417.0,401.0171
90.0,93.31791
74.0,77.26362
132.0,131.90688
150.0,150.40875
84.0,85.49024
92.0,102.57877
327.0,325.27838
335.0,308.68155
63.0,61.490314
90.0,115.197876
210.0,150.495
64.0,73.26452
223.0,201.95586
500.0,483.92145
383.0,357.49246
149.0,149.67538
144.0,139.67874
84.0,78.37768
132.0,132.16144
105.0,111.03626
161.0,197.60683
114.0,142.1408
179.0,197.77885
132.0,132.16144
132.0,132.16144
108.0,104.5031
86.0,88.60502
333.0,328.46298
88.0,97.14073
132.0,129.23842
248.0,212.48987
221.0,223.9798
132.0,125.81667
139.0,134.76959
91.0,92.50682
40.0,46.182392
68.0,70.07309
179.0,183.4495
332.0,347.3011
75.0,72.73786
163.0,135.97156
132.0,132.0771
322.0,293.0727
131.0,102.08912
27.0,41.32537
101.0,107.47536
105.0,93.26662
66.0,71.53132
131.0,147.72202
122.0,112.25357
110.0,105.28132
425.0,405.13382
140.0,106.11739
348.0,324.8184
132.0,132.16144
174.0,184.57973
132.0,132.16144
242.0,260.03827
98.0,80.51526
25.0,55.027805
249.0,229.71065
132.0,72.890785
132.0,132.06238
162.0,148.45721
67.0,80.89736
132.0,132.16144
363.0,344.84363
88.0,86.28118
128.0,127.890076
90.0,80.67467
412.0,404.379
390.0,374.36478
132.0,132.16144
66.0,55.918148
274.0,296.93176
169.0,184.7747
132.0,132.16144
368.0,319.56827
57.0,71.10113
480.0,489.6458
132.0,145.44576
420.0,398.69287
82.0,104.24612
201.0,145.10985
317.0,304.32645
140.0,140.48174
247.0,284.55542
132.0,131.72699
128.0,96.96429
132.0,147.921
116.0,168.83473
107.0,91.29804
167.0,157.12094
436.0,426.29764
124.0,120.49912
124.0,131.0856
118.0,125.1181
339.0,356.56595
238.0,254.0036
130.0,130.7055
354.0,336.5865
348.0,329.15042
132.0,119.94625
296.0,295.52887
135.0,149.12079
83.0,92.206116
89.0,91.17131
71.0,67.98912
132.0,131.90688
79.0,70.50683
133.0,143.83154
30.0,42.704838
243.0,244.99414
101.0,105.2917
500.0,493.01907
132.0,390.58627
383.0,385.47528
422.0,417.2552
88.0,70.192116
132.0,131.90688
138.0,104.55515
84.0,78.11735
50.0,48.5468
104.0,100.07104
425.0,399.01132
132.0,132.0771
407.0,374.53925
109.0,75.249435
455.0,446.62646
70.0,122.125275
60.0,60.31197
102.0,124.564575
307.0,300.7543
469.0,464.35184
132.0,148.88162
44.0,84.73123
48.0,55.72995
92.0,102.28331
106.0,115.63432
101.0,97.78228
277.0,248.66139
241.0,278.9819
59.0,84.463875
132.0,132.16144
38.0,48.445694
132.0,128.23413
330.0,338.32574
316.0,286.87018
242.0,237.2656
91.0,100.520546
218.0,235.13329
327.0,144.41644
277.0,274.31476
29.0,41.38224
149.0,124.2744
157.0,180.38338
132.0,131.72699
337.0,331.33774
348.0,359.28455
140.0,151.84477
213.0,240.15457
477.0,478.07605
127.0,107.74737
170.0,181.2513
276.0,258.05933
104.0,124.040054
358.0,310.33047
126.0,156.69568
339.0,334.7314
132.0,132.16144
161.0,187.81297
100.0,131.87343
104.0,114.67779
102.0,123.84053
201.0,206.45326
107.0,110.726135
104.0,130.13019
177.0,155.80035
121.0,129.84158
53.0,58.2739
74.0,79.50361
317.0,311.43497
127.0,102.53799
315.0,302.8091
166.0,134.22934
74.0,50.461517
73.0,94.786644
317.0,298.8174
209.0,226.74284
132.0,132.16144
196.0,169.43884
349.0,353.06863
132.0,134.77666
460.0,439.15616
143.0,140.43884
72.0,97.83551
103.0,114.00835
132.0,131.52042
132.0,132.16144
69.0,65.77912
73.0,80.664116
212.0,271.2447
73.0,94.46887
62.0,69.79593
132.0,131.91133
337.0,362.71848
53.0,72.630325
230.0,274.35645
65.0,61.848606
126.0,144.92181
132.0,132.14624
154.0,120.255806
102.0,112.75632
250.0,230.86765
132.0,131.90688
252.0,233.38632
85.0,123.58814
92.0,94.212776
117.0,150.92552
53.0,77.201935
83.0,73.716324
309.0,305.03976
144.0,136.16084
280.0,281.94373
41.0,43.812645
295.0,329.54547
113.0,124.078514
350.0,328.13043
132.0,132.16144
295.0,299.18515
184.0,209.82553
127.0,123.73707
104.0,112.953674
114.0,112.18817
132.0,132.16144
132.0,132.16144
156.0,159.25925
149.0,134.16766
309.0,311.4352
132.0,131.90688
140.0,154.177
156.0,139.43901
164.0,158.4328
132.0,131.91133
351.0,360.27332
57.0,60.601162
315.0,322.00507
145.0,157.65538
52.0,62.08418
132.0,132.14624
98.0,81.223206
110.0,119.10928
132.0,131.90688
19.0,35.988464
88.0,77.64682
112.0,103.27959
132.0,131.72699
191.0,203.87509
132.0,132.16144
35.0,47.636314
224.0,233.31499
137.0,155.93718
81.0,88.19909
118.0,110.66102
115.0,88.0019
149.0,164.08493
65.0,78.67602
141.0,149.97504
132.0,131.6699
67.0,57.91746
95.0,88.97336
366.0,404.385
132.0,140.80437
237.0,205.5284
64.0,75.17266
500.0,413.68076
64.0,61.439735
132.0,132.16144
132.0,132.16144
112.0,99.083
98.0,329.10458
94.0,116.41782
216.0,211.83238
132.0,131.90688
357.0,346.88034
296.0,291.91763
132.0,126.193016
117.0,109.34811
132.0,132.16144
94.0,97.54258
280.0,290.52554
136.0,131.55351
132.0,151.73697
78.0,79.65643
331.0,293.616
59.0,65.41409
130.0,118.35746
88.0,108.55914
146.0,155.78229
41.0,46.838062
222.0,303.0764
500.0,453.1005
214.0,231.58115
52.0,60.11431
73.0,75.58688
274.0,283.59305
85.0,84.16806
132.0,132.16144
123.0,147.58167
102.0,107.89141
364.0,362.82657
132.0,148.76164
132.0,132.3951
403.0,370.04822
103.0,88.984726
132.0,243.59935
96.0,85.79841
122.0,128.9856
132.0,131.91133
35.0,62.42381
140.0,138.0433
80.0,76.081635
141.0,161.19635
132.0,244.43149
132.0,132.16144
209.0,216.71713
132.0,179.66042
500.0,468.08878
132.0,131.52042
124.0,133.5765
105.0,122.38553
322.0,321.9525
132.0,136.3417
44.0,43.154835
282.0,247.40138
137.0,123.353714
176.0,80.081955
115.0,128.74707
166.0,121.78322
116.0,123.136314
108.0,86.34461
43.0,52.35837
131.0,162.98317
231.0,232.0627
135.0,141.15913
213.0,229.1968
371.0,379.55588
69.0,87.21473
186.0,159.4221
95.0,87.01206
132.0,131.90688
141.0,137.63708
246.0,237.383
132.0,132.16144
133.0,129.84972
320.0,314.53915
328.0,341.95157
160.0,141.93835
76.0,94.47038
316.0,336.84268
404.0,406.09146
53.0,76.403824
203.0,196.66615
163.0,150.51315
132.0,131.91133
114.0,95.36921
82.0,68.91453
228.0,190.30345
260.0,273.32886
350.0,268.03107
83.0,78.827576
97.0,98.97399
500.0,499.50708
309.0,334.1558
132.0,131.73352
384.0,381.18176
166.0,193.79321
132.0,85.63947
212.0,252.68584
290.0,214.57175
82.0,89.63832
271.0,268.59933
186.0,177.15466
117.0,119.56097
207.0,240.25429
36.0,54.055138
132.0,131.72699
118.0,123.11518
45.0,52.421482
125.0,107.86721
316.0,281.90344
104.0,107.011
267.0,263.58395
132.0,145.0745
53.0,56.15348
95.0,89.185974
91.0,101.13273
134.0,131.35385
100.0,111.695786
57.0,69.82631
100.0,89.81559
59.0,65.689316
500.0,410.54163
366.0,386.53052
84.0,79.08113
115.0,124.32784
107.0,95.34696
459.0,417.28333
132.0,67.01995
133.0,134.86508
94.0,99.21247
277.0,332.77094
238.0,243.25903
132.0,139.84471
500.0,482.64703
182.0,183.00053
132.0,147.921
132.0,118.680534
126.0,121.1416
361.0,309.01266
97.0,98.363144
132.0,132.16144
199.0,208.68585
229.0,335.65317
54.0,71.11619
85.0,76.27607
211.0,172.4612
52.0,59.25683
132.0,132.16144
54.0,68.73774
130.0,139.61255
90.0,135.554
132.0,118.05261
107.0,111.938286
500.0,496.83728
324.0,324.10928
132.0,132.16144
299.0,311.04846
327.0,333.3206
114.0,100.724304
49.0,62.79063
132.0,131.80582
85.0,76.37611
220.0,236.109
179.0,218.81009
131.0,136.57057
132.0,130.90471
69.0,85.700005
161.0,166.67314
132.0,132.16144
79.0,84.01805
102.0,182.83589
148.0,157.9035
478.0,440.44513
45.0,59.02119
132.0,115.33595
105.0,100.6212
130.0,160.37491
132.0,164.28792
194.0,201.44063
258.0,246.46872
294.0,239.26035
250.0,242.30057
132.0,128.25087
132.0,126.90172
92.0,124.639
132.0,132.16144
108.0,107.143166
188.0,133.63554
49.0,61.32901
81.0,73.49529
69.0,73.238434
72.0,92.14411
266.0,253.97755
39.0,60.610325
83.0,81.58413
138.0,131.94397
96.0,98.93723
132.0,131.91133
55.0,56.807304
217.0,206.16493
121.0,126.88982
105.0,107.97156
215.0,184.10617
147.0,167.8437
215.0,220.37326
192.0,178.1608
129.0,168.64845
62.0,59.699883
45.0,58.473934
132.0,132.16144
132.0,138.69875
56.0,53.54524
136.0,137.25447
234.0,226.32137
42.0,51.18359
79.0,83.55595
370.0,372.7673
81.0,80.825516
500.0,503.5226
132.0,131.90688
126.0,94.566376
88.0,92.19161
132.0,95.51021
194.0,199.64194
113.0,127.84613
68.0,95.25889
132.0,131.91133
126.0,130.16098
118.0,119.54875
132.0,132.16144
55.0,60.87009
334.0,324.14853
421.0,414.29974
132.0,128.41493
26.0,39.80803
62.0,65.46583
219.0,201.5678
446.0,402.36554
256.0,236.97435
181.0,183.2017
215.0,223.89195
305.0,287.8685
467.0,426.38226
87.0,103.67141
153.0,173.2976
132.0,132.16144
99.0,95.80236
132.0,135.04694
308.0,295.21173
59.0,74.42731
106.0,111.77223
140.0,146.26416
322.0,300.80975
196.0,201.64525
62.0,81.36537
235.0,232.75505
108.0,118.10706
132.0,132.14624
198.0,207.0178
350.0,375.61533
179.0,170.82036
79.0,85.58513
94.0,113.66792
65.0,84.43131
298.0,293.84235
107.0,83.6757
134.0,192.28996
132.0,132.14624
109.0,134.7724
114.0,136.8924
132.0,132.0771
132.0,132.16144
129.0,94.34133
79.0,81.581154
132.0,131.73352
132.0,132.16144
132.0,131.90688
500.0,480.14838
132.0,131.54343
132.0,132.0771
226.0,188.67656
108.0,127.26532
102.0,90.408806
321.0,406.8199
170.0,103.75534
387.0,341.5961
41.0,50.63812
50.0,59.81534
111.0,138.44894
132.0,135.47215
96.0,100.36902
132.0,133.47765
164.0,137.158
324.0,302.24036
88.0,102.26478
139.0,145.09564
55.0,62.87928
220.0,171.81029
132.0,131.57301
334.0,348.87872
93.0,100.20242
62.0,57.71923
196.0,173.81516
200.0,239.93417
126.0,175.26385
53.0,73.389114
210.0,194.80629
99.0,146.4054
54.0,62.67267
248.0,260.98697
156.0,128.26198
123.0,123.19423
248.0,272.5116
89.0,110.203804
131.0,140.2271
96.0,122.65331
191.0,215.48296
177.0,179.8778
53.0,61.241783
77.0,80.3143
221.0,240.53877
374.0,334.7011
132.0,78.06211
132.0,132.16144
140.0,147.85126
77.0,89.27458
173.0,155.04709
408.0,270.83374
132.0,132.14624
109.0,110.86936
142.0,142.16791
40.0,51.182255
132.0,134.38826
132.0,132.16144
108.0,139.45955
171.0,116.28018
158.0,126.84061
71.0,73.6631
29.0,36.38816
132.0,132.16144
310.0,282.21948
270.0,248.15201
84.0,79.35672
132.0,131.80582
262.0,260.29398
228.0,261.1127
188.0,109.66505
132.0,132.16937
322.0,309.88452
109.0,110.11293
60.0,66.8283
104.0,105.81602
174.0,197.02222
130.0,132.8976
93.0,91.788376
130.0,111.328445
112.0,115.0211
132.0,118.45414
298.0,323.56723
320.0,314.16562
62.0,73.27409
361.0,356.3566
244.0,226.0236
132.0,289.54538
168.0,179.42268
32.0,64.22687
63.0,72.29301
132.0,147.48975
301.0,278.12302
76.0,100.82162
286.0,300.65533
64.0,75.46467
95.0,102.318886
132.0,132.16144
86.0,107.05658
224.0,265.2834
64.0,78.08346
98.0,121.62849
214.0,204.53001
75.0,84.23549
55.0,74.484245
500.0,445.79642
351.0,383.33273
46.0,67.406456
70.0,69.89013
55.0,61.740726
132.0,123.30199
76.0,83.83944
66.0,66.12562
67.0,105.84245
101.0,134.48447
127.0,117.53808
132.0,133.93454
180.0,86.613945
360.0,353.43298
67.0,96.30529
63.0,73.01798
83.0,106.34117
96.0,90.8612
132.0,132.16144
132.0,130.41664
407.0,256.61417
132.0,132.16144
327.0,322.93964
132.0,132.16144
311.0,244.19708
70.0,82.10565
132.0,131.91133
132.0,131.78876
64.0,68.82451
132.0,132.13687
280.0,251.68755
73.0,63.999065
317.0,316.47855
118.0,129.75385
373.0,294.89996
484.0,356.45142
354.0,354.50446
69.0,69.03919
357.0,384.76245
132.0,132.16144
101.0,99.126625
205.0,272.42093
76.0,82.42682
132.0,139.20267
168.0,184.56108
124.0,145.74019
297.0,311.536
67.0,60.0265
112.0,132.65137
132.0,131.91133
122.0,154.03249
36.0,43.03091
95.0,71.211945
76.0,69.03288
89.0,105.76141
105.0,136.78722
132.0,132.16144
142.0,131.73157
132.0,132.16144
186.0,152.54062
170.0,224.48418
78.0,146.57703
95.0,109.328896
430.0,382.0504
132.0,131.91133
317.0,265.03482
263.0,251.60063
243.0,205.96098
69.0,71.532455
63.0,68.39513
159.0,147.03897
286.0,266.60373
132.0,132.16144
132.0,132.16144
101.0,119.32038
45.0,70.14949
107.0,116.28836
80.0,92.015305
50.0,58.83224
306.0,339.65033
248.0,286.39987
30.0,36.76425
84.0,107.49758
318.0,288.57617
450.0,427.23087
146.0,155.38809
62.0,83.07929
48.0,61.993916
132.0,132.0771
370.0,387.36295
80.0,79.445854
132.0,486.45618
81.0,76.20049
267.0,203.85074
122.0,145.04706
132.0,132.16144
77.0,58.44364
345.0,334.39697
106.0,111.151184
500.0,491.20795
167.0,171.09676
132.0,131.65762
119.0,131.96053
132.0,132.16144
215.0,219.92752
75.0,85.10267
132.0,132.16144
300.0,268.2651
318.0,316.78934
207.0,190.17819
109.0,131.02756
30.0,40.860424
162.0,119.90625
132.0,132.16144
112.0,100.34106
62.0,91.15766
61.0,80.91911
66.0,77.78525
113.0,121.068695
339.0,330.62326
124.0,113.73537
102.0,101.92232
90.0,91.58389
132.0,131.50586
208.0,178.03839
159.0,140.83064
57.0,61.603436
472.0,459.34802
62.0,61.69913
270.0,309.09583
98.0,98.70817
158.0,216.29811
141.0,123.52249
379.0,413.6726
156.0,156.48967
132.0,129.41888
488.0,469.58688
199.0,223.15828
196.0,225.356
132.0,132.16144
307.0,287.30984
131.0,66.110146
111.0,142.77042
219.0,169.14655
30.0,60.528355
79.0,69.84187
135.0,160.3952
68.0,57.025127
132.0,296.52734
132.0,132.0771
500.0,475.2089
230.0,216.71278
133.0,146.34534
121.0,124.79894
167.0,172.35869
259.0,158.06679
96.0,103.591064
107.0,98.45595
130.0,109.344955
373.0,390.39767
259.0,254.45355
124.0,140.96536
356.0,333.64032
132.0,131.91133
85.0,86.213745
299.0,218.66776
318.0,259.02768
96.0,102.39283
308.0,302.26337
52.0,71.18139
102.0,114.15022
157.0,156.68524
132.0,131.91133
188.0,131.36517
132.0,327.274
123.0,103.03201
76.0,66.647026
132.0,132.16144
465.0,386.46622
132.0,132.16144
82.0,94.84047
379.0,377.68164
48.0,59.894543
124.0,117.67592
152.0,114.621666
132.0,132.16144
414.0,470.53232
394.0,372.6432
137.0,113.55702
60.0,56.15957
252.0,230.54031
132.0,136.45384
132.0,89.1165
132.0,131.60605
226.0,199.3316
235.0,131.67795
132.0,131.50586
59.0,84.96908
45.0,58.330326
112.0,120.907234
107.0,146.78656
96.0,84.73221
156.0,163.80664
80.0,72.61318
350.0,350.52637
108.0,100.50123
130.0,125.25611
113.0,150.81424
132.0,131.71658
102.0,115.53504
141.0,132.82172
122.0,74.73218
78.0,77.29209
132.0,132.16144
132.0,180.26768
338.0,292.20493
322.0,328.1171
132.0,132.16144
215.0,208.84598
267.0,250.00716
95.0,72.96554
66.0,75.31903
140.0,110.98541
392.0,387.8205
104.0,135.9635
272.0,305.74088
116.0,126.52675
84.0,98.393936
132.0,45.046566
334.0,350.53848
103.0,95.65934
132.0,270.2195
65.0,58.854954
41.0,58.801212
420.0,387.98312
54.0,57.419098
132.0,131.91133
132.0,131.57361
345.0,342.42813
75.0,93.265366
352.0,270.58414
78.0,77.977325
122.0,127.328674
109.0,137.94867
84.0,65.511856
325.0,323.11328
92.0,105.05469
127.0,124.08119
62.0,75.05418
98.0,81.208755
185.0,201.67635
119.0,122.17358
146.0,142.26538
92.0,101.802414
180.0,139.81587
54.0,71.84628
300.0,305.0665
301.0,307.55118
120.0,123.74375
60.0,82.61866
83.0,79.55987
129.0,99.841446
134.0,143.24934
88.0,115.171005
70.0,78.70775
57.0,78.69827
353.0,342.08563
132.0,112.12492
132.0,132.16144
208.0,333.35657
132.0,150.50835
54.0,69.32733
165.0,128.7508
48.0,49.557674
129.0,149.62918
132.0,131.91133
85.0,78.09333
213.0,242.30765
138.0,132.60223
323.0,380.49344
90.0,91.52809
132.0,120.4802
79.0,94.83318
166.0,117.53731
123.0,80.135956
180.0,211.09492
118.0,94.04712
39.0,42.3708
28.0,43.859116
132.0,134.4849
500.0,454.78363
197.0,218.96732
132.0,132.16144
132.0,131.90688
132.0,141.77287
109.0,106.7885
248.0,246.48138
132.0,132.16144
78.0,76.186485
159.0,146.71312
132.0,131.09796
123.0,171.36513
94.0,103.60144
210.0,240.06848
67.0,68.764626
152.0,134.71544
445.0,469.95715
42.0,46.21866
164.0,154.82599
137.0,146.58084
382.0,393.81003
293.0,292.83936
168.0,196.43129
50.0,65.64923
88.0,101.88388
132.0,132.16144
132.0,131.91133
158.0,131.60818
500.0,497.24454
118.0,123.43083
101.0,97.68387
132.0,131.90688
398.0,343.69373
92.0,94.213715
132.0,118.84141
121.0,137.28197
62.0,66.040375
30.0,59.85322
229.0,245.0146
79.0,97.2517
250.0,259.32556
89.0,77.92036
61.0,63.278053
76.0,74.3806
132.0,132.16144
132.0,132.16144
232.0,223.90538
132.0,137.53671
76.0,75.7358
238.0,249.77779
132.0,132.0771
71.0,76.66095
106.0,107.14461
132.0,129.69063
67.0,78.93009
152.0,130.14452
51.0,65.141075
132.0,132.16144
106.0,112.86558
132.0,123.145226
83.0,85.011345
346.0,336.83163
109.0,111.173965
170.0,152.0033
132.0,127.191635
192.0,192.18338
283.0,175.19894
139.0,150.1862
78.0,115.43991
301.0,275.29645
141.0,87.57872
268.0,278.3427
347.0,338.55655
133.0,120.36171
132.0,132.16144
292.0,262.7699
165.0,117.25369
101.0,102.833
150.0,150.33623
102.0,112.33068
370.0,385.48404
101.0,127.55336
87.0,77.644066
284.0,287.88272
385.0,372.8269
132.0,134.97437
342.0,376.9541
55.0,70.80617
106.0,94.08977
218.0,181.64667
162.0,147.10167
311.0,289.4646
453.0,386.1809
195.0,165.58775
168.0,175.23943
211.0,214.54979
132.0,132.16144
456.0,462.03656
101.0,111.307594
500.0,473.8743
416.0,445.8707
253.0,276.35272
252.0,167.17316
298.0,260.03055
112.0,108.968765
132.0,131.91133
132.0,132.16144
132.0,131.21307
108.0,133.41016
72.0,95.968285
33.0,57.08919
132.0,116.57264
72.0,74.62467
132.0,131.80582
138.0,134.13272
132.0,132.16144
358.0,364.48856
132.0,142.59776
132.0,123.401726
124.0,104.97046
500.0,486.5146
59.0,66.31817
183.0,245.51424
170.0,148.62183
306.0,296.18256
184.0,227.52588
297.0,291.83725
83.0,97.81233
124.0,143.5217
132.0,65.57886
132.0,128.85309
132.0,132.16144
132.0,130.40987
128.0,102.53659
36.0,58.372204
44.0,44.269337
121.0,109.814545
132.0,101.96379
132.0,95.8828
385.0,404.7213
132.0,133.87775
132.0,95.165726
473.0,252.9302
130.0,132.8284
78.0,95.810875
288.0,306.47147
76.0,92.85112
75.0,92.494835
149.0,142.89378
74.0,58.0415
30.0,65.67133
98.0,100.45243
144.0,168.8578
106.0,98.21377
53.0,58.372215
90.0,95.33167
299.0,297.40463
301.0,328.351
148.0,137.41214
132.0,58.56331
119.0,107.920845
132.0,131.91133
96.0,95.62927
334.0,325.6235
171.0,175.92282
132.0,131.90688
99.0,110.029274
106.0,135.62517
132.0,132.16144
132.0,132.16144
132.0,132.16144
191.0,226.23979
99.0,113.979294
316.0,297.92868
64.0,69.75321
350.0,324.18582
111.0,105.63239
146.0,126.96997
111.0,120.55895
93.0,113.40207
134.0,110.85192
132.0,131.80582
137.0,166.6682
99.0,103.67253
91.0,91.971664
61.0,67.46506
412.0,422.6697
330.0,407.03064
138.0,133.20885
149.0,117.347244
132.0,205.20744
245.0,198.32173
180.0,181.95659
102.0,120.41576
132.0,132.16144
317.0,303.8323
51.0,62.474148
46.0,59.503292
168.0,140.61195
48.0,62.33128
232.0,224.75516
132.0,132.16144
20.0,56.1881
132.0,132.16144
49.0,72.16352
97.0,95.46767
166.0,168.74913
167.0,178.1065
88.0,97.46753
80.0,89.30958
60.0,86.44734
228.0,224.6283
92.0,82.25992
127.0,172.05296
132.0,132.16144
132.0,126.49592
159.0,165.80093
218.0,280.95
132.0,131.90688
132.0,131.80582
102.0,96.41926
79.0,88.20471
342.0,299.49765
117.0,110.95346
453.0,424.9533
132.0,227.06924
132.0,132.16937
132.0,144.67131
132.0,131.72699
132.0,133.93454
116.0,134.84589
341.0,317.87
132.0,134.83504
63.0,82.13257
273.0,288.29114
63.0,61.32959
228.0,204.48288
101.0,107.303535
132.0,132.16144
83.0,101.30172
500.0,447.5347
132.0,131.87694
132.0,125.430695
52.0,64.057816
109.0,108.365906
110.0,109.284996
62.0,71.8394
288.0,211.33998
69.0,75.71358
358.0,360.34027
341.0,366.57535
205.0,191.5286
271.0,215.30603
165.0,155.11543
101.0,96.9706
411.0,367.99594
406.0,448.71915
52.0,68.39711
232.0,166.52571
344.0,237.24774
88.0,88.73704
171.0,131.0841
45.0,43.198765
140.0,150.8857
327.0,297.33633
52.0,60.25633
35.0,62.086975
132.0,130.70238
326.0,343.12183
189.0,208.84697
136.0,93.94323
132.0,132.16144
132.0,132.16144
220.0,217.31801
132.0,131.80582
382.0,389.3874
132.0,137.93816
315.0,335.28125
306.0,282.18372
149.0,146.49298
132.0,138.44373
93.0,110.9304
178.0,184.51044
132.0,131.91133
292.0,251.28123
105.0,111.25677
56.0,69.68259
69.0,70.91245
364.0,324.09497
350.0,306.9268
42.0,68.66626
67.0,68.76061
132.0,132.16144
445.0,440.66727
289.0,294.9073
28.0,66.79373
500.0,501.79034
269.0,265.2932
262.0,267.70395
500.0,497.13846
101.0,108.9272
132.0,132.16144
157.0,146.81367
132.0,132.16144
132.0,131.72699
213.0,219.22139
145.0,142.02339
44.0,78.22194
373.0,371.48224
152.0,147.83496
132.0,132.16144
127.0,150.7982
268.0,285.0755
84.0,81.47083
132.0,131.05136
92.0,64.45646
101.0,121.80479
93.0,97.59788
132.0,131.91133
210.0,223.17102
62.0,83.73566
96.0,104.22626
59.0,67.52759
363.0,362.40527
384.0,399.66025
186.0,165.62079
132.0,132.16144
132.0,132.16144
132.0,120.071625
88.0,98.911575
132.0,132.0771
239.0,181.93176
132.0,131.91133
215.0,245.90524
77.0,84.0476
43.0,68.55165
45.0,49.077755
291.0,267.56815
500.0,490.90015
132.0,132.16144
132.0,132.16144
142.0,133.56973
439.0,429.09787
110.0,110.06255
154.0,168.23853
132.0,131.72699
107.0,106.51198
132.0,93.06166
67.0,65.37367
91.0,92.38723
58.0,70.15672
311.0,299.06296
44.0,72.44101
141.0,84.839516
118.0,131.62555
75.0,74.41178
244.0,248.54944
156.0,164.50323
132.0,131.90688
331.0,313.39066
356.0,384.25073
83.0,99.74631
112.0,168.45131
325.0,353.66217
91.0,267.9003
138.0,162.94408
252.0,138.57513
362.0,370.156
80.0,66.71783
63.0,70.85722
105.0,116.53387
423.0,412.97903
391.0,398.5234
207.0,234.08104
121.0,126.64039
161.0,164.77394
365.0,354.42416
79.0,103.74297
500.0,485.4423
46.0,66.09501
185.0,153.36694
330.0,326.23425
79.0,83.620316
68.0,79.95985
107.0,88.77373
401.0,379.55536
236.0,228.00548
42.0,48.874496
276.0,267.4776
132.0,131.73352
433.0,484.24973
94.0,84.73059
25.0,111.43492
132.0,132.16144
132.0,132.16144
167.0,151.6515
315.0,323.4145
81.0,87.28164
57.0,64.2238
110.0,135.52107
238.0,170.41182
41.0,44.891464
62.0,82.65301
195.0,178.2788
303.0,249.71068
203.0,223.28378
384.0,432.94778
106.0,103.97896
132.0,131.91133
136.0,184.29385
365.0,363.11536
153.0,157.15205
133.0,124.474174
124.0,118.08809
114.0,130.37901
73.0,68.2404
101.0,116.34097
289.0,319.61087
132.0,132.16144
421.0,405.4344
132.0,131.04735
372.0,366.5508
287.0,206.7608
148.0,154.61542
140.0,161.4742
132.0,119.24627
53.0,60.706142
118.0,122.9452
329.0,314.44815
320.0,306.98334
125.0,107.16331
132.0,132.0771
44.0,55.912678
94.0,116.18158
214.0,127.25875
260.0,321.92032
132.0,129.82327
333.0,333.26883
132.0,132.16144
120.0,99.15589
99.0,99.54412
132.0,129.42612
132.0,132.16144
132.0,129.67944
197.0,148.27136
238.0,249.94447
42.0,51.61676
64.0,66.475426
51.0,52.462936
145.0,140.53476
132.0,131.69267
132.0,131.72699
132.0,132.16144
42.0,57.146294
129.0,115.13512
125.0,126.252525
225.0,218.21709
78.0,78.72205
132.0,131.73352
132.0,132.14624
294.0,283.15936
218.0,211.09879
152.0,153.88481
81.0,84.55783
367.0,356.49838
226.0,202.3983
163.0,161.92911
158.0,160.32338
366.0,374.12173
384.0,350.68768
264.0,234.20177
74.0,75.51917
64.0,76.135796
118.0,93.16596
108.0,120.727844
286.0,329.49252
62.0,71.61246
163.0,179.7978
319.0,292.47595
110.0,108.72052
96.0,107.068634
159.0,223.40976
257.0,320.41946
132.0,131.72699
101.0,93.62167
86.0,105.162605
168.0,196.9176
133.0,122.195335
110.0,132.39659
143.0,70.00598
158.0,192.71492
392.0,369.5021
425.0,437.77216
128.0,160.73611
327.0,280.07095
132.0,132.16144
85.0,83.44211
103.0,116.66787
54.0,74.46072
106.0,90.67784
132.0,132.16144
28.0,40.71374
249.0,262.82587
53.0,65.96391
187.0,142.0699
50.0,68.396835
353.0,230.0565
218.0,204.79626
169.0,155.21454
111.0,119.35406
39.0,52.330795
313.0,313.62906
279.0,312.64728
49.0,106.35325
131.0,134.31534
288.0,263.1016
132.0,131.72699
248.0,144.80745
132.0,132.16144
363.0,333.90717
132.0,132.0771
267.0,260.34113
298.0,310.57214
29.0,60.90488
117.0,154.24266
105.0,87.78878
132.0,132.16144
381.0,368.8424
47.0,43.678116
132.0,132.16144
282.0,208.54054
142.0,177.0868
166.0,155.73053
132.0,88.00968
132.0,131.91133
184.0,133.83397
403.0,386.30807
331.0,328.0114
132.0,136.7473
174.0,225.11964
72.0,79.91218
64.0,63.635098
96.0,119.74751
317.0,306.20865
500.0,396.07718
173.0,192.7004
33.0,37.6571
147.0,139.2507
247.0,241.59985
140.0,110.09225
94.0,77.875854
167.0,125.612625
123.0,131.11313
189.0,227.06691
327.0,249.855
323.0,281.07608
279.0,269.2168
500.0,494.33362
193.0,157.65118
78.0,89.134
38.0,39.90383
132.0,131.91133
354.0,392.65256
171.0,185.83379
95.0,90.11387
132.0,136.73459
114.0,91.17118
132.0,132.16144
58.0,88.42885
157.0,141.74199
148.0,132.16144
458.0,493.66742
165.0,161.73848
132.0,128.2777
132.0,66.47795
131.0,144.9439
114.0,129.80156
212.0,189.887
95.0,80.65049
77.0,84.66623
49.0,61.974762
202.0,209.60954
62.0,59.878456
120.0,118.66683
143.0,110.28122
346.0,346.38348
132.0,132.16144
359.0,371.4698
132.0,132.0771
104.0,110.91895
284.0,258.20193
132.0,132.36168
321.0,299.5732
146.0,145.42514
167.0,159.12747
132.0,132.16144
132.0,132.16144
49.0,60.568047
341.0,342.21756
133.0,156.51222
162.0,172.8489
200.0,172.73402
250.0,234.28427
77.0,65.0371
119.0,124.08155
280.0,288.5875
132.0,233.51083
256.0,299.59702
131.0,136.65646
184.0,211.97679
132.0,131.90688
132.0,131.72699
103.0,83.84078
66.0,78.099915
132.0,131.80582
132.0,131.91133
132.0,131.58475
117.0,117.763565
155.0,154.61574
71.0,88.91805
132.0,147.20636
132.0,132.16144
209.0,217.58893
144.0,175.40483
49.0,55.556828
346.0,352.35544
68.0,82.4703
349.0,346.01367
398.0,429.14902
75.0,82.160805
72.0,83.64702
174.0,131.01167
303.0,259.25333
132.0,127.90299
132.0,113.13187
55.0,56.776047
57.0,60.550774
233.0,241.24205
121.0,128.6652
124.0,115.74747
98.0,117.0539
500.0,455.05933
101.0,128.3424
136.0,165.74731
74.0,61.926697
53.0,96.33742
132.0,132.16144
132.0,132.0771
89.0,101.06263
110.0,92.832184
500.0,476.08484
93.0,94.33654
64.0,83.890526
107.0,126.76355
344.0,365.58826
73.0,69.74071
132.0,131.90688
433.0,402.063
221.0,152.69278
82.0,80.36231
104.0,135.84341
49.0,48.634647
132.0,132.16144
92.0,103.28194
83.0,66.987595
500.0,483.28345
61.0,61.793262
130.0,123.79534
180.0,192.59332
79.0,88.097755
132.0,132.16144
450.0,429.16086
127.0,178.93158
200.0,146.37962
212.0,218.95941
132.0,132.16144
124.0,133.93575
132.0,72.70578
129.0,138.61818
296.0,261.91577
55.0,69.2222
169.0,169.71951
168.0,147.92235
81.0,75.35914
132.0,349.6401
122.0,113.68007
132.0,132.16144
132.0,131.72699
132.0,131.50223
451.0,474.8145
64.0,61.13532
114.0,101.55337
331.0,276.869
132.0,132.16144
312.0,304.18097
106.0,112.71441
289.0,257.83606
132.0,132.16144
340.0,280.9071
132.0,128.36287
316.0,256.5651
74.0,76.12554
314.0,317.819
132.0,132.64389
132.0,131.90688
306.0,298.41415
119.0,124.79566
145.0,130.67188
67.0,83.25979
132.0,132.0771
132.0,125.909294
132.0,132.06238
409.0,373.8845
246.0,284.69534
80.0,91.63919
16.0,57.965782
138.0,160.90648
299.0,242.87956
132.0,132.16144
68.0,70.25905
43.0,52.35822
367.0,310.36188
182.0,174.5763
75.0,85.65793
82.0,84.932045
80.0,85.484695
37.0,39.940937
132.0,86.39427
132.0,132.16144
51.0,74.60262
174.0,163.79941
341.0,351.87387
132.0,134.866
132.0,51.534595
373.0,356.5556
86.0,74.32258
132.0,129.24586
75.0,93.148155
38.0,49.516964
90.0,79.01988
132.0,223.43857
192.0,193.62802
88.0,108.17751
54.0,92.20705
126.0,127.55468
90.0,97.95072
91.0,64.2392
79.0,91.36591
122.0,116.61394
132.0,131.90688
42.0,44.877483
132.0,145.82184
91.0,104.480286
209.0,107.17579
44.0,47.42194
95.0,86.329315
88.0,87.02105
68.0,77.81791
206.0,194.00143
94.0,138.24773
132.0,112.626045
407.0,406.68597
132.0,132.14624
187.0,157.7388
81.0,95.10738
132.0,132.16144
94.0,96.14439
170.0,177.35115
270.0,237.49586
73.0,100.80278
91.0,108.348404
105.0,109.53474
402.0,309.71817
126.0,128.88274
160.0,154.85323
170.0,196.78488
280.0,294.25745
168.0,175.81331
192.0,221.41183
132.0,132.0771
365.0,373.812
358.0,376.05423
106.0,253.6464
132.0,132.16144
132.0,131.69612
437.0,400.46017
133.0,156.3349
151.0,163.50746
156.0,131.93883
132.0,131.90688
243.0,238.88553
69.0,69.08976
103.0,103.020836
46.0,52.440845
132.0,132.0771
85.0,103.575195
165.0,170.34811
85.0,85.07537
105.0,79.98925
77.0,91.563
128.0,122.657875
293.0,273.28543
46.0,59.881298
60.0,64.186554
132.0,110.49545
104.0,91.04964
159.0,184.67815
243.0,274.83618
266.0,277.29333
132.0,105.22352
294.0,334.7772
60.0,75.457855
132.0,132.0771
132.0,132.16144
160.0,165.72554
330.0,326.0453
91.0,135.1217
206.0,187.44627
132.0,131.73352
296.0,292.85062
38.0,53.953625
317.0,337.7492
57.0,64.06992
163.0,175.3034
420.0,339.25833
58.0,54.689575
132.0,132.16144
125.0,127.44922
112.0,122.11277
132.0,132.16144
93.0,111.90567
67.0,76.94532
132.0,131.52481
148.0,155.55162
182.0,164.7487
132.0,132.16144
151.0,179.32758
245.0,218.97168
199.0,239.91689
57.0,58.76472
256.0,337.8342
72.0,84.71715
127.0,147.78233
243.0,233.44827
162.0,138.61351
298.0,287.50647
77.0,80.99624
61.0,67.50908
361.0,392.02597
131.0,96.07716
91.0,119.85591
415.0,426.23718
187.0,186.59996
91.0,86.25212
77.0,91.04931
218.0,212.67323
311.0,305.04193
132.0,133.26654
205.0,235.05347
108.0,109.451904
81.0,108.664856
308.0,334.10352
436.0,372.2891
500.0,502.50168
132.0,121.26464
79.0,76.6233
132.0,134.73848
110.0,120.53835
381.0,380.05353
132.0,132.16144
327.0,330.6853
132.0,135.84279
132.0,132.16144
340.0,314.39865
100.0,132.16144
330.0,320.2012
55.0,71.11358
394.0,412.74692
60.0,63.02339
132.0,132.0771
132.0,131.91133
262.0,129.27057
452.0,455.25705
85.0,96.85623
36.0,59.224075
77.0,104.62977
58.0,66.20637
43.0,57.12311
380.0,367.7661
46.0,66.408615
104.0,133.53345
45.0,57.70624
82.0,77.23431
73.0,92.89359
103.0,110.11364
89.0,92.502426
477.0,436.29803
124.0,145.77148
312.0,300.10443
132.0,132.0771
125.0,138.19458
83.0,93.64937
73.0,62.94114
388.0,386.11453
39.0,48.21953
319.0,335.27463
331.0,267.74197
500.0,478.2842
363.0,333.7799
114.0,139.1594
125.0,102.84044
262.0,246.56427
352.0,329.6137
167.0,150.00659
94.0,112.87594
168.0,119.11943
133.0,123.32819
64.0,77.4301
182.0,161.8331
75.0,75.83912
188.0,132.16144
94.0,153.05255
132.0,133.7882
130.0,129.79375
101.0,93.68917
85.0,102.27315
90.0,86.55949
127.0,202.36362
132.0,132.16144
274.0,267.42166
446.0,435.89172
132.0,95.09038
155.0,147.41542
174.0,112.52158
132.0,132.16144
132.0,67.36067
466.0,440.4843
198.0,184.53526
100.0,100.01465
219.0,213.76134
277.0,263.03162
126.0,138.4177
152.0,181.14853
67.0,60.44295
118.0,122.11884
345.0,280.42572
66.0,71.89766
266.0,213.46513
70.0,69.281204
87.0,92.32452
223.0,165.9801
119.0,128.99901
80.0,93.80784
132.0,132.16144
183.0,194.53944
137.0,145.91472
90.0,103.68572
183.0,194.20517
27.0,35.284264
118.0,103.73685
132.0,132.16144
214.0,197.95758
70.0,72.2713
126.0,116.83928
63.0,67.764084
318.0,330.55878
59.0,60.768066
57.0,67.032166
132.0,62.225056
292.0,271.73227
183.0,172.8262
108.0,103.03981
46.0,52.42631
132.0,131.90688
372.0,286.84595
71.0,96.92316
132.0,132.16144
132.0,132.16144
86.0,108.42227
51.0,59.5257
317.0,310.44208
475.0,385.9037
106.0,107.169395
202.0,159.27252
93.0,104.85841
111.0,105.84595
123.0,201.7792
164.0,175.47119
156.0,127.87768
132.0,132.0771
63.0,65.84016
132.0,115.55493
132.0,131.71005
132.0,132.14624
103.0,137.09859
158.0,180.60153
118.0,101.69632
132.0,156.09224
73.0,95.3135
132.0,156.77536
121.0,111.83596
84.0,117.974365
356.0,356.35986
93.0,107.539795
44.0,57.953983
346.0,348.9906
132.0,445.02432
132.0,131.91133
162.0,138.76201
91.0,85.966896
164.0,147.37231
49.0,68.905334
132.0,132.14624
131.0,129.70992
174.0,176.98625
116.0,109.44111
178.0,143.4082
237.0,232.25668
132.0,116.40862
95.0,79.49858
140.0,117.35801
374.0,361.56122
71.0,72.97999
84.0,79.35737
113.0,145.15349
272.0,238.7282
249.0,205.84438
103.0,152.00748
202.0,142.94693
78.0,84.634834
500.0,436.05844
120.0,118.44973
152.0,184.09232
119.0,114.89711
132.0,112.4877
105.0,118.915436
132.0,132.16144
257.0,233.32744
95.0,93.582855
195.0,209.71991
305.0,313.8445
132.0,131.56227
94.0,98.252525
327.0,301.77292
132.0,134.0162
132.0,150.0699
188.0,221.54715
143.0,160.78316
154.0,154.4051
192.0,132.16144
113.0,134.81894
71.0,82.91085
44.0,49.387848
96.0,89.28596
333.0,329.57996
104.0,123.832085
101.0,84.6467
132.0,131.69719
305.0,290.98914
176.0,161.9153
132.0,131.90688
132.0,131.72699
98.0,94.25739
261.0,277.94366
118.0,112.5932
132.0,132.16144
24.0,51.518654
349.0,321.70956
170.0,132.16144
102.0,124.08934
277.0,253.19217
96.0,87.847984
132.0,131.5286
73.0,102.3059
79.0,97.66441
61.0,57.74163
351.0,346.04056
244.0,236.7974
88.0,97.44136
197.0,154.25365
50.0,74.595085
205.0,191.06491
39.0,68.01642
132.0,132.0771
164.0,151.49043
132.0,132.0771
104.0,111.19479
168.0,166.06026
158.0,148.61443
47.0,39.143066
132.0,132.16144
52.0,53.883156
195.0,187.21434
111.0,73.46952
89.0,99.2118
132.0,132.16144
132.0,132.16144
237.0,271.73038
154.0,197.68527
132.0,89.58295
84.0,75.427284
343.0,247.12598
66.0,79.17687
55.0,58.978825
37.0,46.267532
184.0,174.23575
99.0,88.6092
67.0,76.262794
96.0,113.09434
71.0,80.75022
274.0,286.81293
78.0,94.076355
132.0,132.16144
131.0,110.237816
87.0,94.01421
132.0,131.606
114.0,108.64786
153.0,176.71043
248.0,227.03816
59.0,71.40322
132.0,132.16144
115.0,125.21903
251.0,256.39114
96.0,87.47754
132.0,132.16144
332.0,132.16144
286.0,273.13553
66.0,71.925735
43.0,54.92985
23.0,76.56769
412.0,442.03452
132.0,132.16144
110.0,100.85722
128.0,132.36777
74.0,93.53165
132.0,132.16937
116.0,125.89887
269.0,241.65646
461.0,483.05362
95.0,89.683586
38.0,72.92525
62.0,69.19849
132.0,131.90688
132.0,132.14624
139.0,94.57702
50.0,50.620243
90.0,107.49409
149.0,99.05813
132.0,128.44322
142.0,134.70776
324.0,228.85275
420.0,439.734
61.0,76.7105
132.0,257.3307
156.0,148.84792
142.0,171.50732
132.0,131.91742
132.0,132.0771
107.0,101.33969
138.0,108.339874
110.0,104.25345
119.0,82.03117
62.0,70.54312
103.0,82.02918
186.0,175.73766
132.0,131.08801
51.0,62.981056
54.0,58.157528
20.0,51.720306
132.0,132.16144
132.0,132.06238
99.0,87.11511
281.0,244.2223
132.0,124.223656
132.0,132.16144
48.0,69.65788
211.0,185.83408
164.0,176.70404
311.0,317.22693
261.0,224.32121
105.0,117.176834
150.0,148.71806
284.0,277.1319
61.0,51.016865
75.0,71.66537
146.0,127.6597
132.0,131.72699
79.0,107.304375
72.0,88.87675
350.0,366.1939
246.0,312.53433
340.0,328.8805
343.0,388.58624
39.0,59.58921
207.0,313.80252
205.0,253.2527
132.0,82.53594
44.0,49.387665
86.0,93.84353
132.0,132.16144
111.0,105.46485
132.0,138.11423
132.0,132.16144
110.0,113.104744
374.0,388.55136
77.0,65.28252
309.0,272.87442
69.0,81.473305
114.0,126.25244
267.0,216.78279
348.0,195.5632
124.0,95.186165
111.0,122.40758
306.0,327.32825
132.0,132.16144
185.0,205.93428
84.0,95.15364
225.0,190.93628
242.0,274.23706
157.0,143.69403
38.0,46.659668
124.0,123.61665
132.0,110.64848
115.0,115.69329
132.0,132.16144
196.0,200.70529
318.0,314.5754
169.0,166.98878
32.0,40.0087
500.0,482.25552
348.0,341.4474
133.0,122.42505
145.0,144.39494
132.0,132.40463
90.0,90.566124
132.0,131.90688
242.0,340.71625
62.0,58.614178
116.0,98.05665
238.0,228.64958
201.0,165.91846
132.0,113.71848
69.0,63.6478
102.0,81.25068
118.0,113.077446
121.0,129.87521
362.0,378.97934
153.0,155.88182
132.0,131.91133
49.0,58.52956
132.0,131.90688
62.0,64.27996
112.0,130.18782
134.0,114.76963
133.0,90.22327
430.0,486.79486
126.0,113.35547
84.0,117.97031
132.0,133.55086
27.0,39.58977
367.0,320.22357
132.0,131.91133
82.0,95.224976
132.0,130.71265
62.0,54.73361
132.0,131.80582
88.0,97.94555
92.0,96.96755
108.0,106.49265
132.0,132.98636
164.0,166.05756
121.0,106.99685
22.0,37.18849
132.0,132.16144
192.0,210.31058
315.0,326.50735
188.0,237.2176
493.0,413.05826
106.0,103.09112
500.0,403.52747
107.0,102.937836
132.0,131.91133
127.0,130.14435
244.0,233.27202
162.0,239.57693
71.0,74.025604
82.0,96.17991
500.0,401.18054
132.0,132.14624
500.0,471.48297
63.0,69.834526
121.0,83.724266
314.0,306.33655
72.0,101.68979
154.0,213.62105
255.0,241.29642
296.0,297.29037
132.0,99.74757
203.0,184.04274
136.0,124.71761
500.0,483.43164
161.0,176.00125
344.0,275.32224
76.0,73.62428
50.0,71.59975
80.0,67.93139
132.0,128.19528
132.0,132.16144
126.0,133.57323
138.0,139.78746
212.0,201.16042
136.0,154.82741
217.0,250.46938
289.0,323.99695
126.0,89.54083
410.0,419.39014
273.0,261.9083
119.0,120.31448
52.0,60.231754
89.0,92.96262
165.0,149.36171
184.0,200.2942
297.0,328.17795
56.0,59.91451
325.0,363.47348
296.0,261.45822
138.0,207.0795
64.0,74.13723
132.0,129.16708
174.0,133.40602
106.0,74.948074
275.0,219.72047
284.0,387.75555
292.0,173.04141
364.0,341.44348
176.0,90.60822
132.0,132.16144
351.0,347.56616
48.0,57.062885
44.0,54.850906
35.0,37.56025
110.0,130.51534
112.0,124.977905
381.0,380.32272
115.0,78.502525
132.0,131.8098
213.0,210.56128
108.0,112.384155
375.0,390.86746
56.0,66.34034
67.0,64.11597
130.0,110.22152
60.0,62.30663
92.0,91.73304
91.0,89.68628
76.0,75.296135
92.0,74.35815
149.0,150.3818
172.0,142.79517
462.0,436.7892
71.0,78.28423
203.0,259.5523
129.0,91.11323
320.0,311.88254
130.0,129.35735
132.0,132.16144
230.0,261.644
132.0,132.16144
135.0,131.66934
424.0,392.4537
132.0,132.16144
138.0,140.89392
500.0,499.3277
111.0,126.224464
132.0,132.16144
132.0,132.16144
137.0,149.01195
50.0,132.16144
257.0,217.02104
66.0,62.727016
77.0,85.124405
469.0,452.58023
132.0,129.31178
103.0,112.831635
112.0,90.60562
78.0,76.24058
117.0,123.74101
85.0,81.09746
119.0,130.41579
49.0,54.6896
132.0,128.33766
132.0,131.73352
56.0,58.43338
113.0,126.30552
105.0,121.59967
126.0,136.11572
44.0,42.917168
418.0,393.3061
116.0,129.97217
225.0,213.28514
205.0,181.6486
361.0,336.4523
293.0,208.6018
132.0,131.80582
161.0,157.34183
63.0,55.129623
241.0,256.61172
132.0,130.90224
214.0,241.00896
134.0,151.33698
103.0,103.68202
129.0,124.98703
39.0,48.25629
101.0,72.45
94.0,93.895454
338.0,350.14297
143.0,162.7083
84.0,102.11903
132.0,132.0771
323.0,327.03394
68.0,64.73434
132.0,131.33112
199.0,153.84903
75.0,67.70412
147.0,152.46005
132.0,132.16144
132.0,132.16144
56.0,66.258995
75.0,97.39911
194.0,195.92538
81.0,70.711296
275.0,238.49342
138.0,136.8355
30.0,44.489513
441.0,411.2915
102.0,103.83436
96.0,88.82371
176.0,177.13309
55.0,66.83094
67.0,64.5514
104.0,104.02054
72.0,95.222
132.0,135.7879
96.0,92.29646
24.0,55.660072
367.0,398.77405
71.0,84.152374
138.0,124.416084
132.0,132.0771
207.0,154.98636
96.0,102.26923
304.0,293.66974
167.0,173.03116
107.0,108.004456
375.0,411.64017
132.0,132.16144
132.0,129.08528
98.0,100.617615
99.0,286.88614
132.0,43.71495
251.0,200.01822
104.0,98.54232
132.0,132.16144
155.0,122.74195
127.0,132.88188
133.0,120.369
132.0,126.18827
53.0,65.785965
143.0,168.21632
104.0,67.823616
151.0,160.90094
50.0,48.63204
88.0,101.22984
132.0,138.91542
41.0,62.62983
132.0,132.16144
259.0,183.337
87.0,124.73501
56.0,73.44296
364.0,369.59433
56.0,63.50542
102.0,85.798775
389.0,386.80273
91.0,88.38098
132.0,132.0771
95.0,109.58517
132.0,132.15102
174.0,177.26622
132.0,132.0771
30.0,43.518578
202.0,222.95471
222.0,275.07947
132.0,131.69267
132.0,132.16144
148.0,176.1582
124.0,117.1803
132.0,131.90688
233.0,263.89966
113.0,132.98077
297.0,281.79526
426.0,398.70392
106.0,133.75575
145.0,134.87218
67.0,67.64518
100.0,116.71824
267.0,256.96426
59.0,65.27353
58.0,59.362347
353.0,301.15625
90.0,104.36803
88.0,89.60817
160.0,129.23624
132.0,131.55502
190.0,175.3237
340.0,351.2623
295.0,285.39905
108.0,96.17732
500.0,375.2046
91.0,100.657295
162.0,186.47177
59.0,79.91509
43.0,59.6714
285.0,203.23392
492.0,482.77054
134.0,132.72673
247.0,212.26952
132.0,132.16144
329.0,311.63138
132.0,132.16144
500.0,483.01593
141.0,156.55457
241.0,210.25784
82.0,121.832954
153.0,237.91948
124.0,114.35691
84.0,100.666885
218.0,196.68079
335.0,328.25412
138.0,129.14677
314.0,306.7036
388.0,412.75073
132.0,132.0771
91.0,88.74241
190.0,155.82877
132.0,131.91133
148.0,151.2728
59.0,65.81163
194.0,173.3237
324.0,314.85062
36.0,62.56026
132.0,131.90688
336.0,321.74963
132.0,309.97876
126.0,91.210175
132.0,132.0771
500.0,484.17105
132.0,135.18019
267.0,134.29826
70.0,87.01575
199.0,187.07143
103.0,117.50556
110.0,152.8338
88.0,85.136696
109.0,121.10134
136.0,140.83414
132.0,132.16144
58.0,52.92267
128.0,155.27701
500.0,461.92123
303.0,278.7515
41.0,62.132214
43.0,62.732857
77.0,82.17982
102.0,103.68563
132.0,127.78986
248.0,128.1256
52.0,59.423225
80.0,94.25551
132.0,132.0771
136.0,142.05267
119.0,117.68499
132.0,77.650764
335.0,312.8787
172.0,163.8598
106.0,130.41003
324.0,319.7426
189.0,195.33026
93.0,103.78081
97.0,113.37256
87.0,76.3082
132.0,132.14624
199.0,235.44626
80.0,73.852776
323.0,337.24472
97.0,120.095566
394.0,417.74365
322.0,301.03787
59.0,48.19749
105.0,128.45934
158.0,150.75787
132.0,132.16144
64.0,53.958633
269.0,294.18378
118.0,109.879326
355.0,313.19504
315.0,272.9055
346.0,351.86194
84.0,77.28181
321.0,322.5179
132.0,132.16144
135.0,137.80736
100.0,101.13493
132.0,132.0771
102.0,130.26996
73.0,78.18645
138.0,136.06378
281.0,294.19983
101.0,82.146835
132.0,117.34512
69.0,92.416595
91.0,108.79477
107.0,128.52162
155.0,176.04669
41.0,64.18169
160.0,148.3179
363.0,365.82907
369.0,343.08875
113.0,126.75732
240.0,236.44392
132.0,131.69267
88.0,87.26199
80.0,107.77324
134.0,90.75469
29.0,39.53651
132.0,131.74072
132.0,132.16144
112.0,112.82354
25.0,39.895874
132.0,95.69691
274.0,289.35666
132.0,132.16144
421.0,388.58655
137.0,160.99069
129.0,118.37328
45.0,44.407516
132.0,132.16144
434.0,345.33505
105.0,110.021515
51.0,55.81178
322.0,317.4123
132.0,132.16144
102.0,102.317696
92.0,86.79767
182.0,147.77391
257.0,166.76218
338.0,303.92502
56.0,64.65865
27.0,60.33888
403.0,323.19342
70.0,78.1943
132.0,132.16144
435.0,494.2014
132.0,131.91133
132.0,148.38475
165.0,136.38516
132.0,132.16144
72.0,74.797
132.0,128.48445
186.0,135.7669
67.0,78.6869
166.0,115.717415
132.0,132.16144
132.0,302.28622
132.0,131.69267
135.0,138.39677
57.0,56.96656
260.0,286.99692
132.0,132.16144
500.0,479.98935
253.0,239.27754
389.0,354.56583
187.0,215.78276
132.0,131.69267
269.0,204.80225
132.0,123.14082
281.0,261.95685
427.0,410.79886
151.0,182.60518
103.0,107.50677
303.0,292.87317
83.0,97.18271
91.0,91.16043
76.0,74.615074
132.0,131.90688
325.0,306.173
348.0,350.4172
500.0,496.39877
82.0,76.959946
474.0,450.4123
256.0,294.23108
134.0,158.61977
46.0,67.08916
74.0,96.76146
331.0,330.3199
137.0,104.87703
36.0,47.63147
92.0,99.81227
80.0,89.38442
127.0,206.6172
109.0,110.06387
178.0,90.34392
119.0,120.35673
313.0,300.2033
191.0,180.01634
174.0,178.56732
465.0,406.854
256.0,232.91827
122.0,110.29836
318.0,263.00284
40.0,60.247322
322.0,310.3621
366.0,356.60944
91.0,92.22426
132.0,132.16144
331.0,345.52222
56.0,60.86206
93.0,103.30385
90.0,103.03973
431.0,400.77872
56.0,70.72006
132.0,132.0771
132.0,378.9072
98.0,92.67837
286.0,456.20596
500.0,472.4738
132.0,141.40314
136.0,98.79844
47.0,54.35643
99.0,107.226364
132.0,132.16144
132.0,132.16144
124.0,134.76282
132.0,65.83941
86.0,95.80082
258.0,242.06596
145.0,133.98302
385.0,376.8563
346.0,312.22894
132.0,131.18314
123.0,157.37044
132.0,132.14624
226.0,194.9999
116.0,116.90819
139.0,127.86585
102.0,117.91562
123.0,93.89672
138.0,145.04642
85.0,79.525665
80.0,95.54002
83.0,99.843506
131.0,139.45888
260.0,247.34688
132.0,132.0771
60.0,62.22327
56.0,60.483704
289.0,270.73337
61.0,87.41197
109.0,113.49405
433.0,449.25433
132.0,132.16144
122.0,107.41327
132.0,131.90688
132.0,132.06238
132.0,132.43571
261.0,191.1442
109.0,113.65715
273.0,266.31937
140.0,139.63051
44.0,72.571754
192.0,183.6774
132.0,111.32415
134.0,114.34688
132.0,132.16144
132.0,61.67105
159.0,233.54716
94.0,103.85387
500.0,497.9131
124.0,110.95683
318.0,256.37146
132.0,136.39622
34.0,44.802197
50.0,62.313457
132.0,131.73352
201.0,204.45915
99.0,105.90732
74.0,68.081825
149.0,164.2012
120.0,118.57882
132.0,131.73352
315.0,295.68777
119.0,103.309204
376.0,374.87204
229.0,224.2985
80.0,69.16449
122.0,91.99228
28.0,40.561375
189.0,192.62526
132.0,189.485
336.0,315.89355
132.0,351.32443
103.0,92.01283
348.0,338.44122
132.0,132.16144
132.0,170.84521
61.0,98.4293
68.0,90.53807
226.0,201.84186
52.0,53.25968
132.0,173.91782
89.0,87.53742
500.0,477.2533
114.0,108.111824
350.0,301.6556
142.0,115.79451
84.0,81.02386
91.0,84.786285
107.0,109.383026
132.0,133.9671
35.0,45.045353
201.0,174.81354
127.0,111.00503
98.0,97.61007
41.0,57.395092
428.0,395.16055
110.0,125.5048
49.0,56.792606
99.0,118.44689
84.0,99.414345
132.0,131.90688
96.0,105.78091
73.0,91.43855
345.0,358.99857
222.0,234.58229
254.0,223.8316
361.0,375.33496
192.0,168.97221
157.0,163.41928
91.0,90.67676
230.0,216.49126
123.0,146.15768
427.0,400.164
101.0,115.28473
47.0,83.18242
337.0,337.28702
82.0,104.14352
132.0,125.88994
132.0,131.91133
132.0,132.16144
198.0,221.08107
329.0,250.63234
304.0,284.1811
500.0,481.8957
132.0,131.90688
86.0,87.51388
55.0,49.162613
159.0,169.08078
14.0,65.27007
132.0,109.9959
19.0,66.03192
60.0,54.865395
85.0,80.095795
135.0,128.89891
132.0,132.16144
124.0,129.58559
132.0,131.62419
38.0,41.929558
375.0,400.74258
99.0,97.26787
370.0,403.20816
161.0,159.91292
43.0,48.50602
88.0,116.65546
132.0,63.187946
102.0,100.92414
97.0,117.61366
482.0,464.94034
110.0,115.357796
132.0,131.73352
132.0,132.16144
38.0,40.367855
170.0,182.5325
88.0,84.47497
92.0,100.32438
132.0,132.14624
124.0,119.15918
104.0,97.17048
132.0,130.61377
101.0,96.7245
132.0,131.52042
94.0,112.99052
52.0,47.747032
174.0,206.06357
76.0,78.33637
186.0,125.6469
229.0,227.58267
170.0,174.52536
132.0,132.16144
228.0,251.68307
77.0,79.37162
136.0,144.8269
75.0,88.81384
132.0,124.21168
78.0,102.480804
89.0,100.82596
133.0,115.82177
194.0,160.38762
132.0,130.91576
132.0,125.3833
137.0,148.85397
128.0,109.38587
212.0,201.45013
129.0,120.776146
175.0,155.24342
81.0,103.20548
500.0,415.13483
89.0,98.49419
89.0,94.43485
45.0,54.178143
98.0,109.98991
97.0,95.11388
81.0,106.67865
195.0,195.98512
67.0,72.961555
112.0,107.54287
392.0,382.18143
263.0,203.56721
27.0,38.941948
172.0,123.00591
91.0,69.56537
43.0,55.44794
132.0,131.55502
288.0,221.1321
500.0,480.3333
74.0,80.81488
419.0,483.9081
378.0,295.43936
250.0,241.23344
89.0,69.06488
32.0,38.701668
132.0,132.16144
167.0,153.81392
115.0,121.77325
194.0,156.33475
422.0,423.32953
132.0,131.80582
146.0,139.24222
132.0,132.16144
94.0,91.48201
412.0,391.38068
338.0,362.34564
129.0,142.21713
322.0,321.52103
99.0,114.252884
147.0,139.15424
500.0,360.08627
132.0,122.76729
109.0,110.89949
312.0,299.71933
132.0,131.71005
132.0,137.09671
109.0,119.661285
120.0,131.20113
107.0,115.50298
132.0,107.48391
98.0,87.92932
132.0,134.29895
49.0,47.741196
61.0,82.38477
61.0,66.087395
132.0,132.14624
362.0,334.83377
132.0,132.14624
100.0,97.49866
500.0,497.2956
284.0,146.90901
113.0,110.52441
72.0,80.74156
132.0,131.76373
97.0,126.20331
72.0,80.34128
33.0,132.16144
85.0,107.752655
161.0,136.65799
132.0,132.14624
136.0,139.39554
233.0,260.6796
137.0,136.03061
85.0,118.47747
108.0,109.45374
327.0,339.88144
122.0,126.65046
51.0,56.025146
132.0,132.14624
53.0,58.87311
175.0,175.78145
132.0,132.16144
171.0,198.00888
170.0,194.51984
132.0,132.16144
399.0,390.39087
132.0,132.16144
132.0,132.0771
132.0,243.93806
132.0,132.16144
246.0,123.48822
93.0,109.134254
141.0,147.85783
132.0,132.16144
77.0,71.957855
132.0,132.16144
242.0,273.96198
101.0,102.782616
56.0,77.44258
122.0,137.73651
98.0,97.22537
132.0,132.0771
263.0,275.55023
390.0,373.732
132.0,79.4952
168.0,128.22403
186.0,185.616
84.0,94.34684
109.0,91.95266
336.0,324.67102
333.0,331.57373
142.0,142.53656
132.0,131.09988
132.0,132.16144
132.0,132.16144
114.0,131.21422
116.0,136.89426
181.0,186.8534
52.0,49.519512
98.0,92.973976
418.0,461.66132
132.0,131.72699
171.0,184.0131
72.0,83.72011
252.0,269.1454
103.0,93.97544
34.0,36.985176
211.0,207.56357
293.0,276.16312
500.0,451.1404
112.0,120.47789
107.0,117.634605
132.0,132.16144
298.0,292.95447
65.0,72.30812
394.0,365.7203
135.0,69.708305
91.0,82.36017
315.0,254.32318
105.0,125.17095
78.0,125.29582
84.0,73.347855
132.0,131.91133
70.0,84.171
85.0,90.5488
94.0,91.728836
132.0,191.51219
313.0,281.99323
132.0,131.90688
403.0,416.1408
132.0,132.16144
67.0,84.56591
270.0,203.76979
132.0,308.42725
62.0,82.53478
132.0,132.16144
91.0,103.773445
132.0,131.90688
124.0,147.42044
132.0,139.51038
191.0,206.81122
308.0,306.2134
36.0,159.86816
132.0,118.0436
132.0,132.16144
345.0,368.5883
132.0,131.91133
50.0,64.932556
121.0,144.2963
77.0,81.06061
50.0,69.248375
132.0,131.76373
152.0,158.17014
321.0,340.987
132.0,310.43756
64.0,76.79152
136.0,152.9154
66.0,84.65691
132.0,132.16144
118.0,108.99832
259.0,296.1749
353.0,347.81363
132.0,132.16144
215.0,235.8377
120.0,101.77716
84.0,87.90164
88.0,107.76847
114.0,122.87064
438.0,413.41666
195.0,220.6553
76.0,68.0027
83.0,72.47497
132.0,132.30365
42.0,50.795532
45.0,53.447304
315.0,403.55872
346.0,347.42334
266.0,251.23285
403.0,404.57584
447.0,439.73404
71.0,83.88991
96.0,89.85564
120.0,127.95259
132.0,132.16144
100.0,100.76359
47.0,56.222004
84.0,100.61463
76.0,74.420815
132.0,124.74613
244.0,284.09567
71.0,77.84652
132.0,132.16144
44.0,54.347927
247.0,255.87245
66.0,52.16521
257.0,133.20547
378.0,335.45874
48.0,62.883087
132.0,122.93686
132.0,120.62658
59.0,67.328636
132.0,132.16144
121.0,142.87639
397.0,358.80795
111.0,98.78954
103.0,107.08185
340.0,344.82062
341.0,313.6585
120.0,121.49193
303.0,321.76453
132.0,132.16144
115.0,96.00358
225.0,278.47244
132.0,132.16144
61.0,80.09401
52.0,49.710762
350.0,359.95624
60.0,65.036224
198.0,124.3939
299.0,276.25653
132.0,132.14624
132.0,132.14624
242.0,236.17868
202.0,193.35645
466.0,393.58786
399.0,363.67026
138.0,127.58005
132.0,132.16144
132.0,145.11821
132.0,132.0771
140.0,203.65364
113.0,107.46425
170.0,144.0522
225.0,170.47499
132.0,132.16144
133.0,126.32609
334.0,317.42188
139.0,137.52737
30.0,52.340046
321.0,306.50073
87.0,93.19393
92.0,109.75153
388.0,368.38916
90.0,90.832
288.0,289.78958
388.0,415.30832
100.0,125.59291
372.0,379.66983
132.0,131.91133
327.0,348.98123
132.0,132.16144
93.0,100.90636
46.0,57.021027
96.0,94.516716
155.0,172.74776
132.0,132.0771
461.0,471.3987
159.0,187.87587
274.0,290.70706
132.0,125.74622
337.0,349.72928
142.0,106.64006
98.0,102.6568
302.0,271.98962
246.0,245.91347
378.0,409.47992
342.0,362.5313
115.0,124.58297
287.0,226.06271
104.0,115.40726
325.0,294.22382
103.0,93.06118
37.0,58.037235
153.0,157.46658
124.0,113.51525
132.0,131.90688
100.0,106.47285
35.0,44.859406
298.0,292.47784
275.0,288.5696
132.0,81.931725
79.0,97.638756
128.0,165.1013
225.0,201.78099
176.0,184.69374
94.0,82.3314
83.0,127.04259
500.0,495.99008
268.0,268.49673
237.0,241.46884
349.0,323.15735
132.0,132.16144
132.0,312.3652
75.0,86.39402
214.0,209.99733
367.0,332.6071
500.0,480.74652
418.0,394.0487
292.0,267.6426
45.0,48.15052
107.0,106.08518
132.0,132.06238
132.0,130.84435
60.0,71.6704
94.0,113.394005
326.0,311.37097
273.0,218.04501
88.0,83.19566
132.0,132.16144
388.0,412.1868
87.0,112.33889
132.0,132.16144
146.0,91.81757
139.0,122.023994
262.0,261.2159
130.0,178.64626
40.0,51.383484
336.0,296.5251
63.0,57.858624
198.0,204.37848
78.0,70.22837
60.0,63.683792
88.0,104.11879
266.0,262.9881
25.0,58.194584
196.0,210.40631
80.0,82.100746
293.0,279.8985
287.0,272.25308
132.0,132.0771
131.0,129.67938
99.0,125.99763
132.0,132.16144
500.0,401.3357
97.0,99.96921
68.0,62.079033
56.0,79.17353
132.0,132.0771
450.0,465.83035
132.0,132.16144
221.0,210.98215
95.0,90.03928
132.0,131.41643
206.0,172.54747
178.0,180.47871
124.0,137.51956
70.0,71.48248
111.0,132.16144
132.0,131.91133
161.0,178.32031
132.0,131.6699
107.0,130.5884
146.0,128.6792
40.0,66.89115
132.0,132.16144
54.0,56.937347
183.0,185.84431
132.0,132.16144
132.0,104.53647
162.0,155.62239
427.0,385.236
132.0,127.91114
132.0,132.16144
53.0,54.182266
113.0,100.65693
215.0,208.58662
132.0,116.978516
297.0,272.22906
132.0,132.16144
497.0,480.71237
132.0,132.16144
72.0,77.16266
52.0,68.017944
102.0,104.3505
75.0,89.03071
500.0,476.3678
247.0,279.0343
136.0,132.74893
106.0,102.06335
363.0,321.36816
45.0,56.90259
31.0,64.99327
132.0,126.74609
132.0,74.748985
132.0,130.49776
113.0,127.43954
232.0,228.61786
134.0,107.786705
304.0,287.7697
75.0,95.088974
102.0,114.4745
99.0,108.8723
132.0,131.73352
132.0,68.2892
270.0,275.31708
358.0,334.27338
400.0,352.35144
112.0,155.2496
63.0,83.181656
132.0,129.97813
134.0,143.09529
246.0,245.04446
102.0,107.323814
73.0,79.37025
93.0,88.72917
288.0,267.08438
175.0,197.39091
178.0,154.75839
138.0,174.61963
101.0,117.212746
77.0,74.29498
136.0,128.93654
439.0,456.54276
126.0,148.70177
100.0,99.31352
255.0,242.347
171.0,170.01973
58.0,73.82792
132.0,132.0771
248.0,164.40442
132.0,132.0771
134.0,134.1294
231.0,211.25443
132.0,131.90688
47.0,57.954147
351.0,340.0578
132.0,132.16144
132.0,132.16144
320.0,303.2198
140.0,168.66562
132.0,131.50223
139.0,185.0632
103.0,90.078224
359.0,308.19858
337.0,322.40646
208.0,220.97627
56.0,66.76744
379.0,405.56302
132.0,132.13687
481.0,444.57382
327.0,304.3399
64.0,74.96331
315.0,346.57788
103.0,124.53725
107.0,114.16129
255.0,289.89197
88.0,92.76139
87.0,60.99242
132.0,111.61169
56.0,92.22119
101.0,109.84995
64.0,71.79326
156.0,165.10031
118.0,125.90203
35.0,44.95788
98.0,76.70758
132.0,132.16144
71.0,71.93146
89.0,75.46603
110.0,119.23566
65.0,79.777855
348.0,333.76785
209.0,222.61156
80.0,100.68702
137.0,136.94276
132.0,138.38467
79.0,66.28207
132.0,134.33815
57.0,68.734215
117.0,116.51208
312.0,300.78918
117.0,113.21566
149.0,168.18977
338.0,360.01895
66.0,75.12241
92.0,117.264854
132.0,62.749935
58.0,63.896305
132.0,130.8964
116.0,112.73386
132.0,131.37239
368.0,301.83664
132.0,132.0771
156.0,119.724075
84.0,98.38522
330.0,371.56754
20.0,34.433712
79.0,73.98174
82.0,120.00072
132.0,245.27013
86.0,100.99444
58.0,64.52134
132.0,131.91133
132.0,135.81485
138.0,142.591
231.0,241.10275
132.0,122.0602
132.0,131.16698
438.0,374.3669
143.0,128.00597
144.0,127.19194
102.0,80.97211
132.0,132.0771
132.0,131.91133
98.0,98.58732
350.0,308.79858
132.0,131.58788
258.0,238.60538
110.0,108.12962
151.0,158.40485
368.0,394.06903
398.0,456.76273
99.0,88.81967
68.0,82.32341
500.0,439.49496
363.0,321.45984
146.0,138.56465
33.0,39.9196
283.0,224.70262
132.0,132.16144
149.0,143.77133
137.0,150.9498
319.0,356.50574
363.0,407.89294
108.0,116.787544
42.0,55.25598
138.0,155.42015
132.0,131.7787
338.0,306.80902
500.0,438.7683
500.0,430.54147
190.0,209.9165
111.0,129.10762
132.0,132.14624
331.0,320.03387
131.0,157.1999
203.0,166.68117
71.0,61.574467
101.0,87.492355
65.0,63.239876
120.0,121.5047
175.0,139.5487
299.0,315.33856
132.0,132.16144
107.0,125.46014
132.0,132.16144
132.0,134.61586
331.0,326.74365
132.0,132.16144
60.0,76.34716
179.0,210.83653
119.0,107.473434
175.0,205.84734
132.0,123.111435
48.0,44.642925
132.0,131.59586
134.0,121.68691
217.0,212.40036
77.0,55.935886
37.0,51.122772
353.0,379.49744
107.0,132.79466
82.0,134.99733
66.0,132.16144
160.0,179.16048
132.0,132.16144
476.0,432.40063
318.0,309.48563
142.0,138.90974
311.0,294.66937
140.0,136.13954
132.0,128.33875
132.0,141.25868
167.0,196.41783
76.0,78.49758
73.0,81.230804
132.0,130.92479
132.0,132.16144
92.0,93.817696
59.0,70.18144
400.0,394.93802
114.0,128.27043
122.0,115.64753
138.0,129.41124
63.0,54.29874
67.0,65.85334
132.0,128.08125
131.0,139.17091
328.0,316.74014
290.0,297.18732
132.0,53.84676
151.0,172.46194
94.0,83.807236
181.0,197.19356
132.0,136.8905
132.0,132.16144
320.0,259.57892
127.0,118.71676
119.0,147.7185
143.0,181.51761
104.0,97.8127
139.0,163.99014
132.0,136.8586
228.0,129.60782
132.0,132.82603
338.0,340.41498
43.0,60.386295
324.0,281.99234
93.0,83.00465
204.0,195.75787
330.0,319.64044
103.0,112.715385
132.0,131.91133
110.0,111.34404
95.0,132.9634
195.0,220.3031
270.0,256.22015
161.0,156.46373
236.0,248.36374
132.0,174.107
132.0,132.16144
280.0,261.7492
169.0,183.31998
132.0,132.16144
69.0,104.682106
132.0,120.76118
93.0,94.4683
100.0,104.66393
129.0,133.81377
51.0,55.253174
132.0,132.16144
132.0,132.16144
38.0,44.822475
132.0,108.05475
98.0,111.25289
106.0,115.96992
62.0,74.84011
133.0,134.99902
188.0,209.06503
235.0,259.68942
215.0,216.7178
35.0,47.578403
500.0,474.9543
132.0,132.16144
255.0,257.91437
161.0,176.41321
207.0,144.66513
132.0,132.16937
305.0,312.0013
255.0,226.27054
183.0,167.3486
414.0,425.56018
115.0,118.14912
132.0,122.53069
398.0,391.49246
88.0,101.08217
216.0,178.39879
58.0,69.26891
96.0,99.47316
113.0,136.63928
61.0,66.724174
374.0,349.89624
150.0,202.29022
158.0,161.7378
132.0,132.16144
95.0,114.669365
183.0,184.65689
55.0,77.45191
107.0,116.103905
129.0,83.26643
500.0,485.06018
76.0,81.17812
104.0,122.175255
77.0,64.81122
63.0,70.11692
246.0,229.19914
113.0,106.3969
83.0,69.72219
247.0,244.19974
266.0,272.59204
352.0,320.73068
381.0,386.0317
121.0,123.320015
111.0,92.36276
348.0,309.2146
82.0,62.584198
303.0,278.31158
111.0,123.40498
132.0,132.16144
132.0,111.96434
122.0,117.045494
170.0,159.01859
69.0,85.37792
402.0,383.37698
100.0,120.4543
500.0,466.13202
52.0,49.023346
298.0,323.34018
46.0,69.39152
500.0,483.7494
107.0,114.189186
116.0,126.4139
112.0,108.26155
356.0,321.50763
126.0,121.471954
162.0,164.0058
244.0,278.69775
132.0,132.16144
95.0,107.205154
432.0,455.54523
232.0,335.4171
111.0,106.077156
132.0,126.3765
49.0,65.2136
104.0,81.07925
297.0,132.16144
216.0,218.90804
132.0,131.80582
390.0,358.1104
129.0,191.84995
129.0,131.15297
87.0,134.09451
64.0,72.127655
500.0,458.50284
140.0,143.61667
62.0,59.753883
35.0,80.2812
500.0,476.25882
305.0,229.5849
415.0,407.94263
132.0,132.16144
83.0,101.22429
125.0,134.53032
100.0,103.190475
180.0,205.99841
123.0,105.962326
346.0,306.9925
122.0,133.10468
120.0,115.32361
72.0,65.597786
500.0,421.07065
182.0,205.68684
87.0,70.028145
410.0,417.4044
173.0,183.76941
132.0,132.16144
132.0,131.90688
77.0,97.45186
500.0,503.72586
34.0,44.97193
364.0,324.778
477.0,478.8691
132.0,132.3591
132.0,132.16144
219.0,170.53203
103.0,107.18612
45.0,61.403397
133.0,130.12933
162.0,169.4513
132.0,132.16144
431.0,413.30133
121.0,117.18542
325.0,358.74667
27.0,41.327415
171.0,166.59189
111.0,84.902214
132.0,121.133064
75.0,94.57092
147.0,150.07701
132.0,132.14624
300.0,319.8036
123.0,135.54677
99.0,126.91095
83.0,96.26974
323.0,342.15863
224.0,243.84142
257.0,280.63547
102.0,119.15924
336.0,342.99084
59.0,64.8039
287.0,280.32025
132.0,132.16144
334.0,230.50108
132.0,132.16144
234.0,193.57384
132.0,132.16144
134.0,139.7184
132.0,131.90688
415.0,418.86768
214.0,178.63626
132.0,132.16144
101.0,58.377914
296.0,288.84436
132.0,127.68019
54.0,69.95713
500.0,486.2755
311.0,308.93024
42.0,55.088387
103.0,98.85624
88.0,94.77223
220.0,244.13136
110.0,109.246735
58.0,71.60462
153.0,162.63864
198.0,241.61139
147.0,155.1463
143.0,175.0884
291.0,246.68605
262.0,241.74883
73.0,98.267494
124.0,114.258484
132.0,132.16144
132.0,132.14624
132.0,132.06238
218.0,226.85382
300.0,293.521
95.0,98.41996
362.0,356.37866
104.0,118.671295
300.0,342.32443
89.0,71.89783
112.0,117.70198
278.0,263.62576
99.0,95.23838
155.0,152.23454
139.0,147.48456
334.0,305.45703
108.0,117.322975
172.0,184.0714
132.0,369.37482
132.0,131.80582
164.0,169.57428
86.0,111.72186
173.0,204.45436
130.0,148.86469
105.0,128.55928
107.0,132.18335
84.0,89.81483
132.0,131.85175
131.0,138.12164
149.0,175.04219
100.0,113.2083
112.0,104.42166
319.0,264.5258
132.0,131.80582
132.0,111.72656
368.0,367.28616
98.0,114.95028
35.0,44.627716
378.0,357.83838
132.0,131.72699
457.0,398.11697
172.0,97.40018
180.0,132.82062
132.0,132.16144
34.0,41.04835
360.0,328.80753
356.0,335.4215
56.0,67.91954
206.0,187.63004
86.0,93.98127
220.0,208.71764
113.0,117.15545
149.0,107.69388
118.0,133.88876
54.0,60.956734
143.0,143.92892
90.0,72.68095
137.0,162.16595
238.0,270.23813
132.0,222.86545
321.0,328.3779
132.0,131.36229
132.0,132.16144
73.0,67.29321
99.0,120.13156
276.0,287.52255
132.0,131.80582
72.0,112.41872
132.0,129.04256
199.0,266.79834
36.0,45.29611
366.0,354.13995
97.0,81.32373
132.0,132.16144
297.0,239.33604
341.0,331.07355
98.0,120.483246
306.0,294.87164
213.0,195.3053
295.0,296.06952
183.0,177.9413
132.0,133.10942
309.0,322.1968
249.0,219.45831
91.0,91.74215
112.0,84.82154
252.0,195.41658
78.0,71.12468
79.0,86.32701
174.0,167.24692
132.0,132.16144
358.0,383.12656
79.0,103.28694
73.0,96.567924
309.0,310.73615
123.0,137.47118
87.0,71.94203
76.0,78.18394
112.0,106.1966
74.0,110.1253
330.0,324.29562
171.0,165.55296
361.0,342.7583
189.0,201.00386
287.0,211.69275
320.0,285.25974
236.0,136.29677
157.0,154.82784
98.0,106.71686
399.0,397.9994
132.0,132.79655
149.0,145.39095
234.0,215.8761
132.0,132.16144
132.0,134.44055
51.0,54.285866
73.0,79.99387
297.0,279.73517
84.0,102.62234
132.0,132.0771
132.0,132.16144
135.0,143.72646
49.0,56.82132
460.0,406.47278
132.0,212.58733
84.0,79.418434
235.0,234.48831
82.0,84.78704
155.0,128.15479
98.0,87.236565
298.0,317.98764
132.0,61.778996
54.0,63.059875
500.0,470.05377
132.0,132.16144
117.0,109.38456
54.0,77.00261
94.0,91.55948
170.0,143.55626
132.0,138.7244
132.0,132.16144
115.0,105.17309
500.0,351.04416
97.0,111.66859
192.0,148.27315
136.0,151.088
388.0,378.70294
132.0,130.88553
102.0,110.56335
112.0,111.32815
76.0,73.3418
170.0,197.92723
90.0,84.45337
84.0,129.4501
61.0,67.47921
62.0,76.05555
132.0,136.90765
285.0,299.98334
305.0,287.51755
170.0,173.78568
102.0,122.298546
72.0,82.48782
94.0,139.34114
132.0,89.5619
74.0,81.26103
60.0,87.47753
106.0,115.870445
267.0,282.50082
312.0,285.09726
132.0,115.920105
231.0,261.8937
188.0,178.04095
132.0,117.64524
52.0,70.77418
95.0,88.80654
148.0,160.47836
130.0,144.18433
255.0,222.78455
320.0,318.5234
41.0,68.928566
134.0,164.30222
59.0,69.70727
33.0,45.890934
109.0,105.07673
132.0,115.80463
78.0,114.71749
170.0,142.27177
71.0,74.15802
67.0,59.524174
35.0,41.87596
132.0,131.91133
161.0,270.398
391.0,400.39325
132.0,131.90688
176.0,212.4303
132.0,100.98565
107.0,123.94169
103.0,126.27373
279.0,232.14708
99.0,107.86057
152.0,136.06667
74.0,57.14395
147.0,153.93213
102.0,89.46178
54.0,73.425385
272.0,340.74612
147.0,143.81326
59.0,59.74964
498.0,435.96838
199.0,198.46152
318.0,287.10626
132.0,132.14624
94.0,75.57829
113.0,65.3922
93.0,94.225624
250.0,242.78766
100.0,107.194374
46.0,61.018867
53.0,65.013306
132.0,132.0771
132.0,64.00701
49.0,58.567528
179.0,208.4637
109.0,114.2174
369.0,341.7947
346.0,340.37958
65.0,74.080025
132.0,128.74922
134.0,140.06012
158.0,95.020546
326.0,372.04782
190.0,200.98254
132.0,132.16144
115.0,125.48942
57.0,67.76835
132.0,131.91133
93.0,113.37348
125.0,106.45684
163.0,166.30486
132.0,135.72768
134.0,88.780334
132.0,105.702095
189.0,204.26273
500.0,132.16144
95.0,119.78184
120.0,115.92787
132.0,135.47906
114.0,114.346375
200.0,162.87993
202.0,205.49477
79.0,75.18528
314.0,321.76425
247.0,189.77113
87.0,97.930824
269.0,263.6128
168.0,202.82094
158.0,150.41707
71.0,93.17605
102.0,129.79924
149.0,140.4178
224.0,231.113
186.0,192.40407
153.0,165.66267
167.0,175.4028
132.0,261.99026
142.0,135.92508
94.0,95.767
132.0,131.80582
362.0,370.35944
407.0,368.44156
324.0,352.29446
158.0,152.19038
132.0,132.16144
111.0,115.81652
333.0,314.24805
99.0,92.94257
162.0,155.9931
250.0,231.66855
120.0,170.40634
132.0,132.16144
121.0,146.02968
128.0,154.41063
141.0,212.08136
98.0,96.176315
185.0,130.07022
47.0,65.12755
94.0,135.39691
250.0,314.51834
132.0,131.90688
113.0,122.765785
121.0,123.78203
308.0,282.42062
92.0,71.57221
90.0,93.95461
132.0,124.65808
69.0,63.57
176.0,135.63126
113.0,114.28863
132.0,126.396935
111.0,100.5662
394.0,467.90707
107.0,125.16317
132.0,131.91133
111.0,114.083305
299.0,278.69168
52.0,69.026436
379.0,352.34
132.0,130.9546
225.0,218.41814
339.0,350.9824
62.0,78.992714
210.0,186.84909
354.0,366.39255
137.0,141.6127
132.0,133.90218
148.0,107.54117
165.0,151.2624
146.0,132.2381
500.0,440.43396
132.0,131.92761
88.0,87.05618
132.0,133.17154
216.0,240.8966
66.0,85.32911
119.0,122.01696
43.0,77.15359
213.0,220.34573
355.0,352.94232
128.0,149.39339
132.0,136.32005
132.0,131.69267
43.0,61.86807
66.0,69.07223
97.0,84.20263
92.0,134.02278
132.0,132.0771
56.0,67.28194
161.0,161.86125
375.0,374.62128
153.0,136.51242
211.0,179.69177
94.0,92.641975
240.0,239.79088
87.0,117.90892
208.0,213.50873
250.0,272.04053
112.0,127.000786
132.0,131.69267
76.0,75.631004
132.0,131.91133
132.0,400.17297
133.0,137.89557
235.0,247.10138
91.0,91.440125
132.0,131.91133
132.0,131.90688
71.0,83.698524
132.0,127.471245
156.0,162.78647
88.0,98.716774
89.0,105.685715
190.0,172.5881
179.0,200.37233
136.0,71.125534
70.0,73.03046
284.0,236.42938
50.0,63.052185
185.0,89.898735
122.0,136.81412
194.0,230.49873
61.0,85.2972
335.0,312.39853
132.0,131.69267
131.0,109.78841
118.0,101.81917
235.0,298.942
80.0,78.327545
132.0,132.06238
132.0,117.911644
228.0,219.6363
213.0,228.7089
243.0,250.57516
119.0,118.55801
61.0,68.51835
132.0,131.90688
83.0,113.62872
132.0,132.16144
132.0,131.90688
18.0,132.16144
476.0,470.85983
111.0,115.05517
257.0,236.94243
498.0,484.5031
132.0,132.16144
337.0,348.74857
174.0,168.03362
347.0,317.60776
60.0,68.10537
118.0,139.87785
132.0,132.16144
74.0,63.366074
98.0,121.04149
132.0,131.72699
132.0,331.412
32.0,62.388153
108.0,109.17465
132.0,137.36742
132.0,132.16144
123.0,143.48454
132.0,132.16144
128.0,128.75896
106.0,118.51853
65.0,67.27083
321.0,413.14636
117.0,103.52517
132.0,137.65796
43.0,56.16722
36.0,44.23468
132.0,126.14789
50.0,52.91062
132.0,132.16144
56.0,72.5065
66.0,66.42265
91.0,97.63677
132.0,131.90688
315.0,308.52225
56.0,56.426323
135.0,234.1365
385.0,434.74982
92.0,95.454056
80.0,104.64813
141.0,116.078636
132.0,132.16144
34.0,45.20492
109.0,106.942055
224.0,231.75525
184.0,232.35333
92.0,98.15477
84.0,76.7463
252.0,227.7036
132.0,154.44084
54.0,55.265198
172.0,159.5802
193.0,170.1402
133.0,110.905235
156.0,155.83958
132.0,132.06238
82.0,97.36093
125.0,121.29696
217.0,137.26424
132.0,132.16144
107.0,113.66677
132.0,123.9331
120.0,82.92225
324.0,307.31717
500.0,476.5975
155.0,160.83582
167.0,142.40799
117.0,139.00465
132.0,131.73352
99.0,109.43243
132.0,131.80582
137.0,164.29097
80.0,85.47683
132.0,132.16144
278.0,256.89664
94.0,93.68141
75.0,81.72364
132.0,132.16144
52.0,66.238235
127.0,150.526
132.0,131.72699
44.0,58.787712
284.0,258.92444
89.0,115.96283
103.0,135.41554
294.0,274.5238
56.0,60.814034
324.0,303.0893
71.0,76.18285
366.0,401.66904
132.0,132.16144
108.0,111.95012
132.0,131.91133
132.0,132.16144
420.0,426.42282
202.0,222.53961
314.0,294.11646
129.0,110.273254
158.0,174.8689
69.0,93.55142
92.0,114.544
132.0,102.076065
336.0,257.53537
114.0,88.806496
132.0,131.90688
168.0,135.51196
132.0,138.46783
102.0,116.94321
132.0,211.7758
62.0,41.43117
132.0,131.90688
10.0,64.10819
341.0,305.05997
226.0,239.43242
132.0,155.08478
219.0,213.04372
132.0,132.16144
115.0,107.31137
412.0,427.80597
319.0,298.633
132.0,132.16144
349.0,368.04868
481.0,484.59747
184.0,208.34505
132.0,131.73352
60.0,72.35683
157.0,158.53381
132.0,132.16144
276.0,189.9314
132.0,124.74018
173.0,161.66743
216.0,205.80185
85.0,97.26735
362.0,432.6351
163.0,138.35965
47.0,59.05603
117.0,115.64324
112.0,69.254234
84.0,106.01997
171.0,161.693
64.0,65.465805
68.0,70.9505
98.0,105.763916
122.0,122.692276
132.0,342.5916
66.0,84.24153
162.0,112.15728
284.0,240.95029
132.0,130.51338
132.0,132.16144
132.0,131.80582
397.0,386.32758
314.0,228.40005
467.0,499.52637
100.0,116.09924
92.0,100.00499
342.0,298.11142
237.0,184.16316
109.0,120.88973
30.0,39.465443
74.0,72.20306
132.0,131.91133
262.0,287.8988
43.0,51.715908
294.0,303.33878
132.0,132.0771
177.0,156.14917
161.0,149.11551
192.0,202.12169
153.0,144.10388
109.0,109.326515
132.0,131.47668
142.0,169.72401
132.0,132.16144
279.0,259.02963
316.0,322.7451
97.0,103.97648
136.0,124.46752
70.0,78.658424
71.0,63.12436
68.0,87.30143
132.0,77.69067
186.0,189.55408
168.0,205.79631
132.0,140.26411
132.0,132.16144
232.0,175.9554
310.0,284.9121
268.0,196.28572
309.0,304.93546
132.0,132.16144
80.0,91.72381
120.0,147.70001
313.0,319.12408
301.0,310.2402
342.0,304.11636
120.0,115.136406
93.0,124.581055
132.0,131.91133
195.0,203.5951
345.0,316.1537
370.0,365.7475
184.0,194.9166
142.0,135.89894
144.0,72.10041
44.0,52.119812
294.0,203.59062
280.0,243.90257
163.0,172.31953
227.0,244.81203
132.0,132.16144
102.0,108.65023
148.0,282.56897
112.0,121.150246
139.0,153.8583
186.0,142.78183
333.0,371.9172
362.0,357.16678
116.0,125.79087
320.0,304.6738
132.0,132.0771
299.0,294.16214
132.0,72.43685
132.0,132.16937
33.0,43.390396
84.0,79.41233
73.0,73.243614
98.0,116.70036
132.0,79.660095
49.0,66.28198
85.0,111.66749
328.0,256.73923
304.0,273.7542
139.0,114.16822
156.0,133.78505
180.0,174.10703
53.0,57.10154
132.0,182.49707
444.0,411.6658
195.0,191.48593
361.0,336.6333
216.0,173.07799
425.0,423.44742
97.0,108.26574
396.0,372.35605
169.0,157.05241
344.0,280.1473
119.0,124.67442
132.0,119.44384
132.0,132.16144
99.0,88.90906
112.0,120.18335
52.0,55.444252
301.0,275.18283
307.0,306.4415
137.0,152.19435
134.0,140.9825
117.0,73.78567
243.0,215.38141
280.0,278.92862
201.0,192.89563
78.0,81.794106
93.0,193.10628
90.0,114.73242
114.0,110.37261
103.0,103.649
70.0,117.61927
132.0,132.14624
73.0,95.24438
132.0,132.16144
123.0,115.454926
132.0,132.16144
93.0,110.64532
132.0,132.16144
132.0,127.20125
110.0,90.867714
104.0,112.25279
112.0,95.709564
94.0,100.58275
222.0,254.26825
117.0,136.62071
117.0,101.07534
59.0,65.28462
30.0,36.532085
109.0,85.29477
434.0,412.94254
120.0,121.5188
102.0,125.38326
127.0,111.85416
52.0,63.033684
277.0,246.95529
65.0,82.64676
127.0,105.12627
132.0,132.16144
132.0,131.71205
214.0,111.10942
154.0,138.61827
97.0,93.15515
302.0,289.58234
60.0,72.08404
87.0,68.64599
147.0,151.51108
132.0,131.91133
305.0,289.65762
60.0,109.44714
136.0,113.00069
500.0,446.2249
132.0,131.73352
108.0,87.91572
48.0,61.90685
271.0,355.4184
99.0,96.273834
325.0,302.46854
284.0,305.14426
132.0,129.84218
70.0,95.74108
77.0,77.94072
132.0,130.08636
132.0,132.16144
47.0,69.01041
261.0,294.3459
132.0,139.8904
97.0,103.61305
150.0,211.67694
132.0,122.78355
189.0,203.10033
96.0,121.64112
123.0,106.80172
314.0,355.94113
106.0,108.07534
82.0,81.93994
132.0,131.91133
132.0,77.77598
103.0,116.364914
132.0,131.91133
168.0,151.02727
483.0,435.016
259.0,196.91327
132.0,131.91133
73.0,68.71485
166.0,175.36592
68.0,65.374245
460.0,452.53973
322.0,348.37335
134.0,137.71097
132.0,133.60277
42.0,63.048145
282.0,257.78113
153.0,162.20464
132.0,132.14624
58.0,58.940105
132.0,132.16144
68.0,63.41462
72.0,75.302536
297.0,300.90942
132.0,132.16144
100.0,123.08236
253.0,210.59961
87.0,87.38018
91.0,71.78834
66.0,79.53207
90.0,104.07594
205.0,191.45128
192.0,132.30186
82.0,99.96713
114.0,122.46938
53.0,64.17594
83.0,116.324135
39.0,55.173103
126.0,94.41149
133.0,132.4211
48.0,61.033104
325.0,309.61823
132.0,132.0771
154.0,134.11049
132.0,132.16144
128.0,132.55672
132.0,132.16144
77.0,100.091255
108.0,122.73475
46.0,49.504936
92.0,84.21845
219.0,223.27675
142.0,175.02524
356.0,350.00842
129.0,122.74692
439.0,359.37955
224.0,108.925804
50.0,68.293274
283.0,325.68198
302.0,424.88022
286.0,261.35037
143.0,145.69092
105.0,113.4129
132.0,131.0111
132.0,126.947975
246.0,284.42462
269.0,232.5
119.0,117.19977
166.0,148.15184
76.0,117.28963
45.0,46.84821
283.0,281.86868
152.0,165.74242
317.0,313.17346
51.0,61.085205
122.0,109.163826
439.0,398.90314
319.0,293.86646
133.0,153.38922
303.0,250.18018
99.0,87.23847
131.0,151.95105
47.0,119.0023
358.0,371.28256
132.0,131.72699
132.0,132.16144
500.0,495.8405
448.0,461.84262
132.0,301.53036
159.0,133.29997
132.0,131.91133
68.0,73.26766
438.0,433.8643
132.0,131.73352
103.0,115.66395
48.0,54.568436
70.0,69.46512
68.0,86.942406
132.0,130.79999
49.0,58.609043
87.0,90.11914
500.0,461.96588
184.0,168.21338
500.0,503.48932
83.0,68.55441
319.0,238.18658
135.0,115.96068
73.0,93.068
104.0,109.61207
372.0,384.4745
63.0,70.50855
132.0,96.610596
132.0,321.159
132.0,132.14624
105.0,112.65545
50.0,90.48476
219.0,208.449
258.0,208.49326
85.0,105.800316
300.0,280.12244
159.0,123.93069
137.0,89.17785
132.0,132.4
500.0,430.26535
366.0,309.156
157.0,152.86
132.0,132.16937
43.0,54.282955
128.0,112.97056
335.0,279.80502
46.0,57.020348
341.0,311.86383
105.0,105.55264
323.0,305.38327
42.0,55.570927
182.0,196.42465
343.0,142.97606
132.0,132.14624
132.0,132.16144
132.0,132.16144
118.0,127.22056
104.0,131.01964
195.0,66.57438
129.0,175.57744
77.0,81.94667
279.0,321.1565
112.0,143.58556
376.0,367.27228
110.0,123.77162
61.0,63.069004
288.0,296.27673
299.0,296.83408
135.0,93.47664
48.0,50.279877
146.0,170.19086
92.0,96.08926
73.0,89.44202
94.0,95.443596
72.0,76.176926
270.0,281.25922
164.0,158.71378
106.0,132.77031
127.0,137.94173
147.0,136.17603
97.0,102.57827
196.0,141.36812
277.0,272.0859
57.0,71.83458
132.0,132.16937
106.0,115.64976
136.0,154.46317
326.0,329.06235
173.0,182.88419
306.0,279.892
195.0,105.28157
57.0,59.934418
132.0,132.16144
253.0,291.41153
346.0,331.9489
222.0,250.984
73.0,75.4727
40.0,52.848637
64.0,79.04196
132.0,132.16144
18.0,34.400864
87.0,101.628685
76.0,74.58693
132.0,131.90688
101.0,99.05566
103.0,95.68299
132.0,132.16144
132.0,120.58047
132.0,131.70583
234.0,188.90312
62.0,80.86889
184.0,193.03835
132.0,120.45106
132.0,140.0835
104.0,101.14052
71.0,73.969635
195.0,200.54988
144.0,148.42047
58.0,105.2385
153.0,171.25023
132.0,133.46416
168.0,175.41978
64.0,79.4127
155.0,167.22527
87.0,88.7173
129.0,127.67184
112.0,113.41076
199.0,241.366
95.0,143.77637
132.0,152.5307
153.0,217.26222
224.0,200.55467
122.0,90.47067
68.0,87.654205
80.0,102.18639
257.0,225.6151
500.0,473.45755
37.0,65.94741
132.0,132.16144
42.0,53.516315
49.0,54.48411
189.0,224.22679
98.0,101.13151
132.0,131.69267
366.0,381.53043
181.0,221.96947
150.0,163.28633
146.0,115.232864
85.0,64.23147
357.0,427.52573
343.0,326.586
50.0,69.8483
145.0,158.37065
132.0,131.72699
128.0,110.56001
347.0,350.17145
147.0,161.56703
163.0,178.06375
324.0,334.10605
142.0,144.45557
108.0,137.31674
328.0,334.53427
141.0,127.749435
327.0,309.12244
132.0,132.16144
451.0,399.3766
38.0,39.796844
135.0,128.10799
312.0,279.6479
183.0,162.5554
132.0,100.07081
311.0,316.37042
263.0,259.17767
132.0,132.16144
132.0,156.8073
236.0,231.9534
54.0,78.99549
34.0,52.58909
132.0,132.0771
213.0,169.13202
48.0,48.93859
320.0,305.77783
205.0,215.66467
115.0,115.57221
48.0,64.34834
132.0,132.16144
500.0,463.02692
112.0,134.82655
193.0,236.61812
416.0,433.88806
80.0,98.768585
188.0,187.00383
347.0,370.69974
160.0,173.50229
218.0,225.37262
132.0,132.16144
132.0,132.0771
73.0,90.73428
143.0,134.57693
255.0,212.98712
78.0,64.55735
74.0,87.357574
137.0,96.697556
92.0,84.84772
68.0,128.44154
132.0,132.16144
100.0,77.42729
59.0,71.639305
407.0,427.3359
78.0,92.731636
203.0,225.20688
250.0,250.8548
286.0,287.34805
246.0,232.51031
429.0,431.6903
92.0,102.94995
264.0,240.40753
404.0,419.3929
67.0,71.93295
144.0,145.86855
29.0,54.93589
171.0,178.66768
132.0,131.90688
132.0,132.16144
115.0,118.54672
132.0,132.16144
138.0,124.84953
120.0,103.19411
132.0,131.90688
132.0,132.16144
200.0,171.01108
210.0,233.02771
337.0,323.11752
255.0,227.39845
64.0,78.85486
228.0,147.42017
101.0,92.468895
360.0,312.71182
148.0,180.26021
121.0,140.05652
207.0,170.6389
132.0,131.80582
132.0,131.80582
262.0,265.80994
132.0,132.16144
62.0,56.73944
175.0,186.63452
62.0,61.970993
103.0,104.72665
121.0,140.50783
174.0,155.8701
45.0,52.0963
174.0,174.36308
70.0,71.26506
61.0,73.039085
41.0,60.3932
132.0,132.0771
132.0,132.0771
102.0,93.00806
68.0,84.10198
303.0,227.67006
132.0,220.46208
228.0,225.14017
104.0,102.96212
132.0,131.6699
132.0,131.72699
117.0,125.711784
50.0,57.710205
404.0,357.2712
81.0,82.02277
89.0,105.11305
132.0,131.80582
161.0,132.16144
106.0,121.42225
78.0,72.63074
132.0,135.6725
91.0,100.15023
78.0,82.70783
132.0,132.16144
377.0,376.74445
48.0,59.259453
146.0,135.6295
302.0,301.29956
64.0,82.470604
89.0,101.26135
283.0,218.42406
136.0,138.5684
131.0,152.2212
124.0,119.44817
247.0,270.7635
306.0,133.02379
88.0,98.48504
132.0,61.720238
132.0,132.06238
100.0,81.89391
307.0,319.28384
132.0,132.16144
302.0,281.7872
154.0,267.70123
132.0,121.38324
183.0,111.619156
66.0,72.11121
132.0,132.64848
132.0,132.16144
76.0,64.70284
74.0,90.66235
305.0,272.31702
132.0,132.16144
370.0,378.87402
26.0,58.522785
333.0,278.73508
83.0,78.60721
165.0,199.33687
318.0,333.10413
188.0,190.35863
96.0,101.01703
477.0,440.22412
45.0,58.586773
50.0,48.55239
187.0,165.52405
132.0,127.38022
352.0,345.54834
500.0,484.60587
338.0,272.7149
132.0,132.16144
149.0,142.17677
450.0,368.44568
289.0,276.57718
80.0,137.5846
83.0,88.191765
340.0,308.75394
132.0,122.16772
72.0,72.55232
79.0,90.92536
132.0,131.55342
67.0,92.133316
361.0,340.88184
313.0,314.63058
156.0,189.86536
105.0,134.67511
102.0,116.53495
132.0,125.825096
113.0,125.33112
46.0,63.71088
98.0,85.20337
123.0,142.41414
154.0,148.87302
73.0,80.67744
339.0,308.30173
312.0,325.23178
337.0,339.0074
132.0,132.16144
171.0,124.887054
342.0,346.26584
101.0,97.561104
78.0,81.45707
193.0,197.3846
256.0,246.67848
67.0,68.89239
120.0,113.288445
132.0,131.7787
132.0,132.0771
197.0,202.46138
19.0,36.38285
337.0,228.11311
150.0,154.26476
62.0,75.67024
48.0,68.00692
53.0,47.783085
132.0,132.16144
90.0,103.57536
114.0,114.81865
153.0,172.87018
85.0,79.83036
170.0,195.79556
64.0,61.720856
149.0,184.88986
145.0,137.44081
171.0,142.93723
319.0,249.88556
252.0,258.53946
106.0,112.50135
117.0,119.21034
111.0,111.88852
47.0,63.093235
132.0,127.08408
131.0,118.52843
300.0,272.17044
132.0,128.31435
132.0,132.16144
132.0,131.72699
164.0,170.58957
86.0,88.91905
84.0,95.06159
161.0,167.88997
319.0,337.27597
500.0,470.8215
150.0,140.75174
117.0,108.70713
132.0,131.73352
77.0,64.7005
96.0,95.94748
100.0,114.32193
303.0,295.66693
336.0,332.88116
312.0,309.91568
204.0,183.35513
207.0,133.05048
256.0,281.23608
95.0,73.51334
51.0,69.03646
264.0,224.67564
39.0,50.760315
132.0,119.40416
75.0,101.23429
132.0,111.73586
237.0,242.61914
141.0,123.56846
204.0,216.08046
229.0,136.31953
396.0,310.25473
204.0,193.41035
413.0,358.86395
78.0,69.239426
316.0,293.0258
325.0,297.30566
132.0,131.90688
178.0,200.598
76.0,70.54517
132.0,131.76373
163.0,168.96034
136.0,130.08495
194.0,147.68124
132.0,150.10562
46.0,47.99011
73.0,139.41486
132.0,205.53926
132.0,87.20311
313.0,301.41592
42.0,63.073956
132.0,131.84813
297.0,277.5296
120.0,143.25877
32.0,68.50948
127.0,124.98688
282.0,243.33203
167.0,269.75714
25.0,45.249752
119.0,138.54749
326.0,328.24017
136.0,129.77197
132.0,132.16144
74.0,105.8708
132.0,132.16144
135.0,145.40443
36.0,62.16959
104.0,138.31635
132.0,132.16144
114.0,102.35355
132.0,92.44076
132.0,131.91133
231.0,199.60016
132.0,131.9267
118.0,118.901924
488.0,412.30832
336.0,289.61343
104.0,90.885475
145.0,122.10107
132.0,132.0771
384.0,383.95813
500.0,493.07764
227.0,233.79277
104.0,105.99295
146.0,150.96873
158.0,168.77364
94.0,116.477974
190.0,172.39171
255.0,242.74532
218.0,242.92981
57.0,67.356895
78.0,67.57115
55.0,79.43969
181.0,174.47136
99.0,102.024414
61.0,66.50626
119.0,105.911224
185.0,191.36241
394.0,439.61215
72.0,121.33168
305.0,272.70233
48.0,51.18214
132.0,131.91133
100.0,95.951256
96.0,140.70258
115.0,128.19568
198.0,196.8317
108.0,136.93585
85.0,90.90547
78.0,69.181984
294.0,286.74307
348.0,350.09778
500.0,485.35788
132.0,132.14624
132.0,131.91133
427.0,404.51712
190.0,96.50137
122.0,103.15194
132.0,134.38097
350.0,320.14005
158.0,150.3145
86.0,75.13956
170.0,149.53038
87.0,128.25778
25.0,40.799767
132.0,132.16144
132.0,132.16144
96.0,95.2818
228.0,275.56116
87.0,87.96819
395.0,386.79593
262.0,242.21925
264.0,201.32616
128.0,115.84506
154.0,107.21898
89.0,116.311455
55.0,55.43116
132.0,131.91133
78.0,103.05505
129.0,119.18447
82.0,102.031715
132.0,132.16144
371.0,314.5649
270.0,203.72565
38.0,45.844547
57.0,59.277355
396.0,429.55215
86.0,92.07253
142.0,127.351425
335.0,337.067
54.0,62.263264
82.0,105.63409
250.0,202.83081
291.0,308.78232
74.0,77.02747
132.0,132.16144
132.0,132.16144
491.0,436.2341
132.0,128.42476
238.0,314.1325
132.0,132.16144
381.0,372.8592
132.0,132.16144
90.0,100.69517
106.0,105.04996
108.0,100.61306
500.0,492.96292
60.0,62.259274
323.0,345.3164
135.0,148.19937
467.0,425.56558
208.0,185.95654
401.0,357.36896
71.0,87.85761
500.0,377.22507
105.0,109.338974
114.0,120.00312
396.0,397.8862
79.0,80.34215
132.0,131.90688
298.0,254.18777
90.0,94.49805
237.0,213.52315
350.0,385.2669
88.0,110.39165
132.0,132.14624
132.0,131.91133
148.0,152.04468
70.0,83.74774
113.0,114.088936
314.0,273.11057
149.0,77.70024
220.0,234.05351
298.0,288.43277
132.0,274.95428
132.0,132.16144
340.0,332.3253
330.0,325.3935
345.0,347.6642
209.0,268.7517
61.0,60.746853
321.0,306.8049
402.0,371.27145
132.0,132.16144
60.0,104.87348
156.0,161.75853
72.0,83.27045
51.0,64.911674
263.0,233.82866
244.0,195.30461
164.0,151.6132
84.0,90.11593
132.0,132.16144
132.0,211.61517
107.0,103.43698
132.0,131.69267
500.0,474.45956
164.0,116.29308
49.0,54.758446
255.0,201.32288
500.0,489.06662
132.0,131.80582
132.0,112.6233
318.0,300.3273
404.0,364.92935
95.0,124.86602
82.0,138.7262
83.0,85.670334
49.0,56.267704
347.0,344.85114
132.0,128.8824
88.0,100.04515
224.0,174.90385
132.0,132.16144
393.0,400.38025
98.0,114.202385
135.0,146.27931
111.0,101.52963
152.0,137.82727
152.0,161.42036
132.0,132.16144
209.0,202.46611
372.0,344.07916
388.0,391.545
132.0,119.46916
129.0,127.19102
332.0,326.13098
132.0,132.16144
151.0,159.39536
102.0,103.71285
132.0,131.91133
132.0,81.69983
170.0,201.02243
132.0,96.17023
144.0,134.79848
132.0,131.73352
132.0,126.79894
150.0,141.1635
323.0,335.05304
132.0,132.16144
124.0,125.742256
253.0,283.0504
95.0,113.11384
343.0,265.47232
418.0,414.52643
132.0,127.501465
132.0,131.90688
79.0,95.68052
154.0,169.63538
132.0,132.06238
261.0,242.77342
86.0,90.74251
227.0,233.02544
343.0,329.19308
348.0,349.77402
77.0,88.519905
396.0,335.54578
329.0,330.8189
100.0,133.72769
44.0,57.269928
439.0,405.48935
71.0,87.11299
103.0,101.82964
129.0,120.75296
109.0,98.922165
139.0,139.02164
273.0,288.3485
73.0,94.49389
101.0,103.83527
116.0,119.35813
330.0,314.05542
60.0,77.340706
318.0,327.2312
132.0,132.16144
180.0,195.94093
99.0,93.152405
500.0,405.95035
209.0,224.50153
54.0,66.080124
360.0,378.12476
117.0,86.93281
92.0,104.364075
132.0,130.6715
185.0,177.19765
127.0,136.62555
163.0,153.9314
49.0,73.32116
134.0,145.7498
62.0,79.8243
114.0,116.91707
67.0,68.23213
69.0,81.63751
94.0,114.807526
118.0,88.79853
362.0,385.3164
59.0,54.462265
329.0,337.67136
53.0,57.785915
104.0,106.857765
347.0,330.59995
232.0,265.8003
161.0,147.54831
122.0,138.5915
55.0,47.748756
204.0,182.79346
106.0,101.927704
87.0,108.10313
132.0,132.0771
132.0,127.51256
80.0,104.36579
132.0,96.9717
86.0,117.81423
132.0,131.68188
64.0,57.337807
220.0,249.20496
120.0,152.35808
132.0,147.79892
399.0,435.57574
309.0,316.81738
132.0,156.12427
48.0,62.45272
119.0,142.08356
112.0,111.05197
43.0,55.95563
114.0,137.35385
47.0,57.546585
214.0,248.52898
94.0,113.380486
132.0,132.93321
102.0,114.823
118.0,136.24733
234.0,237.1168
217.0,187.90714
132.0,139.20267
257.0,239.3746
359.0,346.57135
170.0,140.11182
132.0,132.16144
446.0,424.79297
56.0,60.05359
305.0,293.8608
284.0,305.50558
132.0,131.91133
132.0,56.896076
232.0,235.95197
43.0,58.122223
50.0,59.60833
174.0,184.45496
132.0,131.90688
161.0,146.66101
137.0,135.7945
172.0,192.04263
109.0,114.95761
96.0,138.6604
119.0,134.32013
87.0,112.98615
135.0,112.78052
132.0,132.16144
119.0,137.68779
237.0,285.88217
88.0,65.54772
181.0,164.49117
117.0,146.25793
260.0,272.27145
116.0,116.6936
175.0,216.2088
86.0,78.67372
112.0,125.26686
132.0,132.16144
337.0,351.53128
132.0,132.14624
156.0,128.81262
132.0,131.72699
100.0,96.63143
80.0,92.68058
117.0,113.86666
138.0,149.808
295.0,288.2026
321.0,277.55273
312.0,274.66254
182.0,226.7446
109.0,105.70822
287.0,170.11995
132.0,131.90688
107.0,119.42196
127.0,142.05672
163.0,104.51508
126.0,131.48904
139.0,139.24161
74.0,85.00836
411.0,342.69543
132.0,133.46194
94.0,88.04461
297.0,314.49408
125.0,125.37035
86.0,113.1985
202.0,209.78566
132.0,131.73352
137.0,133.51685
38.0,47.620575
108.0,110.30414
132.0,132.16144
114.0,106.64166
132.0,131.90688
66.0,68.7742
132.0,131.72699
132.0,64.065384
209.0,220.31071
444.0,396.90167
299.0,286.06284
301.0,283.35287
132.0,130.90082
313.0,290.10385
132.0,100.24242
40.0,50.538525
74.0,74.33063
180.0,125.8492
131.0,114.63363
56.0,64.34427
275.0,254.44936
132.0,92.71675
253.0,289.92368
47.0,45.89825
229.0,255.77747
59.0,72.46858
132.0,104.9922
132.0,131.80582
302.0,270.90057
62.0,71.89125
223.0,260.20602
82.0,93.70545
328.0,333.75366
132.0,131.90688
146.0,155.75029
301.0,268.44928
327.0,355.30435
153.0,174.09161
73.0,75.545
132.0,130.80766
132.0,131.84375
118.0,135.7339
48.0,62.673904
132.0,120.72612
59.0,60.00823
272.0,271.2345
70.0,105.253845
198.0,208.24127
82.0,94.06147
116.0,124.91712
132.0,132.16144
477.0,358.52844
205.0,170.37294
105.0,109.145744
302.0,236.64009
397.0,474.80383
364.0,349.41263
164.0,104.54946
180.0,199.27756
122.0,130.98625
122.0,104.816475
151.0,154.04259
279.0,290.59335
293.0,306.8025
372.0,360.12088
111.0,97.5809
132.0,132.16144
322.0,323.80322
52.0,84.50648
128.0,132.16144
132.0,132.0771
268.0,298.61646
48.0,60.783398
132.0,119.64047
228.0,139.52478
373.0,363.06915
34.0,59.51038
132.0,146.68893
132.0,132.0771
198.0,221.86115
46.0,94.80557
312.0,299.1578
386.0,363.54025
299.0,293.98492
79.0,82.92969
200.0,230.30658
64.0,81.07256
132.0,132.16937
132.0,133.89203
93.0,99.36251
40.0,59.02359
144.0,122.95465
310.0,298.2848
113.0,127.62756
286.0,276.2608
65.0,71.627174
118.0,124.21664
128.0,126.12895
132.0,132.16144
133.0,143.47519
178.0,156.69324
57.0,71.68929
49.0,68.74009
213.0,164.61261
132.0,132.16144
294.0,318.9528
58.0,71.549545
162.0,183.80464
132.0,163.50072
202.0,287.37973
132.0,131.72699
83.0,63.598705
357.0,330.35434
54.0,68.87095
151.0,152.57394
87.0,96.478485
132.0,131.90688
351.0,351.00732
29.0,38.11497
116.0,141.74883
219.0,262.1317
54.0,71.59375
126.0,117.464035
101.0,120.9181
132.0,82.191444
178.0,179.33946
88.0,84.02058
302.0,317.02484
336.0,356.7119
392.0,386.62418
73.0,89.05559
233.0,258.25943
76.0,85.75029
61.0,56.53555
154.0,144.69276
132.0,131.91133
132.0,212.94762
40.0,49.914356
53.0,65.06088
371.0,359.26935
62.0,75.411545
88.0,76.407745
214.0,187.79683
176.0,165.1989
500.0,480.77322
66.0,68.31622
92.0,100.49289
357.0,365.1377
55.0,64.21286
51.0,44.333733
132.0,131.90688
190.0,187.70992
228.0,192.66437
101.0,93.011856
68.0,84.88539
93.0,98.00263
105.0,109.23595
149.0,133.36928
112.0,112.825676
150.0,143.49586
134.0,131.23506
198.0,229.35483
115.0,128.87946
374.0,435.12036
115.0,126.893486
86.0,93.52344
31.0,43.021843
29.0,38.357304
132.0,132.16144
62.0,74.282845
72.0,87.81624
132.0,126.66526
119.0,129.56464
175.0,121.10936
134.0,122.17001
181.0,203.64655
132.0,131.80582
63.0,67.41357
89.0,89.34782
132.0,132.16144
132.0,121.84242
321.0,326.38672
132.0,73.46076
120.0,98.12157
201.0,230.01732
48.0,68.531334
147.0,150.85124
107.0,112.88692
243.0,212.41743
117.0,121.45097
356.0,302.2208
132.0,111.42121
83.0,57.042156
108.0,106.971504
316.0,285.237
132.0,95.08396
168.0,143.04088
132.0,131.91133
55.0,70.43734
401.0,405.63217
140.0,153.00821
330.0,240.0615
322.0,313.96555
132.0,132.16144
98.0,84.890465
331.0,304.57684
100.0,159.52542
77.0,87.95513
142.0,107.37984
132.0,131.69267
166.0,169.82024
97.0,71.479126
244.0,273.95706
120.0,113.93922
161.0,156.03653
132.0,131.69267
103.0,123.74388
143.0,133.92525
215.0,218.27344
319.0,319.67853
132.0,132.16144
353.0,364.1245
224.0,177.07687
132.0,132.16144
132.0,131.72699
132.0,131.90688
179.0,132.18109
81.0,69.11193
83.0,93.74743
42.0,50.669327
181.0,179.5967
102.0,105.47499
48.0,70.49747
132.0,132.16144
132.0,132.39433
132.0,132.16144
180.0,260.0671
60.0,89.84772
253.0,120.90098
176.0,204.40091
457.0,380.6514
132.0,131.62419
132.0,132.0771
68.0,72.78382
115.0,100.839645
117.0,135.47127
132.0,138.10544
288.0,259.58145
500.0,467.8569
122.0,138.75801
58.0,64.734924
122.0,125.708984
197.0,245.57487
402.0,349.45792
127.0,148.27637
58.0,61.70896
310.0,288.28262
291.0,279.75812
132.0,132.16144
166.0,172.36017
50.0,59.25174
126.0,107.07775
464.0,447.62946
184.0,164.63374
160.0,297.7108
115.0,114.193634
150.0,160.43983
96.0,72.187256
110.0,116.86607
36.0,51.465824
120.0,97.432465
287.0,296.90768
76.0,67.47883
132.0,132.14624
132.0,115.57221
47.0,52.90004
132.0,132.0771
53.0,69.851814
132.0,132.0771
82.0,89.20357
132.0,132.16144
119.0,158.49022
180.0,151.59146
174.0,165.24548
500.0,415.16742
146.0,156.61671
195.0,229.2775
132.0,132.0771
53.0,49.236973
132.0,130.17607
50.0,71.15397
348.0,298.268
466.0,453.91113
59.0,75.92481
164.0,171.8818
244.0,331.98495
71.0,92.49823
500.0,462.9225
500.0,484.3798
125.0,135.42624
221.0,181.16492
142.0,154.49696
148.0,129.21365
81.0,104.76672
97.0,114.82248
68.0,79.65923
198.0,206.55179
167.0,155.40373
45.0,55.503395
106.0,119.66731
286.0,229.48256
67.0,75.128685
207.0,192.74576
308.0,310.62534
37.0,42.8076
322.0,321.40723
175.0,154.1094
293.0,282.06256
325.0,321.78592
132.0,132.0771
500.0,493.6886
103.0,104.77928
74.0,79.60056
144.0,177.32748
132.0,131.7232
141.0,189.57158
93.0,92.88519
132.0,131.80582
202.0,220.62698
132.0,131.90688
126.0,175.5354
53.0,69.53765
346.0,356.23004
132.0,132.16144
83.0,85.43766
110.0,91.274376
47.0,54.704605
500.0,466.02643
294.0,290.90762
306.0,306.53195
108.0,131.88643
326.0,355.42566
119.0,98.37316
277.0,240.48694
101.0,65.58859
132.0,131.14821
132.0,132.16144
78.0,97.065475
209.0,235.11078
154.0,149.53917
158.0,178.44998
132.0,131.71005
98.0,88.382225
85.0,86.990845
133.0,132.01427
132.0,132.16144
88.0,75.632126
233.0,271.51105
116.0,113.19391
110.0,110.20425
90.0,88.85686
132.0,132.16144
132.0,132.16144
54.0,68.552475
373.0,363.2755
170.0,168.08757
81.0,84.517685
172.0,170.52864
31.0,42.55263
132.0,111.93393
49.0,64.12754
95.0,114.87484
203.0,179.10551
134.0,131.70601
91.0,97.03235
266.0,293.19385
235.0,219.26556
94.0,88.663765
171.0,141.05194
390.0,400.87567
88.0,80.09182
113.0,130.59622
225.0,217.06018
61.0,71.47728
109.0,105.809265
122.0,132.68987
348.0,321.8229
172.0,70.07454
500.0,484.19373
202.0,221.75267
93.0,105.5149
132.0,132.16144
135.0,119.513466
132.0,131.69267
132.0,132.16144
53.0,69.09451
132.0,132.16144
175.0,202.33359
132.0,110.536385
132.0,131.91133
90.0,111.4914
132.0,123.13829
94.0,96.354355
500.0,495.53128
166.0,142.35544
63.0,69.91515
138.0,146.7071
77.0,86.4793
69.0,74.453156
103.0,118.134155
132.0,121.1096
120.0,72.572624
132.0,123.8685
118.0,150.18536
132.0,83.22779
132.0,132.16144
132.0,131.91133
121.0,90.27143
58.0,61.262245
303.0,343.0876
46.0,59.475708
183.0,188.91295
132.0,108.24184
317.0,268.70673
92.0,92.36019
48.0,53.15339
131.0,103.98214
500.0,461.00574
96.0,101.766655
386.0,415.32397
392.0,343.60538
149.0,166.32524
132.0,132.16144
81.0,90.16273
132.0,143.143
98.0,116.13157
34.0,56.281605
243.0,220.5366
193.0,203.0093
132.0,131.90688
132.0,131.55888
480.0,453.41187
132.0,114.31572
175.0,155.34814
132.0,132.16144
99.0,117.66298
132.0,131.91133
70.0,90.62919
137.0,139.0396
60.0,79.01276
132.0,132.16144
103.0,100.128746
81.0,76.8426
142.0,139.78001
209.0,244.95636
376.0,362.89532
373.0,304.80405
132.0,131.91133
295.0,248.08751
225.0,228.36768
132.0,131.90688
132.0,124.796585
154.0,129.84132
80.0,81.61529
61.0,74.60576
40.0,47.21654
104.0,115.480896
318.0,294.90747
132.0,132.16144
107.0,86.31813
72.0,89.354706
194.0,182.82108
111.0,103.68724
132.0,128.11784
150.0,178.27512
345.0,378.87286
70.0,77.72577
142.0,87.200714
311.0,314.24182
99.0,82.1629
102.0,106.30338
276.0,233.9684
135.0,126.10544
298.0,302.54523
398.0,384.0643
30.0,36.93025
132.0,132.16144
94.0,106.7909
118.0,114.166725
132.0,131.5047
147.0,117.62147
346.0,342.39716
53.0,50.464165
86.0,84.85923
244.0,172.03606
148.0,162.92328
52.0,45.254757
236.0,262.0443
73.0,74.76022
132.0,131.91133
261.0,357.40094
344.0,395.43683
56.0,65.252495
96.0,119.7311
83.0,95.63314
364.0,359.0985
387.0,218.14876
132.0,132.16144
500.0,451.98914
461.0,431.01498
419.0,353.10266
304.0,252.43852
143.0,130.9159
298.0,304.88898
90.0,97.79805
143.0,143.34564
144.0,135.48508
181.0,151.83073
500.0,468.57718
290.0,276.4903
72.0,92.130196
105.0,110.43269
89.0,89.986885
220.0,214.38367
315.0,324.41843
310.0,320.94315
312.0,322.1216
243.0,203.27585
69.0,81.15404
74.0,82.16386
104.0,117.884445
82.0,90.23203
241.0,240.33284
173.0,181.74779
59.0,74.12154
80.0,81.8793
40.0,45.62507
105.0,100.52233
106.0,106.63735
409.0,391.09155
337.0,235.96613
84.0,80.04479
68.0,87.36891
180.0,258.25223
200.0,230.35985
367.0,360.54016
88.0,99.93942
79.0,83.73012
148.0,169.12482
335.0,341.41272
132.0,132.16144
379.0,361.41562
300.0,293.30203
78.0,85.238686
170.0,125.000206
305.0,126.08933
73.0,92.24002
88.0,89.91603
132.0,123.79827
65.0,67.54091
132.0,132.16144
109.0,114.24874
250.0,259.242
320.0,257.02975
132.0,131.7787
95.0,96.89907
70.0,111.18963
79.0,68.84096
336.0,329.1741
107.0,108.767586
278.0,146.31158
129.0,110.761795
126.0,120.20048
368.0,338.36865
55.0,63.438297
99.0,80.47
150.0,135.36333
132.0,131.91133
132.0,84.45738
226.0,294.60593
132.0,132.16144
132.0,127.49937
147.0,125.62659
139.0,167.40561
252.0,214.19296
55.0,87.66379
107.0,98.140884
132.0,131.52756
105.0,107.90245
102.0,94.66933
152.0,163.82579
132.0,398.85538
85.0,87.346504
73.0,95.17322
265.0,262.69656
134.0,128.1083
162.0,140.98047
333.0,342.1533
361.0,132.16144
132.0,132.16144
361.0,370.05917
90.0,94.527794
76.0,78.64874
317.0,219.32167
361.0,349.84152
132.0,144.4711
286.0,277.11478
132.0,132.16144
44.0,59.52964
132.0,75.11402
123.0,124.42625
420.0,456.1599
142.0,154.32674
132.0,132.0771
103.0,107.67161
202.0,176.48157
235.0,243.3744
37.0,54.15376
37.0,58.05777
51.0,67.400566
132.0,132.16144
46.0,51.857513
132.0,132.16144
356.0,303.9839
158.0,173.20148
358.0,211.95905
88.0,114.83271
54.0,44.649918
132.0,131.72699
132.0,132.8025
348.0,330.8792
44.0,64.91995
120.0,107.53176
44.0,57.151707
234.0,222.79047
54.0,57.23086
500.0,499.96417
132.0,131.07954
312.0,314.18484
124.0,110.06442
312.0,309.21564
287.0,261.56335
219.0,188.95992
93.0,88.501755
132.0,131.59605
132.0,130.95267
132.0,132.06238
322.0,190.92644
347.0,319.32108
201.0,195.41266
173.0,187.5692
72.0,131.89844
69.0,83.996284
56.0,68.52946
138.0,150.0562
45.0,50.33317
109.0,69.84484
124.0,100.1464
103.0,94.28264
211.0,201.14122
78.0,73.57367
114.0,104.25374
312.0,301.00922
65.0,82.25762
96.0,95.8035
132.0,132.16144
83.0,76.98323
320.0,310.97397
119.0,279.28375
42.0,60.411736
132.0,124.76565
166.0,191.17296
58.0,73.57475
41.0,53.005962
132.0,132.16144
355.0,133.32399
122.0,129.71707
108.0,102.22709
132.0,132.0771
264.0,303.40598
35.0,49.954414
98.0,119.09707
61.0,59.497723
132.0,131.80582
172.0,159.87085
132.0,75.486496
94.0,91.48391
305.0,273.4389
184.0,174.9946
132.0,132.0771
88.0,69.5298
142.0,158.41405
84.0,81.49583
185.0,188.82697
186.0,189.96129
262.0,251.19135
132.0,129.6033
150.0,164.3399
322.0,271.89606
117.0,93.39213
71.0,68.56108
53.0,99.666954
113.0,91.481834
255.0,230.41057
70.0,99.86985
205.0,188.9632
139.0,109.91875
116.0,112.85769
100.0,109.94622
48.0,63.268085
262.0,219.63039
36.0,79.49573
189.0,202.16052
94.0,102.67714
323.0,284.63327
144.0,146.51384
132.0,111.28514
108.0,114.75726
142.0,106.40703
500.0,481.27216
132.0,121.81281
459.0,434.0391
254.0,303.1847
65.0,42.260025
122.0,123.82912
305.0,316.1435
132.0,123.39606
92.0,90.57968
77.0,86.910225
315.0,247.53607
84.0,97.41743
105.0,79.65122
132.0,126.99513
132.0,132.16144
203.0,236.80855
315.0,300.35828
59.0,75.52327
224.0,236.38348
120.0,128.66142
121.0,131.38412
256.0,273.9965
190.0,205.36165
127.0,122.36327
376.0,308.38144
365.0,287.14478
160.0,146.14037
132.0,132.16144
75.0,92.78091
134.0,148.69704
123.0,126.8432
132.0,133.79018
81.0,73.26859
41.0,62.761898
83.0,86.353836
336.0,338.42465
55.0,73.382904
318.0,323.96753
87.0,76.71635
408.0,382.0247
354.0,376.69016
192.0,166.31291
337.0,374.3687
66.0,88.17984
301.0,300.9557
93.0,83.47367
221.0,298.77692
88.0,73.1138
137.0,132.99323
105.0,172.17793
82.0,114.73096
101.0,94.21897
198.0,149.06532
123.0,105.49386
166.0,174.25754
132.0,92.865135
275.0,202.70183
29.0,48.46206
306.0,280.14233
132.0,132.16144
326.0,320.87936
106.0,112.381615
132.0,132.16144
416.0,406.74884
132.0,131.91133
125.0,120.06174
78.0,90.86486
36.0,58.050346
132.0,131.91133
15.0,64.070595
83.0,81.83556
128.0,143.5516
109.0,118.0857
132.0,132.16144
132.0,131.91133
104.0,105.33423
331.0,346.86993
334.0,343.45944
132.0,384.7213
134.0,125.16035
103.0,97.354454
75.0,69.51822
85.0,100.543
95.0,115.67625
132.0,132.16144
324.0,325.9603
179.0,182.8716
166.0,190.70265
215.0,196.20567
126.0,110.11271
118.0,117.139015
78.0,87.89046
84.0,99.91839
395.0,401.3268
238.0,273.74774
161.0,98.96896
136.0,138.18025
110.0,117.1951
404.0,296.10773
57.0,90.85869
77.0,92.13616
205.0,222.04506
123.0,134.36423
57.0,70.0723
353.0,360.41626
230.0,140.49832
164.0,200.00688
132.0,131.91133
69.0,83.21305
175.0,195.51706
132.0,131.5191
493.0,453.6503
112.0,97.47322
132.0,132.16144
169.0,167.0901
248.0,233.67456
113.0,115.3422
102.0,122.93162
402.0,400.7183
315.0,308.7
132.0,120.043106
120.0,89.769455
48.0,53.81467
106.0,91.69497
85.0,94.64712
343.0,365.85358
89.0,79.419
261.0,260.0285
61.0,71.49613
358.0,362.04266
340.0,262.98743
141.0,160.31827
80.0,91.023506
197.0,234.40009
96.0,94.83349
500.0,480.4298
119.0,121.694336
102.0,109.24518
51.0,63.151085
89.0,91.55957
63.0,72.87124
93.0,114.33225
265.0,222.20091
394.0,439.25925
116.0,124.459816
48.0,59.094395
81.0,94.460594
62.0,77.66391
228.0,304.74753
41.0,54.928066
208.0,194.01717
195.0,214.11385
132.0,131.69267
41.0,54.868587
87.0,127.30157
213.0,193.90106
132.0,132.0771
263.0,257.0484
443.0,404.3313
215.0,222.52498
104.0,100.68298
68.0,39.664043
132.0,131.91133
132.0,131.67535
255.0,267.18597
239.0,247.08963
83.0,86.641335
241.0,318.99005
300.0,219.7295
79.0,84.95376
414.0,416.38574
426.0,427.099
132.0,132.14624
160.0,150.9755
218.0,193.32451
132.0,72.39276
89.0,75.27471
112.0,92.819244
188.0,176.97725
452.0,431.97302
64.0,88.99268
132.0,132.16144
132.0,132.16144
136.0,115.93108
135.0,224.77103
50.0,68.06714
180.0,175.1809
223.0,219.63525
32.0,42.168922
500.0,495.38174
417.0,435.09094
350.0,337.3511
92.0,93.4807
95.0,79.05207
132.0,132.16144
52.0,132.16144
224.0,210.45381
180.0,156.4538
145.0,175.17755
19.0,27.998276
118.0,133.12001
319.0,337.21783
202.0,132.24625
121.0,102.70096
143.0,149.49141
93.0,83.453705
334.0,386.32462
132.0,126.39351
103.0,97.816185
84.0,84.289276
340.0,352.67123
138.0,124.717476
93.0,110.180916
94.0,101.07799
313.0,273.24103
127.0,125.78357
313.0,308.30728
87.0,77.930756
132.0,157.50328
216.0,269.86203
132.0,131.90688
307.0,302.87637
155.0,153.05736
327.0,338.9538
84.0,82.11076
42.0,55.473232
132.0,132.16144
108.0,77.71892
156.0,163.3874
86.0,112.21079
126.0,153.2332
268.0,289.7436
132.0,132.16144
435.0,385.68997
107.0,107.037384
55.0,62.51557
401.0,412.36517
381.0,368.69302
225.0,201.339
278.0,232.41258
317.0,281.3333
171.0,190.20811
297.0,344.69324
132.0,130.3553
135.0,132.3352
132.0,130.33524
316.0,316.69116
150.0,116.6852
104.0,106.86284
98.0,71.49162
215.0,204.81943
144.0,147.22906
296.0,310.0733
59.0,64.54124
335.0,349.8888
192.0,150.57426
181.0,150.55106
61.0,77.26591
356.0,354.28723
244.0,237.25777
140.0,142.0222
85.0,66.70902
82.0,85.982475
444.0,399.18564
87.0,114.36372
45.0,52.992496
115.0,136.13521
322.0,316.27667
244.0,243.62654
106.0,108.96193
35.0,43.88018
110.0,133.83684
151.0,140.48848
117.0,118.04253
167.0,108.105446
466.0,454.17337
160.0,160.96246
162.0,149.84262
94.0,103.74322
69.0,70.922775
132.0,131.55148
49.0,53.021633
305.0,291.972
71.0,93.20138
317.0,304.81638
82.0,83.59975
137.0,147.96988
132.0,131.5692
216.0,194.2694
195.0,201.47061
120.0,126.38
378.0,357.1469
132.0,132.14624
116.0,119.542946
353.0,368.61844
201.0,252.23454
293.0,289.9849
87.0,106.71061
190.0,160.3324
107.0,115.00429
144.0,167.40921
144.0,133.89325
113.0,96.98081
70.0,71.23375
373.0,328.64597
132.0,132.0771
372.0,376.6916
122.0,120.36401
337.0,337.68283
35.0,39.060726
132.0,131.80582
132.0,132.16144
39.0,59.10059
132.0,331.3562
100.0,95.53529
212.0,200.96638
79.0,58.629433
132.0,132.16144
103.0,104.40988
132.0,131.80582
132.0,132.16144
363.0,341.99094
184.0,146.02397
61.0,41.044735
106.0,108.49828
108.0,124.52677
340.0,323.97824
329.0,310.9376
99.0,71.90865
40.0,40.805546
33.0,44.328472
94.0,171.61505
138.0,125.51284
139.0,138.6543
65.0,75.60288
81.0,89.74932
43.0,60.175167
61.0,53.49119
149.0,151.3098
132.0,132.0771
128.0,129.68158
126.0,115.610115
415.0,423.6491
132.0,132.16144
316.0,286.10617
132.0,132.16144
153.0,129.71208
132.0,149.8544
82.0,99.03427
409.0,393.0288
362.0,384.4134
157.0,132.3181
52.0,64.59213
132.0,134.8391
115.0,99.20999
94.0,89.20376
314.0,324.62903
106.0,100.138176
387.0,366.22076
257.0,223.74438
279.0,234.82559
140.0,153.18109
104.0,95.69088
58.0,77.05966
132.0,132.16144
132.0,149.33356
132.0,131.92761
317.0,286.88843
132.0,132.16144
335.0,309.9754
66.0,87.02112
132.0,132.14624
101.0,133.08772
132.0,132.0771
132.0,132.16144
132.0,132.16144
428.0,403.12204
95.0,105.82728
240.0,199.87003
71.0,73.967224
477.0,459.06668
45.0,47.630215
84.0,78.38468
82.0,88.0817
193.0,187.15056
148.0,138.57631
71.0,72.37447
118.0,120.63945
132.0,130.94495
102.0,91.935974
42.0,43.0359
353.0,361.14514
218.0,169.08105
132.0,129.68315
324.0,339.0674
494.0,455.3857
185.0,190.03352
132.0,131.91133
105.0,101.15347
228.0,252.57596
366.0,352.3087
56.0,64.457794
238.0,234.0942
102.0,104.810036
107.0,122.34039
306.0,298.5733
132.0,132.16144
146.0,146.20494
30.0,45.806328
30.0,59.54698
132.0,131.71005
86.0,91.92504
135.0,148.9975
312.0,296.37592
135.0,132.68626
156.0,162.07698
108.0,111.82817
310.0,279.10504
132.0,129.93973
112.0,102.865555
500.0,507.2399
132.0,122.6544
132.0,131.90688
132.0,129.21237
162.0,174.11658
132.0,131.90688
75.0,79.52774
132.0,89.87632
55.0,59.899807
132.0,132.16144
320.0,295.6942
132.0,132.0771
299.0,282.2185
132.0,132.16144
102.0,117.94864
132.0,131.91133
92.0,112.68879
68.0,66.11584
161.0,179.8831
341.0,179.1906
332.0,329.75558
47.0,66.81254
72.0,94.786156
165.0,134.5155
70.0,67.004814
132.0,131.71005
311.0,291.31708
165.0,174.069
143.0,146.06735
169.0,209.66757
243.0,276.26654
89.0,63.482643
319.0,420.95718
150.0,155.03516
73.0,89.57316
194.0,199.76195
132.0,132.16144
158.0,145.55125
141.0,92.658264
145.0,114.91822
132.0,117.34147
336.0,389.10648
96.0,84.64981
127.0,115.077515
132.0,130.57974
370.0,378.1152
82.0,73.4007
500.0,480.83392
123.0,107.30449
188.0,178.12328
133.0,184.749
264.0,227.37503
296.0,285.72995
132.0,98.700676
87.0,92.848366
92.0,98.48654
325.0,284.58615
132.0,156.90065
487.0,430.8278
20.0,31.905716
132.0,132.16144
482.0,364.47607
500.0,264.0786
116.0,123.649185
176.0,139.14684
159.0,141.29634
45.0,48.59727
72.0,87.93355
129.0,137.59125
132.0,132.16144
132.0,131.90688
81.0,65.25711
132.0,132.16144
132.0,132.16144
359.0,326.41364
144.0,149.824
350.0,209.66595
170.0,167.29607
201.0,202.3911
98.0,95.49542
71.0,74.80584
339.0,333.37674
69.0,74.253525
109.0,95.378716
89.0,104.14193
132.0,131.80582
86.0,73.60307
137.0,136.03165
346.0,346.19217
130.0,198.71959
269.0,206.62035
50.0,65.99754
132.0,127.63989
336.0,327.42935
104.0,90.64528
443.0,368.86838
249.0,272.7982
132.0,133.28735
139.0,142.45229
278.0,306.322
182.0,206.28787
132.0,132.16144
132.0,136.47624
65.0,62.81389
130.0,145.64424
118.0,123.68723
405.0,396.71555
134.0,132.73976
53.0,71.245575
184.0,218.36661
64.0,65.99124
132.0,167.60753
500.0,487.10086
86.0,86.493164
103.0,100.15032
85.0,115.78308
153.0,151.83595
177.0,148.97734
149.0,225.62456
126.0,122.98036
407.0,305.68735
201.0,237.06844
52.0,49.822437
67.0,65.829384
389.0,378.68423
132.0,131.73352
134.0,123.30234
231.0,190.56297
103.0,103.978485
259.0,174.89696
84.0,110.20917
126.0,130.89656
169.0,168.80495
60.0,83.37434
112.0,96.58349
132.0,132.16937
172.0,133.21576
205.0,204.34352
126.0,141.89249
132.0,131.90688
223.0,233.78491
52.0,59.52989
110.0,131.51463
350.0,364.64148
147.0,149.01233
39.0,54.647316
230.0,188.9199
243.0,204.42099
66.0,68.699875
114.0,109.98037
81.0,71.3467
291.0,302.40982
132.0,319.03662
148.0,154.99013
132.0,131.91133
141.0,133.05553
132.0,131.70782
101.0,97.07092
132.0,131.69267
132.0,132.16144
206.0,199.82591
284.0,309.6147
46.0,46.834846
62.0,74.20995
94.0,119.246704
144.0,109.08787
117.0,87.29784
132.0,139.7037
104.0,99.5138
463.0,377.9295
286.0,278.62576
48.0,70.67709
89.0,84.77086
75.0,65.36546
278.0,271.7659
132.0,136.63844
132.0,132.16144
104.0,108.316185
123.0,125.76549
340.0,325.90445
320.0,357.0088
151.0,178.10114
109.0,110.71264
132.0,140.81496
105.0,119.51122
90.0,135.1913
48.0,70.37316
132.0,101.112404
280.0,256.3386
77.0,85.090485
132.0,132.16144
92.0,102.83413
92.0,98.563835
98.0,131.38585
187.0,146.27791
111.0,148.55981
132.0,132.16144
112.0,113.74675
99.0,116.16388
103.0,108.84176
132.0,132.0771
262.0,275.0266
74.0,61.755154
102.0,109.56815
389.0,383.61575
72.0,75.029915
393.0,408.63998
108.0,114.060936
132.0,132.16144
251.0,186.36095
132.0,132.16144
159.0,125.95409
83.0,88.81727
131.0,132.59589
181.0,209.44368
33.0,39.51306
132.0,132.16144
132.0,132.16144
142.0,127.02824
319.0,309.73578
309.0,294.12332
411.0,464.35208
178.0,130.74506
112.0,107.414314
126.0,102.0419
138.0,181.1628
62.0,60.75122
150.0,213.81186
132.0,132.0771
132.0,131.80582
132.0,132.16144
132.0,131.80582
132.0,132.16144
143.0,110.86876
232.0,192.3247
367.0,315.63867
263.0,252.46207
132.0,132.16144
138.0,171.23657
63.0,69.98808
500.0,499.31134
132.0,131.90688
324.0,341.6815
50.0,60.74989
148.0,150.84225
132.0,132.16144
108.0,124.81079
110.0,129.22148
23.0,42.948677
132.0,131.8165
43.0,46.43615
241.0,123.51757
132.0,230.5589
180.0,113.670265
132.0,126.95769
146.0,117.590256
132.0,135.07497
281.0,304.7909
27.0,52.80652
71.0,67.494774
65.0,70.01601
454.0,432.35614
102.0,83.30843
68.0,72.208664
364.0,352.62802
338.0,343.82104
90.0,122.84988
104.0,114.63566
89.0,101.64732
500.0,496.25018
75.0,114.58738
366.0,343.7538
396.0,374.7283
324.0,310.4027
100.0,87.76084
75.0,81.77481
132.0,128.15794
102.0,106.952805
305.0,254.59924
267.0,210.3547
91.0,100.70181
191.0,174.03786
342.0,338.11115
132.0,181.82698
79.0,95.59138
101.0,141.23668
63.0,82.97868
34.0,46.438557
204.0,180.46072
132.0,131.90688
44.0,49.439056
132.0,130.89882
222.0,213.05133
132.0,131.80582
114.0,116.30865
96.0,101.1505
355.0,292.15448
106.0,124.31053
121.0,104.98288
245.0,265.8494
103.0,111.47164
312.0,315.49142
84.0,77.04402
74.0,64.61823
500.0,479.11685
132.0,132.16144
137.0,135.287
61.0,58.960632
36.0,49.91382
257.0,232.6725
140.0,136.12935
89.0,85.05423
65.0,76.57811
383.0,396.28195
389.0,385.50906
132.0,124.81722
333.0,262.46664
368.0,367.7819
143.0,150.88744
75.0,85.787346
154.0,113.4885
336.0,323.88452
500.0,502.01257
132.0,133.84831
345.0,209.94777
132.0,132.16144
500.0,426.08133
118.0,117.22145
115.0,121.63435
68.0,73.90145
500.0,502.6977
132.0,138.8436
137.0,177.738
283.0,304.98846
131.0,153.07266
345.0,340.15417
132.0,131.73352
320.0,305.06488
95.0,92.5724
228.0,211.38863
150.0,117.45995
277.0,270.94592
148.0,162.55951
78.0,98.49915
132.0,131.80582
229.0,229.05751
59.0,58.335938
132.0,130.56815
23.0,51.740414
132.0,132.0771
351.0,382.04788
97.0,109.86341
111.0,108.52465
342.0,318.00864
114.0,125.93317
27.0,39.99854
132.0,132.16144
217.0,200.85704
412.0,389.0591
247.0,238.59396
121.0,104.49193
101.0,98.142624
256.0,308.90192
500.0,488.16498
136.0,169.94174
247.0,231.16893
132.0,131.75621
132.0,138.46783
151.0,124.466736
111.0,139.90865
95.0,88.41674
132.0,137.22038
184.0,160.5723
131.0,131.72029
143.0,150.92793
108.0,129.2286
46.0,54.29572
132.0,132.16144
307.0,298.18494
128.0,123.13893
68.0,70.63185
67.0,96.59399
132.0,132.0771
68.0,88.963264
105.0,105.41614
80.0,82.33616
137.0,145.61917
457.0,379.1289
63.0,57.934807
101.0,103.389404
449.0,348.6956
130.0,67.15468
84.0,83.51272
132.0,131.54343
118.0,159.55211
38.0,39.971363
88.0,113.61839
139.0,133.71706
132.0,131.9126
84.0,64.82245
334.0,348.21234
132.0,132.0771
303.0,284.77
128.0,113.89488
152.0,171.90721
132.0,130.0733
163.0,162.8046
132.0,132.16144
132.0,132.16144
146.0,144.17412
146.0,107.92031
96.0,97.6353
457.0,430.49277
106.0,95.861404
71.0,78.97279
132.0,331.49347
132.0,114.86317
132.0,126.442406
280.0,245.8868
119.0,128.8957
346.0,342.92145
144.0,166.039
254.0,223.72464
132.0,132.16144
485.0,413.59348
89.0,101.43287
228.0,219.17035
20.0,51.53184
132.0,132.16144
73.0,78.22629
84.0,85.65731
422.0,383.56473
150.0,129.40143
120.0,173.91273
165.0,166.0513
132.0,131.90688
160.0,190.77557
134.0,115.72642
183.0,172.06755
132.0,132.16144
67.0,88.97082
104.0,116.21388
62.0,69.821945
126.0,140.925
132.0,131.80582
132.0,131.78876
132.0,132.16144
114.0,108.74712
110.0,119.40665
132.0,129.34239
141.0,137.6884
120.0,176.70073
70.0,58.933502
137.0,123.77167
185.0,166.69237
374.0,403.47058
278.0,284.7121
154.0,100.84376
56.0,68.086044
132.0,132.16144
55.0,61.180023
148.0,140.86157
132.0,132.16144
107.0,109.72519
221.0,224.60603
132.0,132.16144
187.0,198.91731
122.0,148.06996
124.0,120.167725
68.0,89.54693
27.0,39.114037
83.0,76.15185
201.0,159.45534
182.0,170.63138
302.0,213.11856
132.0,131.91133
48.0,60.581577
70.0,73.65557
46.0,58.97781
239.0,285.74295
112.0,102.51052
132.0,141.77287
185.0,186.85725
64.0,58.19593
307.0,288.93332
78.0,84.6454
132.0,131.31976
118.0,147.78667
262.0,228.84087
308.0,325.4578
87.0,107.610664
65.0,76.787796
132.0,131.69267
115.0,121.65696
244.0,253.59927
55.0,78.678986
459.0,436.2282
132.0,189.9572
118.0,107.41242
132.0,145.6323
132.0,58.487675
37.0,45.227314
129.0,130.60634
132.0,130.65259
93.0,100.52009
108.0,116.05162
252.0,230.61388
89.0,97.13033
61.0,188.95662
369.0,335.13086
132.0,130.287
132.0,132.16144
367.0,280.69623
132.0,125.81161
122.0,125.52025
132.0,138.5269
418.0,436.4029
141.0,149.96806
151.0,150.51837
26.0,36.99893
132.0,131.80582
500.0,502.55914
56.0,58.740562
166.0,159.62823
147.0,172.13104
309.0,300.94168
132.0,119.045074
103.0,104.24807
132.0,136.40054
132.0,131.73352
299.0,322.46957
133.0,165.2838
67.0,91.06959
131.0,130.91965
114.0,112.55497
409.0,406.3019
383.0,366.77875
112.0,99.25463
106.0,97.3257
131.0,139.5393
40.0,62.91067
369.0,371.14124
149.0,156.29019
92.0,118.84421
49.0,56.310505
461.0,406.59183
132.0,131.73352
344.0,365.81036
132.0,125.85958
404.0,343.85815
298.0,230.666
132.0,134.44775
360.0,354.54932
356.0,340.66092
132.0,132.16144
105.0,116.60248
35.0,54.09274
75.0,67.28254
132.0,132.14624
132.0,131.6699
132.0,132.16144
89.0,87.419495
439.0,483.55362
257.0,327.15448
91.0,112.176445
153.0,191.29666
132.0,134.57965
176.0,276.4625
404.0,473.16943
240.0,265.6077
349.0,363.08664
132.0,86.05167
48.0,45.499046
38.0,54.57229
132.0,131.91133
324.0,302.52548
349.0,340.45895
115.0,131.56445
254.0,162.38344
63.0,65.21491
336.0,361.34738
97.0,118.22366
99.0,104.070244
80.0,94.72796
178.0,226.17873
500.0,493.66165
333.0,318.69604
291.0,326.57693
132.0,131.90688
132.0,132.16144
64.0,68.34253
92.0,91.23918
122.0,96.533005
132.0,147.25114
132.0,131.71005
126.0,105.56202
132.0,132.16144
124.0,113.22628
153.0,153.01833
386.0,379.4766
174.0,174.89134
81.0,88.39048
278.0,291.15936
73.0,84.476234
81.0,93.65192
308.0,268.15076
83.0,106.1197
50.0,61.416008
295.0,262.17728
132.0,117.47785
130.0,203.29565
300.0,237.69414
170.0,201.79799
383.0,378.85724
76.0,100.13741
162.0,135.59604
132.0,132.06238
132.0,131.50223
214.0,223.92001
305.0,290.2044
132.0,131.73352
150.0,198.97209
66.0,65.18463
140.0,89.309845
77.0,69.3864
132.0,132.14624
182.0,142.27425
310.0,251.92331
168.0,227.33356
65.0,72.026215
397.0,298.15585
132.0,131.90688
158.0,165.99971
236.0,288.87357
70.0,87.42379
315.0,316.58438
96.0,101.02258
268.0,247.45995
60.0,63.82755
152.0,138.25572
73.0,74.08182
129.0,138.86888
380.0,405.5714
56.0,53.29437
181.0,228.50792
112.0,126.23489
317.0,323.3223
132.0,125.65979
273.0,296.12732
102.0,104.242226
34.0,41.93443
132.0,131.91133
64.0,82.86139
342.0,317.66476
140.0,116.64585
132.0,132.16144
170.0,191.48517
315.0,339.0548
132.0,131.72699
322.0,286.57108
348.0,312.59338
132.0,131.73352
87.0,68.44359
146.0,175.57588
131.0,138.8477
132.0,132.16144
149.0,171.95825
132.0,131.91133
81.0,100.82902
132.0,132.16144
132.0,131.90688
68.0,68.74622
126.0,137.25562
132.0,80.762085
457.0,449.25208
194.0,214.75752
173.0,124.79069
87.0,96.32435
56.0,58.77503
263.0,224.72878
31.0,39.62209
114.0,117.04432
299.0,285.23688
134.0,141.16629
97.0,96.438576
153.0,108.1805
334.0,359.28323
178.0,148.46881
169.0,193.26793
132.0,131.92761
132.0,132.16144
216.0,191.36937
46.0,53.673885
126.0,142.54245
125.0,128.45598
335.0,323.30948
337.0,347.2225
125.0,134.08987
33.0,42.525074
88.0,104.31904
212.0,187.06586
132.0,132.16144
132.0,132.16144
148.0,156.7279
107.0,136.62561
132.0,132.16144
65.0,78.57324
80.0,84.50327
132.0,132.16144
132.0,131.90688
455.0,475.45438
75.0,74.43754
92.0,99.20386
121.0,130.89368
114.0,125.83343
132.0,132.0771
105.0,92.41394
440.0,412.29523
40.0,69.311226
132.0,131.80582
104.0,146.78123
445.0,386.8553
132.0,470.33804
323.0,318.11032
132.0,131.91133
74.0,83.567154
198.0,197.01411
132.0,131.91133
112.0,104.03223
35.0,54.518234
500.0,501.74313
112.0,106.33645
48.0,62.81003
250.0,172.25447
101.0,97.60897
59.0,66.4035
50.0,61.971348
73.0,91.5735
269.0,249.24532
149.0,141.92958
71.0,61.10926
357.0,360.4576
132.0,132.06238
65.0,90.77492
65.0,68.33931
163.0,153.00453
24.0,41.223053
132.0,116.59647
285.0,233.5993
348.0,312.01938
500.0,413.54874
316.0,290.1049
373.0,324.5241
164.0,167.64607
317.0,340.89487
132.0,132.16144
183.0,175.78865
363.0,383.22067
221.0,217.32996
132.0,127.13946
93.0,109.30173
46.0,67.43289
207.0,187.6938
132.0,132.16144
122.0,129.17325
182.0,198.56207
104.0,101.92194
127.0,137.25865
62.0,89.83958
272.0,313.56885
289.0,264.0834
156.0,167.5837
132.0,127.363785
383.0,408.47226
332.0,329.48898
86.0,84.086975
86.0,95.75536
399.0,401.17694
500.0,476.48697
365.0,382.00677
132.0,43.487022
118.0,138.29828
241.0,169.95573
376.0,335.00226
132.0,240.88568
140.0,142.48074
209.0,162.07947
132.0,123.73505
498.0,477.2324
94.0,103.093956
132.0,131.72699
78.0,87.4308
132.0,97.74683
110.0,111.22882
132.0,132.16144
132.0,132.16144
82.0,89.78581
204.0,228.49525
104.0,143.84299
455.0,458.6825
126.0,154.708
213.0,166.74313
205.0,203.11305
100.0,98.72675
282.0,214.43622
321.0,326.85016
88.0,109.19733
132.0,132.16144
132.0,131.58475
132.0,132.0771
104.0,103.30102
402.0,405.31824
84.0,131.1642
83.0,77.09535
103.0,130.6213
457.0,489.3874
500.0,412.49557
132.0,132.16144
132.0,126.09119
307.0,292.34164
47.0,83.83566
132.0,135.55255
150.0,164.5916
359.0,343.625
340.0,340.6845
60.0,74.507645
88.0,91.91317
121.0,116.93011
132.0,131.91133
94.0,107.17784
132.0,132.16144
410.0,395.5419
146.0,124.209206
132.0,132.06238
126.0,128.56726
132.0,132.16144
126.0,98.46541
304.0,287.48685
49.0,57.78948
101.0,113.60149
72.0,82.78516
70.0,66.35781
88.0,94.07543
368.0,371.8869
220.0,247.21243
114.0,111.64909
132.0,131.73352
132.0,131.90688
62.0,72.36582
200.0,165.18791
103.0,154.27345
215.0,194.67474
75.0,89.439995
46.0,66.68457
107.0,58.494568
334.0,298.73996
143.0,123.1427
60.0,67.333534
138.0,122.77996
128.0,135.9578
46.0,48.95797
290.0,144.11731
250.0,285.78214
84.0,92.9669
368.0,261.4178
109.0,125.0189
308.0,299.5515
132.0,171.74084
240.0,235.53175
293.0,310.1181
94.0,127.58245
125.0,160.16772
285.0,315.32553
257.0,234.18776
82.0,108.18368
97.0,116.27205
170.0,182.22949
323.0,331.6637
100.0,76.13742
187.0,134.69658
172.0,157.30846
47.0,132.16144
160.0,141.293
132.0,132.16144
40.0,49.3621
104.0,97.99794
182.0,151.43933
83.0,108.69288
155.0,153.38942
132.0,124.84377
132.0,131.72699
322.0,350.7695
369.0,373.15286
153.0,173.28891
302.0,293.78888
95.0,94.151085
119.0,138.98618
132.0,93.63448
20.0,31.540754
127.0,170.26562
298.0,294.13745
249.0,264.835
224.0,183.88887
23.0,37.686356
132.0,131.52042
62.0,61.08353
132.0,131.91133
156.0,152.91261
78.0,69.26435
362.0,331.3364
132.0,132.0771
89.0,89.108185
112.0,116.78797
333.0,326.7491
362.0,370.67435
232.0,224.8723
79.0,91.38259
173.0,162.64067
101.0,77.87587
23.0,66.82425
132.0,126.10293
133.0,141.85007
132.0,114.38746
117.0,113.876305
132.0,131.91133
132.0,116.606
132.0,132.29686
82.0,80.02102
289.0,279.85764
59.0,56.338463
132.0,132.16144
500.0,499.65646
90.0,88.78527
96.0,93.427315
168.0,125.54192
199.0,171.71045
157.0,215.5224
132.0,313.86618
163.0,149.7336
430.0,422.63077
179.0,189.64871
132.0,73.36806
105.0,98.88405
90.0,97.20247
158.0,160.18126
93.0,107.13228
326.0,306.01468
112.0,95.47393
132.0,132.43462
117.0,131.08104
233.0,235.1134
69.0,84.314865
307.0,292.99173
59.0,132.16144
332.0,344.53485
67.0,87.045975
279.0,272.72842
375.0,198.99326
149.0,140.50558
31.0,49.188324
56.0,50.253193
75.0,106.67278
99.0,117.41004
116.0,125.66383
359.0,320.30737
132.0,131.90688
303.0,300.91003
132.0,96.60607
56.0,55.513798
132.0,132.16144
132.0,110.99312
132.0,118.95728
500.0,491.7408
86.0,137.89122
83.0,75.390114
248.0,215.12206
214.0,261.56604
219.0,256.56342
192.0,157.17767
81.0,96.19901
103.0,98.563835
122.0,77.51273
87.0,78.38842
170.0,133.2987
182.0,151.29161
203.0,295.40933
78.0,84.80875
99.0,75.56254
85.0,101.83071
92.0,94.15553
247.0,264.2556
132.0,113.56873
226.0,198.18971
132.0,123.13135
96.0,103.36168
72.0,67.316246
137.0,105.20661
83.0,97.41676
304.0,293.04486
46.0,43.922688
135.0,132.53505
500.0,493.12097
102.0,133.70259
73.0,95.83137
198.0,198.073
68.0,74.59622
218.0,160.75377
163.0,160.395
35.0,40.22609
231.0,266.53577
132.0,132.16144
66.0,89.017746
115.0,122.24432
458.0,351.5745
132.0,140.37102
132.0,131.91133
447.0,411.95282
114.0,124.22012
51.0,62.686256
47.0,52.345444
132.0,131.67535
132.0,131.90688
462.0,389.94278
314.0,337.0404
116.0,102.995476
151.0,97.033745
132.0,132.16144
426.0,418.64987
132.0,65.12076
293.0,262.2366
158.0,172.36642
67.0,65.91252
241.0,291.55652
132.0,115.86287
265.0,255.70682
132.0,131.91133
355.0,350.03693
132.0,132.16144
50.0,59.32021
77.0,81.18521
132.0,131.63593
107.0,137.28236
96.0,101.47503
171.0,191.65039
44.0,48.455
132.0,131.80582
97.0,97.01176
98.0,306.5827
52.0,57.43351
204.0,192.0977
132.0,132.16144
293.0,127.22492
468.0,450.88614
56.0,61.211273
231.0,234.36903
74.0,72.66045
264.0,263.60144
89.0,68.443245
128.0,136.63011
416.0,423.8163
90.0,99.27334
177.0,167.89397
398.0,363.4757
138.0,109.9583
93.0,109.06512
132.0,108.20047
132.0,131.91133
85.0,100.53347
261.0,254.69495
132.0,131.52042
115.0,113.60653
132.0,298.48578
87.0,95.629616
132.0,120.41269
445.0,410.3663
52.0,60.25596
187.0,265.33026
190.0,126.355774
242.0,240.0716
97.0,90.33639
111.0,106.328445
171.0,177.84892
137.0,148.46509
138.0,155.64262
40.0,43.48938
132.0,228.7274
253.0,262.31918
68.0,77.37953
54.0,70.52004
205.0,113.73646
307.0,295.9482
60.0,71.417694
140.0,143.4852
86.0,78.954544
132.0,132.16144
307.0,296.97543
68.0,66.67893
68.0,60.88916
132.0,131.90688
132.0,174.59683
193.0,176.4525
470.0,461.63638
132.0,384.717
76.0,91.67452
193.0,209.86607
156.0,172.79175
132.0,132.16144
188.0,236.21957
26.0,42.4222
132.0,132.16144
149.0,114.136154
193.0,222.8261
234.0,187.86162
222.0,203.42877
94.0,105.64231
132.0,132.16144
274.0,233.65736
133.0,130.5388
44.0,68.4161
108.0,146.06456
117.0,93.38884
120.0,131.5444
315.0,318.77872
106.0,117.02841
58.0,59.5588
318.0,342.22748
78.0,89.83048
132.0,131.90688
40.0,46.60138
121.0,141.22699
311.0,297.53653
74.0,88.7633
345.0,347.73526
224.0,200.35217
132.0,132.0771
107.0,109.73464
132.0,131.63603
66.0,72.2892
340.0,332.50067
84.0,96.71839
148.0,157.10182
313.0,300.8202
158.0,104.907555
315.0,340.64395
351.0,316.6526
279.0,302.39395
248.0,293.04727
132.0,138.46358
396.0,358.44772
37.0,66.627205
118.0,129.43747
146.0,108.66501
149.0,137.45685
330.0,345.228
146.0,148.67487
132.0,132.16144
132.0,131.68933
132.0,131.55214
83.0,99.25114
187.0,186.53377
298.0,234.05237
53.0,57.549026
206.0,179.32935
345.0,314.31082
109.0,116.96432
123.0,117.83009
73.0,80.97554
308.0,325.73505
132.0,132.16144
65.0,71.1585
194.0,81.866776
90.0,110.57524
109.0,94.70708
91.0,65.64748
163.0,166.83109
379.0,406.30234
130.0,123.39201
92.0,91.658936
302.0,287.1199
77.0,97.28223
241.0,229.65952
58.0,68.66148
153.0,154.37764
325.0,294.45145
103.0,104.77642
59.0,62.62077
132.0,132.16144
90.0,93.62251
130.0,141.75755
132.0,131.90688
102.0,113.3424
145.0,103.2814
254.0,302.0072
139.0,163.65793
334.0,305.6674
172.0,327.0996
29.0,39.22907
100.0,109.52217
158.0,174.99721
307.0,299.85294
158.0,164.2867
100.0,116.126625
305.0,283.13885
74.0,66.04778
72.0,88.39161
345.0,301.1605
55.0,69.22714
59.0,59.402264
84.0,89.90746
49.0,54.527424
132.0,131.80582
75.0,83.61055
176.0,343.59375
132.0,85.95388
325.0,325.7649
357.0,341.81226
83.0,78.11968
320.0,315.5187
180.0,194.43597
132.0,132.16144
161.0,142.69153
500.0,497.51047
132.0,132.16144
260.0,312.6159
322.0,296.03738
132.0,132.14624
199.0,209.10048
360.0,465.79575
49.0,48.353683
200.0,197.50052
70.0,68.35385
132.0,132.16144
132.0,203.69247
132.0,131.8614
132.0,132.0771
359.0,376.05774
132.0,123.23503
132.0,132.16144
170.0,132.46092
362.0,302.31326
132.0,132.16144
67.0,63.568672
30.0,39.74697
132.0,132.0771
253.0,119.19795
140.0,126.80237
71.0,85.38993
114.0,129.60884
62.0,57.51788
70.0,63.911175
40.0,72.18064
132.0,131.90688
162.0,162.6983
60.0,79.94776
157.0,131.3196
132.0,131.90688
133.0,128.17354
317.0,314.06155
85.0,118.26278
346.0,331.77948
111.0,101.62608
236.0,214.82481
132.0,76.99464
108.0,109.04262
292.0,276.56625
331.0,292.43817
253.0,219.569
500.0,404.89655
265.0,274.54193
222.0,180.36063
378.0,361.98083
89.0,117.927826
148.0,160.23389
94.0,83.60858
110.0,119.51142
142.0,154.19963
100.0,95.70041
52.0,75.5442
132.0,132.16144
262.0,205.98631
109.0,141.21764
374.0,398.00934
132.0,128.17635
158.0,143.40262
132.0,132.0771
132.0,131.91133
197.0,121.77635
192.0,171.54301
103.0,110.15757
84.0,90.97526
119.0,78.91215
84.0,86.050285
339.0,341.61356
45.0,60.635376
77.0,99.343475
185.0,238.90477
230.0,205.21194
59.0,77.67037
66.0,83.50999
132.0,131.91133
96.0,102.49823
313.0,325.98065
120.0,140.07474
500.0,373.49945
129.0,124.708405
57.0,57.538776
132.0,132.0771
177.0,195.45967
446.0,447.167
102.0,182.86736
300.0,355.39563
132.0,131.90688
43.0,49.06774
59.0,60.392067
124.0,105.417435
33.0,58.56687
77.0,81.89577
376.0,343.63007
76.0,76.20826
132.0,132.0771
132.0,132.16144
132.0,297.2422
321.0,315.86453
204.0,246.85742
168.0,178.90144
65.0,78.1108
131.0,96.305695
112.0,113.19837
69.0,75.53857
88.0,78.43988
90.0,108.7911
305.0,287.4064
412.0,403.09085
59.0,60.6657
132.0,135.2532
329.0,348.2091
99.0,101.19093
39.0,46.53058
74.0,82.62801
46.0,64.955765
321.0,297.3991
109.0,102.413864
405.0,442.6575
112.0,90.99336
132.0,132.16144
132.0,131.14696
310.0,250.93517
132.0,71.15576
132.0,133.63266
142.0,143.46465
78.0,79.75264
132.0,132.16144
103.0,104.79407
84.0,92.764
132.0,132.16144
40.0,49.042995
121.0,139.53372
132.0,132.16144
128.0,144.87302
174.0,148.29622
132.0,123.342094
108.0,109.753
500.0,424.24713
58.0,67.42752
291.0,220.21648
117.0,113.10749
132.0,132.16144
500.0,458.5078
67.0,69.09067
198.0,233.21906
132.0,129.96974
500.0,498.65033
332.0,352.5904
84.0,114.46821
51.0,61.552525
159.0,145.08252
132.0,132.4261
180.0,202.64178
134.0,135.25215
132.0,90.248375
117.0,202.38239
124.0,149.14853
350.0,343.35037
41.0,75.38709
132.0,135.97414
281.0,206.98425
132.0,138.59645
138.0,167.50494
346.0,306.08905
293.0,298.9766
59.0,58.16563
500.0,480.7853
132.0,132.16144
136.0,127.523346
132.0,222.7883
55.0,73.33274
110.0,130.19489
381.0,372.85938
132.0,130.15182
121.0,124.2243
288.0,226.3664
231.0,191.11978
50.0,52.420776
132.0,132.16144
257.0,315.51855
317.0,320.70853
79.0,67.88147
367.0,354.60306
145.0,138.10573
113.0,109.30176
85.0,105.409
184.0,166.44539
154.0,90.73054
132.0,131.91133
451.0,440.72974
119.0,112.077774
143.0,133.40736
92.0,79.40983
500.0,494.71234
317.0,307.39014
338.0,330.24387
93.0,118.18817
73.0,82.04303
107.0,99.73896
124.0,127.126366
82.0,82.791374
132.0,132.16144
138.0,126.85757
132.0,132.16144
126.0,179.97333
132.0,131.77652
137.0,123.224045
500.0,471.90747
336.0,312.30402
310.0,291.28955
91.0,154.33318
220.0,224.86485
279.0,294.6325
500.0,407.98242
132.0,131.5317
295.0,302.44516
492.0,368.45328
40.0,62.273506
132.0,126.93576
74.0,109.62635
260.0,224.45497
43.0,61.644314
132.0,132.16144
233.0,116.10922
81.0,95.16734
82.0,94.47059
139.0,103.907646
132.0,132.16144
132.0,132.16144
294.0,279.72177
139.0,124.27352
500.0,444.66934
156.0,115.339424
47.0,45.75064
132.0,131.91133
79.0,65.04756
101.0,117.13943
130.0,120.478424
132.0,124.206154
132.0,131.80582
157.0,161.08055
500.0,486.4746
132.0,132.16144
65.0,86.965996
46.0,64.19003
209.0,251.98103
117.0,161.3566
112.0,130.6301
292.0,310.93118
132.0,132.16144
229.0,255.09396
226.0,288.63196
372.0,406.43228
131.0,99.00863
132.0,131.73352
132.0,131.72699
132.0,98.82553
361.0,378.5045
105.0,109.87985
107.0,69.05873
412.0,415.99823
114.0,114.66539
132.0,132.16144
132.0,132.16144
101.0,107.321175
132.0,132.16144
149.0,154.46602
104.0,96.11219
68.0,75.68996
422.0,428.17032
102.0,111.6796
341.0,307.8332
132.0,132.16144
461.0,440.61417
34.0,52.712154
240.0,213.27377
65.0,80.51988
106.0,104.95757
41.0,58.096764
176.0,121.47666
190.0,193.41208
96.0,85.70238
132.0,121.54348
318.0,313.0242
84.0,94.850624
201.0,192.65877
201.0,225.15619
78.0,87.87495
148.0,160.6282
66.0,95.52687
50.0,54.01747
105.0,105.755806
160.0,199.0839
132.0,114.88704
319.0,331.09756
99.0,108.68852
333.0,289.04898
82.0,106.99919
153.0,181.47263
203.0,223.13522
261.0,164.83621
184.0,172.26411
183.0,165.55946
232.0,218.241
335.0,347.0503
142.0,162.60243
26.0,117.253586
132.0,132.16144
101.0,106.80104
82.0,74.23009
90.0,130.96704
108.0,121.59081
221.0,224.85117
67.0,97.513916
40.0,75.43846
200.0,199.80252
142.0,163.96573
78.0,93.48546
127.0,141.46849
151.0,147.6718
132.0,131.80582
276.0,274.3833
99.0,96.84922
369.0,111.89713
132.0,131.85175
65.0,62.85432
52.0,62.828056
97.0,86.87835
132.0,129.67868
135.0,115.033356
132.0,374.16208
132.0,132.16144
500.0,424.9236
172.0,169.48303
102.0,112.53551
132.0,131.72699
359.0,302.66464
50.0,62.002136
375.0,330.02972
123.0,143.57796
189.0,141.86407
58.0,55.07327
63.0,73.50412
130.0,124.16568
360.0,338.45816
77.0,73.263565
132.0,131.73352
256.0,265.30908
196.0,177.9159
85.0,101.37267
99.0,107.64346
191.0,171.38574
79.0,78.602905
386.0,457.0696
61.0,74.372345
132.0,132.16144
357.0,381.54932
132.0,127.92357
355.0,193.81487
500.0,427.08075
222.0,235.77007
338.0,251.7469
107.0,101.92772
148.0,195.17387
132.0,177.33806
177.0,176.02728
497.0,484.15823
142.0,142.25278
132.0,132.06238
96.0,100.603355
131.0,117.61251
285.0,237.45695
429.0,476.63998
117.0,129.95721
322.0,325.69904
132.0,132.16144
173.0,149.67061
113.0,119.04015
147.0,145.00879
132.0,131.90688
132.0,130.80986
132.0,132.16144
114.0,111.29149
87.0,90.01255
437.0,298.9978
373.0,458.71982
164.0,148.496
149.0,127.17559
56.0,86.29584
114.0,124.4376
205.0,190.33286
302.0,274.08093
371.0,366.25848
117.0,128.82167
132.0,78.529274
132.0,132.16144
132.0,231.09212
91.0,105.74025
102.0,157.37727
97.0,102.688065
327.0,292.86603
110.0,113.582954
118.0,122.22144
295.0,166.22354
330.0,340.1299
108.0,88.210304
107.0,110.63969
104.0,116.23705
396.0,377.18866
168.0,155.99774
132.0,96.1809
106.0,119.59056
77.0,87.06471
84.0,109.75993
132.0,131.91133
51.0,55.831078
132.0,228.54091
132.0,131.91133
414.0,425.90796
95.0,103.745926
75.0,80.3065
132.0,132.16144
403.0,381.8983
58.0,68.719086
100.0,99.34519
411.0,455.28012
87.0,91.396965
368.0,356.28305
63.0,71.814674
438.0,407.9347
386.0,301.50925
304.0,229.12001
102.0,104.67509
122.0,123.43509
132.0,124.14885
96.0,102.48021
132.0,133.03418
166.0,134.03438
132.0,132.16144
271.0,288.4702
322.0,323.38983
130.0,128.17499
202.0,202.65073
132.0,122.14913
132.0,132.16144
20.0,36.81926
38.0,64.29374
303.0,290.5419
34.0,57.22272
285.0,279.85107
132.0,132.16144
28.0,37.829414
87.0,87.82767
437.0,457.95267
147.0,163.43878
269.0,232.64932
146.0,149.4752
102.0,86.08204
102.0,90.956055
132.0,132.16144
319.0,292.99927
70.0,79.91498
342.0,358.49045
340.0,333.27734
99.0,96.489
132.0,132.16144
142.0,132.94374
95.0,72.91617
43.0,78.40822
69.0,80.591576
139.0,96.63937
65.0,70.63343
145.0,129.5781
102.0,105.42567
121.0,145.0953
148.0,135.60425
132.0,131.91133
94.0,92.523056
88.0,73.93734
65.0,68.67609
61.0,63.52647
132.0,137.83783
88.0,126.724174
243.0,208.27507
78.0,97.94297
371.0,349.69727
228.0,140.70392
132.0,132.16144
88.0,101.935356
100.0,111.50133
160.0,162.957
98.0,104.27295
47.0,42.69511
159.0,183.16959
132.0,107.73755
174.0,180.58095
111.0,93.04729
132.0,132.16144
60.0,73.68176
132.0,131.91133
79.0,84.39666
151.0,135.25517
79.0,77.44687
76.0,98.95462
29.0,44.52507
500.0,376.2267
132.0,132.16144
469.0,446.1038
56.0,71.55193
97.0,120.79922
132.0,131.91133
272.0,121.8339
500.0,477.1839
329.0,278.7628
132.0,132.16144
70.0,60.804127
324.0,290.4295
132.0,132.06238
162.0,110.21839
104.0,117.05756
333.0,341.27756
61.0,62.93749
73.0,85.922325
234.0,230.06021
130.0,119.38624
74.0,88.97525
133.0,101.7551
199.0,256.27032
190.0,170.17557
108.0,92.63658
133.0,108.141525
40.0,51.87758
107.0,105.076454
241.0,248.33284
101.0,110.78972
89.0,91.48495
52.0,50.67974
427.0,413.20667
38.0,55.118332
94.0,116.926414
364.0,422.94968
128.0,153.39131
279.0,293.0438
365.0,345.8262
73.0,68.395065
64.0,75.33909
132.0,127.47604
109.0,135.70068
71.0,101.45504
101.0,97.14998
500.0,486.4343
132.0,132.16144
62.0,83.998634
240.0,182.35645
132.0,235.64166
172.0,165.07759
132.0,131.69267
296.0,317.08542
500.0,434.96072
132.0,131.73352
132.0,68.87916
119.0,136.60878
132.0,131.69267
167.0,181.03093
132.0,131.91133
260.0,235.03609
97.0,90.14089
390.0,371.40262
124.0,162.15839
168.0,170.10127
115.0,112.91466
500.0,479.05716
132.0,132.16144
132.0,125.97838
319.0,305.06403
132.0,156.69753
362.0,114.359695
143.0,149.25421
432.0,414.7814
132.0,131.78758
132.0,129.78745
319.0,307.95926
241.0,228.03198
306.0,351.687
328.0,323.47427
316.0,291.2758
194.0,190.60245
215.0,274.6003
91.0,90.083664
132.0,132.16144
132.0,132.16144
33.0,46.758602
102.0,114.4689
374.0,336.95496
134.0,171.46834
59.0,63.833702
91.0,118.96052
221.0,223.15576
370.0,372.44037
416.0,362.16882
54.0,62.18167
57.0,62.990025
91.0,105.603584
227.0,262.1331
314.0,274.70813
132.0,131.80582
58.0,95.68028
500.0,472.70312
328.0,317.80927
160.0,151.55981
102.0,127.65917
85.0,95.398506
306.0,281.48077
267.0,261.50476
59.0,58.529007
96.0,79.23452
411.0,494.2476
129.0,143.85081
98.0,105.82237
218.0,153.62384
310.0,282.9562
126.0,103.19088
329.0,347.63055
139.0,121.21251
125.0,128.7298
500.0,373.9492
203.0,177.93004
97.0,94.700226
106.0,93.582924
68.0,83.11242
132.0,132.16144
81.0,79.54735
52.0,61.893883
206.0,248.4765
223.0,239.62968
132.0,196.60497
132.0,132.14624
196.0,154.59137
80.0,87.06169
294.0,321.07025
269.0,289.8734
53.0,67.68309
160.0,165.83884
107.0,90.91149
333.0,309.95987
81.0,103.36182
126.0,133.5206
132.0,131.90688
40.0,49.327583
132.0,127.137314
80.0,113.58834
149.0,172.30391
189.0,186.55649
173.0,145.68947
124.0,105.777054
102.0,122.0981
93.0,104.59493
429.0,417.14383
329.0,337.9045
300.0,246.10437
155.0,169.91916
295.0,285.63495
54.0,63.66839
368.0,393.59286
447.0,435.81848
132.0,132.16144
335.0,374.8882
132.0,125.081635
335.0,300.45868
132.0,131.72699
102.0,96.53272
132.0,173.60196
130.0,128.34247
379.0,310.61963
138.0,187.65167
97.0,97.135994
271.0,318.2552
91.0,99.49686
54.0,74.98088
132.0,132.16144
121.0,128.57037
146.0,122.13014
132.0,132.16144
143.0,133.95056
278.0,297.14365
132.0,131.91133
132.0,132.16144
379.0,356.4023
124.0,114.256035
132.0,132.16144
308.0,299.86548
132.0,123.45955
57.0,58.631237
85.0,90.94977
68.0,85.341446
68.0,82.4577
132.0,84.26301
110.0,145.7711
488.0,478.1731
150.0,163.719
116.0,129.74869
178.0,189.76048
132.0,131.90688
294.0,297.46524
74.0,82.43424
267.0,260.9583
65.0,61.523167
91.0,107.46984
152.0,137.28522
74.0,67.45586
357.0,336.66455
132.0,132.16144
132.0,248.12596
127.0,122.90191
132.0,132.16144
88.0,81.344894
63.0,67.85145
100.0,99.59446
243.0,167.11038
85.0,87.95816
119.0,124.003525
97.0,92.34446
132.0,131.69267
53.0,54.441563
132.0,131.73352
107.0,94.36536
100.0,88.96509
156.0,145.59993
74.0,77.79636
130.0,196.41685
61.0,69.119255
132.0,125.36168
130.0,118.04479
62.0,53.349747
170.0,177.29979
271.0,253.79855
132.0,131.90688
23.0,41.03392
210.0,251.61082
136.0,125.30977
106.0,93.13949
52.0,90.488144
145.0,125.15212
310.0,289.5514
65.0,75.26223
132.0,132.16144
72.0,80.2616
111.0,117.87242
34.0,386.20892
224.0,189.3267
132.0,131.69267
85.0,65.77366
375.0,348.94073
132.0,125.575615
296.0,278.0546
75.0,69.188736
102.0,115.3882
106.0,104.21708
94.0,107.930115
132.0,124.452896
414.0,406.54233
149.0,252.66774
118.0,134.351
132.0,131.73352
132.0,131.72699
304.0,291.3982
104.0,101.866776
245.0,270.7133
80.0,88.40119
105.0,107.42958
102.0,101.16599
203.0,214.34384
218.0,226.29308
37.0,50.732002
106.0,119.25478
79.0,66.49435
140.0,152.29309
132.0,132.16144
44.0,63.33955
131.0,138.24043
279.0,257.25998
114.0,111.10918
142.0,158.86185
440.0,435.8158
129.0,120.36724
56.0,67.32091
55.0,76.075134
172.0,197.11398
132.0,132.14624
132.0,123.05724
259.0,317.95447
270.0,256.33997
300.0,298.34464
85.0,94.26488
179.0,139.53978
269.0,259.4135
115.0,122.01488
100.0,113.98941
107.0,100.05469
132.0,131.80582
132.0,141.04085
121.0,85.61548
90.0,98.32843
55.0,60.261368
332.0,305.87106
201.0,127.20903
132.0,132.06238
95.0,100.79348
53.0,44.720585
124.0,160.09105
188.0,206.75229
82.0,80.4119
340.0,385.55298
106.0,133.63573
79.0,83.40321
132.0,132.16144
320.0,287.08072
166.0,179.51141
309.0,205.49059
197.0,224.07976
111.0,109.3382
41.0,62.38389
124.0,164.29306
132.0,131.72699
46.0,54.9631
480.0,400.3565
500.0,499.35645
500.0,489.57385
36.0,62.80811
132.0,131.61308
82.0,108.22126
157.0,140.58997
27.0,46.10701
132.0,132.16144
132.0,264.24875
132.0,131.91133
132.0,131.90688
132.0,132.16144
80.0,117.59427
41.0,56.64197
123.0,124.87324
132.0,132.16144
132.0,132.16144
160.0,136.06085
66.0,72.506744
132.0,132.16144
164.0,139.52483
71.0,89.02188
39.0,65.73646
69.0,101.30657
42.0,69.96338
132.0,132.06238
93.0,96.39737
144.0,150.36008
160.0,190.81732
132.0,138.06154
132.0,132.16144
132.0,132.16144
132.0,132.16144
132.0,132.16144
313.0,223.1272
99.0,89.22155
132.0,132.16144
344.0,324.53247
397.0,437.88953
133.0,143.74802
66.0,93.446526
316.0,347.32755
67.0,80.16457
97.0,90.957306
239.0,163.58469
411.0,350.12872
132.0,132.06238
117.0,124.36318
46.0,57.670612
132.0,132.16144
132.0,132.16144
164.0,191.67287
51.0,48.58406
260.0,244.59085
175.0,168.94832
79.0,91.79244
361.0,261.49805
305.0,293.9334
146.0,129.52933
62.0,59.81872
52.0,59.44183
61.0,64.72542
53.0,61.80022
116.0,138.52417
180.0,175.50513
313.0,309.57617
306.0,298.9437
132.0,132.16144
46.0,69.44731
132.0,132.07108
246.0,208.13663
55.0,71.884766
336.0,318.87015
131.0,137.05669
320.0,264.75546
53.0,64.4547
132.0,132.13687
132.0,152.62045
65.0,77.03253
132.0,131.73352
132.0,132.16144
75.0,80.450806
132.0,232.53304
132.0,132.16144
132.0,132.16144
134.0,149.32144
137.0,119.4426
380.0,356.5747
308.0,287.70016
296.0,334.38123
179.0,205.14497
132.0,132.16144
74.0,77.8967
132.0,132.16144
46.0,60.32602
490.0,456.35184
146.0,155.08963
257.0,214.53014
132.0,129.70245
110.0,132.3311
78.0,85.24061
153.0,123.86896
93.0,107.06238
131.0,128.5682
92.0,109.01508
110.0,124.08375
421.0,378.7253
209.0,195.93796
277.0,297.26315
132.0,115.82459
132.0,131.5191
132.0,132.0771
185.0,319.6881
109.0,113.078064
454.0,424.81467
385.0,411.2097
144.0,146.92752
20.0,29.683455
74.0,72.09115
316.0,281.15768
294.0,268.4327
262.0,222.64949
81.0,103.709785
111.0,141.2817
247.0,232.51756
264.0,283.8952
210.0,124.815315
107.0,101.79663
191.0,254.08115
161.0,177.35513
141.0,140.6599
185.0,186.1988
118.0,94.71765
260.0,239.79362
100.0,104.980675
102.0,87.76112
295.0,221.92615
132.0,190.51637
132.0,134.54077
75.0,91.94391
22.0,33.483658
500.0,493.1673
83.0,94.33735
325.0,320.33472
349.0,200.66293
132.0,132.16144
132.0,154.92224
223.0,235.9615
140.0,118.37469
415.0,407.30463
71.0,77.267105
131.0,139.89659
154.0,180.30066
107.0,117.63017
132.0,138.54999
132.0,131.5141
227.0,244.9252
132.0,140.62555
52.0,61.680065
132.0,132.16144
244.0,153.56058
96.0,103.47698
296.0,267.30826
174.0,189.88222
136.0,154.62032
67.0,77.04402
77.0,85.35386
227.0,190.66866
56.0,60.449657
132.0,132.0771
61.0,77.227646
401.0,299.64407
324.0,317.9213
81.0,95.95412
87.0,137.65291
277.0,301.78198
132.0,129.41977
157.0,162.17416
132.0,132.16144
321.0,322.9329
58.0,53.607925
64.0,170.68646
272.0,417.92813
47.0,48.297993
146.0,199.53154
257.0,259.8556
291.0,270.1633
156.0,201.613
357.0,322.1238
73.0,81.218735
148.0,143.32848
392.0,248.02159
246.0,167.43762
132.0,132.16144
133.0,150.94412
224.0,222.82768
65.0,54.434113
162.0,183.92087
109.0,120.893295
145.0,146.86533
67.0,60.029613
278.0,297.65857
319.0,328.02655
87.0,91.109795
132.0,132.16144
500.0,462.8724
65.0,63.697468
204.0,175.24991
29.0,47.445
109.0,109.843575
113.0,110.129585
111.0,117.40422
98.0,92.60374
132.0,60.813763
176.0,170.58842
244.0,178.15526
132.0,131.91837
137.0,140.98192
132.0,91.18234
72.0,72.58626
132.0,131.63593
83.0,96.106766
132.0,109.83785
343.0,306.41553
219.0,265.81488
500.0,494.65427
37.0,49.333595
232.0,192.83191
103.0,89.98401
30.0,56.1429
358.0,369.3695
132.0,132.0771
130.0,114.58577
132.0,131.91133
48.0,57.376144
96.0,107.22811
337.0,349.02213
177.0,177.21315
126.0,138.64725
201.0,270.08374
60.0,68.99174
138.0,153.65475
38.0,53.702732
346.0,348.27023
75.0,83.231636
207.0,212.94978
342.0,307.56976
341.0,307.25085
386.0,364.23886
132.0,131.91133
389.0,171.10114
197.0,211.58699
56.0,54.802418
77.0,110.2342
101.0,136.1359
338.0,328.18195
57.0,56.233418
35.0,47.31582
26.0,54.182404
74.0,88.20008
84.0,145.97252
402.0,132.29185
323.0,295.71976
132.0,122.66926
132.0,132.16144
244.0,245.03508
72.0,76.55339
132.0,131.1695
169.0,194.53642
132.0,131.91133
214.0,258.9463
214.0,177.73642
124.0,135.2195
137.0,148.34506
188.0,217.17392
107.0,84.25154
132.0,67.64492
132.0,79.10005
100.0,125.389015
374.0,355.93726
132.0,122.24302
226.0,182.01959
154.0,209.09154
269.0,119.97599
132.0,132.16144
42.0,49.88149
90.0,96.61062
132.0,367.21695
156.0,190.45554
132.0,82.18244
393.0,401.56967
101.0,129.96892
407.0,383.34802
60.0,54.26179
126.0,124.414986
132.0,131.90688
70.0,67.62925
132.0,132.20647
92.0,111.47055
72.0,83.051605
202.0,175.40477
132.0,132.16144
76.0,97.553986
144.0,116.94992
157.0,174.20105
42.0,53.147453
72.0,76.509995
212.0,179.2946
115.0,131.53175
329.0,320.2224
83.0,96.46051
79.0,89.035065
376.0,310.219
87.0,143.69041
161.0,145.82948
216.0,205.71884
203.0,212.16441
100.0,100.59707
51.0,62.99491
81.0,96.9505
132.0,132.16144
167.0,208.60155
113.0,122.90919
220.0,192.58575
247.0,239.86234
124.0,110.07439
367.0,303.7519
108.0,135.2015
270.0,278.5287
267.0,240.72537
100.0,117.98843
374.0,351.89264
132.0,110.536385
62.0,68.51722
89.0,94.99828
35.0,53.640747
176.0,159.00594
132.0,132.16144
174.0,113.79415
132.0,124.25009
93.0,116.03755
428.0,397.29318
155.0,190.2808
132.0,132.16144
132.0,122.6152
37.0,55.002422
252.0,223.54932
292.0,344.2946
77.0,65.989914
102.0,100.85512
132.0,131.90688
105.0,109.2331
88.0,94.550285
59.0,52.704
109.0,110.55902
234.0,244.02756
132.0,132.0771
134.0,143.6762
435.0,339.34625
73.0,85.80457
138.0,185.4626
132.0,116.33044
106.0,104.88023
84.0,85.26384
354.0,350.41962
167.0,175.26923
204.0,214.44438
165.0,205.92949
351.0,333.97333
124.0,116.1726
79.0,77.195206
30.0,41.953533
237.0,228.00864
278.0,239.73682
95.0,75.3567
310.0,324.53027
59.0,71.6798
62.0,91.93182
83.0,106.39464
90.0,117.77121
272.0,270.72458
158.0,163.46161
73.0,80.473785
58.0,75.96547
64.0,78.08974
497.0,476.83655
228.0,323.30634
130.0,132.96104
51.0,50.45661
129.0,128.57674
167.0,187.90619
344.0,345.45673
95.0,100.452354
55.0,71.553696
121.0,129.54008
389.0,370.96817
302.0,260.94592
132.0,132.16144
186.0,152.69899
339.0,327.99234
79.0,82.98274
45.0,67.75671
496.0,396.01938
111.0,97.77499
464.0,464.94394
157.0,147.28099
66.0,74.904205
27.0,38.223858
120.0,117.844086
251.0,279.68143
132.0,132.16144
347.0,343.41345
59.0,57.77556
160.0,175.3515
132.0,132.16144
132.0,132.16144
184.0,190.75296
71.0,79.15589
124.0,134.53
154.0,172.42172
378.0,386.7293
84.0,96.673546
44.0,64.72895
92.0,108.71031
500.0,462.02927
44.0,74.19751
132.0,132.16144
132.0,132.16144
132.0,132.09038
126.0,139.4752
374.0,211.4986
132.0,115.05693
77.0,94.87392
164.0,170.45538
37.0,53.363796
132.0,75.62133
346.0,349.16818
329.0,311.37436
48.0,44.519833
132.0,132.16144
91.0,119.74465
132.0,131.60605
130.0,132.52232
362.0,341.19592
257.0,251.25816
132.0,132.16144
399.0,372.23346
242.0,215.94574
96.0,105.783676
160.0,104.59948
132.0,157.71042
77.0,99.75324
132.0,131.72699
132.0,132.16144
284.0,290.36908
191.0,166.88152
154.0,147.80252
112.0,99.956955
219.0,214.40628
98.0,115.90673
132.0,131.91133
239.0,310.52948
371.0,310.99875
74.0,83.28905
91.0,194.79218
302.0,280.21356
132.0,132.16144
349.0,323.5142
75.0,82.80529
132.0,132.0771
282.0,281.19482
54.0,59.492943
87.0,61.868145
98.0,83.46725
132.0,131.72699
65.0,62.121407
96.0,143.77538
132.0,127.71598
90.0,111.03404
98.0,106.28849
150.0,149.67879
103.0,126.55082
55.0,54.33107
132.0,131.72699
432.0,394.2853
132.0,132.16144
107.0,99.8753
97.0,93.14883
328.0,317.4427
45.0,59.0527
100.0,109.84725
283.0,258.74033
319.0,287.8151
189.0,179.3335
354.0,229.61177
132.0,132.16144
128.0,149.10649
159.0,119.92204
132.0,131.90688
318.0,326.5972
318.0,320.6567
198.0,164.94333
386.0,357.50424
107.0,120.75756
233.0,280.683
281.0,192.47453
175.0,150.65665
132.0,130.99702
140.0,131.98509
62.0,58.150833
132.0,147.8107
132.0,131.72699
115.0,144.49089
132.0,132.16144
165.0,179.79102
104.0,85.197945
192.0,165.71725
255.0,287.73773
309.0,311.50986
310.0,324.0502
239.0,282.77002
95.0,92.98616
377.0,357.2252
75.0,83.15663
132.0,122.917496
112.0,89.24177
63.0,60.785103
132.0,131.30557
132.0,132.16144
87.0,98.39447
372.0,378.34238
89.0,123.49922
132.0,131.73352
132.0,131.72699
273.0,287.5514
74.0,69.52561
132.0,132.16144
96.0,110.87204
41.0,59.23003
99.0,110.99096
101.0,93.253136
126.0,132.86719
135.0,117.025986
226.0,275.96347
111.0,84.110886
227.0,225.918
130.0,147.26863
143.0,76.78167
203.0,215.29893
221.0,246.05957
245.0,270.44705
79.0,76.787796
171.0,358.80966
422.0,238.4781
132.0,131.91133
72.0,79.37259
74.0,98.50057
63.0,64.48608
69.0,59.343044
132.0,142.68922
188.0,228.44868
81.0,93.24482
147.0,149.61043
120.0,121.89122
66.0,119.62096
236.0,200.87384
167.0,166.38928
161.0,121.76091
132.0,132.16144
310.0,306.68008
132.0,132.16144
332.0,342.17468
169.0,174.9189
500.0,494.84204
97.0,100.83193
142.0,152.45064
132.0,132.16144
361.0,336.524
106.0,115.93399
301.0,289.3211
78.0,79.708755
351.0,345.02875
94.0,91.28097
77.0,86.134834
132.0,132.16144
144.0,147.64734
132.0,132.16144
34.0,43.769493
56.0,57.45963
307.0,344.20963
116.0,124.03971
132.0,131.69267
72.0,70.00407
132.0,132.16144
132.0,130.87857
339.0,351.46033
132.0,156.5572
132.0,132.16144
70.0,78.39476
132.0,132.16144
132.0,134.40411
75.0,95.22402
213.0,220.06346
132.0,138.81256
148.0,144.62428
132.0,131.71005
142.0,71.27573
338.0,338.9137
70.0,80.44541
175.0,162.27757
95.0,104.29602
319.0,284.0057
162.0,171.26692
170.0,179.24709
132.0,132.16144
229.0,198.72743
276.0,211.38495
87.0,84.79435
96.0,92.339645
30.0,40.99715
401.0,339.67938
132.0,132.16144
104.0,127.36806
209.0,134.79147
132.0,132.0771
270.0,180.70415
71.0,99.87053
156.0,179.57004
109.0,114.98927
75.0,77.78338
47.0,61.403137
159.0,139.17188
132.0,134.42357
62.0,76.37531
23.0,38.625145
132.0,131.69267
46.0,57.465984
202.0,223.82028
132.0,131.73352
225.0,210.967
344.0,346.01877
132.0,130.2956
40.0,58.46955
132.0,132.16144
312.0,254.20084
52.0,65.02178
500.0,462.30594
215.0,120.88509
147.0,116.36741
132.0,130.35942
52.0,65.123215
132.0,133.17552
126.0,98.00571
55.0,55.30488
255.0,250.88956
500.0,476.01978
132.0,132.16144
313.0,272.56873
132.0,132.16144
325.0,339.17993
124.0,96.391335
126.0,151.18698
132.0,132.16144
297.0,290.23264
124.0,120.784035
68.0,75.21046
132.0,132.4339
217.0,193.33968
129.0,76.61637
232.0,163.3091
132.0,131.69267
76.0,79.1927
99.0,85.966415
132.0,131.8614
170.0,186.74905
46.0,48.29453
132.0,132.16144
82.0,102.44538
91.0,73.56641
146.0,163.33116
363.0,321.70398
77.0,91.58763
132.0,132.16144
72.0,58.56148
132.0,91.48482
310.0,288.5942
73.0,106.23125
48.0,52.141228
357.0,309.24393
83.0,102.19482
83.0,89.91206
132.0,132.16144
76.0,100.17815
86.0,83.17977
309.0,287.85968
117.0,117.151276
132.0,131.90688
102.0,98.97072
132.0,132.0771
443.0,405.76266
132.0,131.52293
427.0,299.84586
132.0,132.16144
55.0,65.13656
500.0,474.8348
107.0,115.03018
326.0,324.17523
17.0,109.21393
347.0,301.52203
132.0,132.16144
132.0,132.16144
132.0,132.16144
52.0,53.885246
105.0,104.59491
113.0,119.342316
78.0,97.48704
132.0,121.57499
132.0,139.81342
200.0,200.66243
137.0,142.4382
356.0,318.92078
500.0,474.65042
85.0,83.852
81.0,78.71127
322.0,326.34717
331.0,327.96454
294.0,284.60226
180.0,176.20946
84.0,99.898926
176.0,132.77899
41.0,68.02157
150.0,181.12805
132.0,131.73352
132.0,123.696144
261.0,216.33575
109.0,121.307274
102.0,62.68715
470.0,400.22684
74.0,75.808815
358.0,351.69998
244.0,198.375
92.0,67.943375
107.0,115.43874
87.0,102.87074
242.0,242.71318
308.0,289.96848
370.0,370.66537
98.0,92.76683
49.0,58.369
69.0,95.62025
102.0,93.07005
94.0,73.11088
339.0,321.16357
55.0,60.036736
132.0,131.72699
120.0,120.53312
58.0,61.95865
68.0,63.484272
132.0,132.16144
162.0,166.47253
431.0,460.73605
117.0,121.21622
132.0,132.16144
354.0,333.74683
493.0,388.45795
132.0,132.16144
126.0,158.9507
132.0,132.16144
103.0,107.358345
96.0,106.861565
132.0,70.36224
251.0,258.6389
132.0,132.35654
120.0,122.30091
64.0,60.993893
371.0,406.6606
261.0,290.69772
500.0,444.78827
302.0,268.85236
132.0,123.47465
27.0,61.674507
269.0,242.57329
385.0,371.95636
131.0,135.294
132.0,131.72699
432.0,477.09747
130.0,150.325
43.0,63.922886
318.0,429.32
58.0,82.71689
345.0,345.07428
126.0,132.20547
221.0,242.82558
136.0,139.4433
198.0,217.98083
500.0,415.97388
132.0,132.16144
128.0,138.83553
70.0,111.59836
132.0,124.511505
132.0,131.90688
94.0,103.83367
317.0,281.89505
283.0,308.21722
86.0,74.33742
188.0,153.22804
336.0,321.5167
132.0,132.16144
141.0,137.94463
441.0,398.8768
383.0,364.69632
66.0,87.261665
301.0,315.1581
215.0,86.24164
90.0,80.98454
132.0,132.0771
104.0,122.53479
69.0,73.71384
330.0,305.03302
62.0,78.669334
132.0,132.16144
269.0,254.31459
142.0,117.59463
191.0,80.59238
324.0,314.14572
60.0,56.19428
164.0,134.29594
138.0,116.962074
196.0,157.91832
102.0,84.250404
71.0,82.07381
132.0,132.16144
244.0,239.5323
132.0,132.16144
132.0,131.91133
178.0,177.0992
132.0,131.90688
48.0,59.577652
56.0,60.529686
165.0,156.13033
90.0,136.0229
216.0,200.56827
71.0,89.15904
90.0,124.972
453.0,396.44232
352.0,326.87436
197.0,241.62465
182.0,124.44561
304.0,290.38455
132.0,124.40587
66.0,65.47519
47.0,64.749695
343.0,324.7801
137.0,160.40393
440.0,418.57202
132.0,128.60281
104.0,132.65767
135.0,131.71452
67.0,83.53658
48.0,55.72783
58.0,59.249863
341.0,307.21884
159.0,276.9565
325.0,346.54724
278.0,219.32909
131.0,97.982704
132.0,132.16144
132.0,132.14624
143.0,189.54968
443.0,431.73416
443.0,477.1924
236.0,191.13931
99.0,92.80574
71.0,63.88067
132.0,132.16144
155.0,132.06163
206.0,143.34009
54.0,79.14423
110.0,104.701996
132.0,280.4011
55.0,74.275696
127.0,131.66061
151.0,127.8268
357.0,324.27768
132.0,131.71005
61.0,78.937294
170.0,208.51688
56.0,71.225655
132.0,132.16144
382.0,398.00012
55.0,76.354065
223.0,238.32228
106.0,86.50723
102.0,138.39616
160.0,173.63188
132.0,158.52159
144.0,143.5637
132.0,132.16144
291.0,313.03903
190.0,187.53326
438.0,323.25385
329.0,326.9643
128.0,98.16149
150.0,146.12346
101.0,108.93808
119.0,133.76895
376.0,375.4418
126.0,147.17285
163.0,144.46376
145.0,164.08397
182.0,197.28279
330.0,337.32425
112.0,99.275215
276.0,218.91847
94.0,103.86579
205.0,180.12283
94.0,101.54767
287.0,295.23633
233.0,261.4306
74.0,67.46219
49.0,50.35044
140.0,134.4545
123.0,142.45978
297.0,278.9984
52.0,70.27538
132.0,132.16144
44.0,69.893295
100.0,109.60951
168.0,177.87009
112.0,107.60346
207.0,225.41615
81.0,69.523026
97.0,80.406815
216.0,250.73254
66.0,62.079826
40.0,56.90272
341.0,324.18146
72.0,80.03975
122.0,131.22852
176.0,162.54912
107.0,102.24111
228.0,226.10555
126.0,231.10768
217.0,192.4991
135.0,270.11624
132.0,125.76724
32.0,42.784557
132.0,132.16144
99.0,86.48951
251.0,272.04044
132.0,86.15697
110.0,89.560745
390.0,376.91003
153.0,164.17099
93.0,110.32336
96.0,114.74181
303.0,298.3304
132.0,132.0771
132.0,132.16144
64.0,83.73979
129.0,170.26758
132.0,132.16144
311.0,309.69916
123.0,117.061806
60.0,68.23064
290.0,286.28326
132.0,132.14624
89.0,100.80845
134.0,154.74635
260.0,166.2973
161.0,158.81624
196.0,206.71342
112.0,129.76779
168.0,168.83284
228.0,233.93137
258.0,227.08714
182.0,150.29868
85.0,90.01814
132.0,134.23744
132.0,119.241875
230.0,185.7852
211.0,144.06113
132.0,132.16144
359.0,329.79956
193.0,191.12866
410.0,375.66977
85.0,81.72903
136.0,150.03973
118.0,101.30705
51.0,60.820942
53.0,128.27861
409.0,394.84232
99.0,82.190796
100.0,83.465225
220.0,265.37863
147.0,143.47844
181.0,202.80515
261.0,295.24377
138.0,161.4621
137.0,133.59473
81.0,78.1745
133.0,137.659
132.0,132.16144
106.0,112.34985
132.0,131.90688
132.0,132.16144
132.0,131.52919
84.0,93.27389
168.0,141.8205
286.0,275.87122
99.0,123.97208
284.0,273.57507
52.0,61.9811
151.0,156.21567
206.0,200.11096
132.0,132.0771
75.0,89.57009
500.0,295.07925
132.0,75.48228
57.0,56.46104
137.0,147.79271
132.0,123.98227
83.0,69.56945
87.0,100.37117
104.0,100.38114
132.0,131.90688
34.0,40.84594
355.0,339.72513
208.0,205.2828
132.0,129.13794
359.0,354.21146
102.0,114.00321
132.0,241.60768
59.0,71.60172
386.0,361.21622
144.0,133.51381
134.0,135.2924
315.0,279.67484
99.0,105.32588
316.0,283.37402
102.0,118.33486
146.0,146.52701
132.0,132.27765
133.0,142.31308
258.0,258.741
221.0,213.6026
125.0,115.30104
269.0,241.87009
360.0,378.67273
412.0,384.29373
132.0,132.16144
390.0,361.20685
132.0,107.732155
132.0,132.06238
132.0,126.93869
108.0,85.39369
339.0,344.5664
43.0,48.638817
277.0,132.16144
266.0,272.03378
349.0,329.08963
233.0,251.24649
115.0,123.31593
265.0,277.69324
84.0,76.376114
195.0,183.61139
132.0,132.16144
316.0,317.5804
132.0,131.91133
132.0,132.14624
132.0,132.16144
132.0,113.00105
382.0,379.09872
392.0,374.2355
88.0,89.718445
312.0,304.98132
132.0,132.16144
265.0,252.5821
462.0,454.72684
76.0,70.688255
132.0,333.9356
236.0,299.62238
70.0,80.55575
105.0,107.89584
132.0,132.16144
414.0,374.6177
129.0,111.15026
92.0,101.69118
57.0,75.6126
50.0,55.60236
102.0,117.99522
422.0,154.81488
132.0,71.147194
92.0,120.35238
280.0,282.6489
130.0,123.33829
263.0,260.4365
282.0,268.03134
110.0,112.62036
107.0,103.78422
56.0,54.331516
132.0,130.06773
337.0,224.26617
132.0,131.90688
105.0,102.708145
132.0,131.33203
188.0,163.99773
48.0,48.305923
168.0,226.19746
134.0,139.10754
173.0,180.47159
105.0,100.64941
45.0,47.49962
46.0,50.90836
45.0,43.53247
212.0,106.35738
226.0,188.75731
338.0,294.2823
326.0,328.4283
139.0,134.99207
59.0,67.084946
180.0,206.25125
74.0,64.83939
102.0,104.88482
132.0,132.16144
199.0,192.2616
132.0,131.71005
142.0,154.67455
95.0,109.63079
132.0,132.0771
332.0,216.85648
63.0,65.63048
91.0,117.561905
132.0,127.48483
132.0,114.75296
148.0,163.09601
116.0,93.76996
153.0,132.83803
132.0,132.16144
154.0,166.1579
75.0,74.61219
132.0,132.16144
62.0,66.793495
84.0,95.31285
336.0,295.86923
143.0,140.0179
160.0,157.15402
132.0,127.59908
57.0,57.777615
133.0,133.04276
338.0,325.97137
143.0,122.3021
94.0,91.606316
300.0,278.43033
291.0,272.4554
235.0,227.64397
474.0,460.42136
185.0,155.91006
500.0,486.24557
291.0,252.3121
96.0,93.272934
137.0,157.71945
174.0,178.95384
292.0,193.9342
113.0,116.50888
132.0,131.91133
137.0,112.59643
253.0,271.62424
82.0,81.60009
132.0,132.16144
99.0,100.90013
261.0,227.11542
142.0,147.7018
132.0,132.16144
132.0,131.90688
132.0,132.16144
317.0,329.28854
132.0,132.16144
500.0,481.85275
222.0,220.51434
132.0,125.17622
364.0,352.10434
36.0,58.837692
118.0,102.61662
93.0,94.14848
207.0,175.22781
365.0,373.29202
132.0,290.97107
132.0,132.0771
132.0,131.69267
314.0,319.00763
211.0,203.77644
20.0,31.754995
204.0,132.16144
133.0,144.4621
308.0,277.39163
163.0,138.28317
384.0,448.33353
77.0,89.06586
77.0,84.682365
107.0,143.7331
316.0,313.499
335.0,351.41376
132.0,154.56023
67.0,84.37705
69.0,69.6836
132.0,131.73352
86.0,89.19003
132.0,132.14624
50.0,65.781425
144.0,127.76559
78.0,66.20466
113.0,106.49723
103.0,87.80975
69.0,65.55631
164.0,134.13753
72.0,86.35629
160.0,176.80672
108.0,123.08078
400.0,412.2309
107.0,116.56567
148.0,138.06868
78.0,84.445656
121.0,120.358116
132.0,131.48592
132.0,279.47546
82.0,93.91173
98.0,93.43148
132.0,132.16144
106.0,147.00163
165.0,133.71384
77.0,97.81343
62.0,59.548214
178.0,194.52197
337.0,269.96878
99.0,103.858055
33.0,60.14797
185.0,208.30757
74.0,103.115486
310.0,323.77573
418.0,435.22147
78.0,77.50371
149.0,147.54909
132.0,152.62051
339.0,355.83856
112.0,75.85179
94.0,101.07225
132.0,93.640366
242.0,235.33107
165.0,183.41576
81.0,82.07236
58.0,59.669846
111.0,132.25063
81.0,89.06997
132.0,131.90688
140.0,132.63719
249.0,224.39957
75.0,75.69849
132.0,132.16144
70.0,55.707172
305.0,270.934
237.0,182.44102
304.0,340.30194
87.0,81.47996
339.0,296.3365
132.0,132.16144
100.0,73.10288
354.0,392.49786
243.0,196.75891
389.0,366.84622
46.0,57.58072
60.0,53.892845
130.0,118.10383
132.0,139.61102
133.0,189.44171
116.0,137.10182
31.0,43.667416
325.0,323.30743
132.0,132.16144
132.0,132.14624
132.0,126.65718
56.0,50.20516
132.0,131.90688
98.0,116.707954
209.0,185.1434
132.0,132.16144
96.0,75.96337
244.0,257.24564
192.0,197.15681
500.0,505.94687
100.0,78.59097
69.0,89.530304
114.0,117.782845
132.0,358.40372
132.0,132.16144
297.0,246.70557
161.0,147.91766
132.0,131.74072
95.0,108.04195
204.0,221.96829
132.0,131.72699
164.0,165.26942
141.0,147.43065
132.0,193.43259
178.0,185.8336
109.0,130.32549
407.0,441.0718
79.0,80.84808
126.0,124.14082
109.0,88.71275
132.0,202.65817
100.0,111.43681
33.0,51.697956
112.0,154.85152
68.0,97.056145
134.0,159.22638
395.0,367.50748
52.0,59.52797
316.0,291.7792
372.0,343.70834
132.0,132.16144
80.0,89.28498
357.0,318.46118
223.0,195.13794
118.0,156.20746
89.0,109.35382
45.0,56.748238
50.0,62.01477
59.0,69.95476
65.0,69.211136
132.0,133.36005
61.0,83.61662
94.0,96.983055
263.0,233.39081
150.0,161.32195
396.0,430.22113
111.0,120.1282
130.0,133.97905
85.0,119.74353
136.0,135.72221
132.0,131.73352
132.0,132.16144
130.0,122.48651
162.0,169.71324
132.0,132.16144
500.0,495.0734
41.0,55.30227
82.0,83.20099
103.0,115.65261
51.0,62.288307
90.0,98.86409
157.0,158.97223
132.0,132.16144
103.0,114.09937
106.0,108.1378
333.0,312.11475
97.0,111.47052
68.0,56.27013
49.0,61.373337
132.0,136.7972
132.0,132.16144
216.0,193.24544
132.0,108.88156
132.0,95.632904
500.0,497.44446
217.0,192.97873
311.0,289.03635
63.0,66.43143
155.0,140.02156
75.0,77.49037
132.0,134.52142
435.0,417.6451
84.0,80.227
132.0,134.455
84.0,86.87803
500.0,488.45215
92.0,89.61996
152.0,155.32271
158.0,130.24274
104.0,98.531075
140.0,135.7393
42.0,46.935066
132.0,131.80582
39.0,41.111626
99.0,104.56404
132.0,115.892715
164.0,110.4809
132.0,58.237278
84.0,74.56324
500.0,374.69983
132.0,131.91133
132.0,132.16144
222.0,280.1845
174.0,175.62076
359.0,353.24493
343.0,272.48578
132.0,132.16144
287.0,285.08087
132.0,155.14024
60.0,76.05428
132.0,131.91133
115.0,115.22333
132.0,119.26212
117.0,148.05914
78.0,74.68704
208.0,194.22304
268.0,245.06322
162.0,176.20898
96.0,119.94033
244.0,272.68124
51.0,64.62817
350.0,348.00278
148.0,146.9933
94.0,123.75455
132.0,71.59388
132.0,103.2391
80.0,107.08074
132.0,132.16144
329.0,307.4727
101.0,134.53944
366.0,375.75296
65.0,72.41034
321.0,187.99905
144.0,143.61446
132.0,140.42714
104.0,120.95409
421.0,441.34796
64.0,65.4855
216.0,231.86832
70.0,90.934364
223.0,215.4589
376.0,382.1667
316.0,287.377
132.0,132.16144
152.0,167.88812
500.0,349.54764
49.0,66.12301
120.0,118.06832
132.0,163.29263
111.0,140.2599
203.0,203.9427
108.0,131.63496
164.0,153.65814
70.0,66.26822
63.0,63.402943
64.0,89.850266
307.0,281.38797
320.0,307.7123
132.0,131.91133
31.0,44.37797
69.0,89.404396
340.0,320.86044
132.0,131.69267
327.0,311.41617
66.0,95.945854
132.0,132.16144
132.0,135.82892
362.0,350.55328
156.0,116.9536
500.0,503.04614
238.0,144.55945
104.0,122.56031
132.0,250.55888
99.0,99.46691
106.0,104.43906
119.0,132.19084
147.0,133.8497
272.0,318.99316
75.0,72.90472
85.0,96.60386
81.0,100.78141
234.0,275.03275
78.0,74.81467
132.0,131.4488
132.0,83.60845
118.0,150.22614
85.0,82.202
51.0,58.575794
340.0,317.84274
81.0,109.150604
102.0,99.364136
132.0,131.90688
80.0,95.14474
258.0,295.7309
55.0,67.695625
132.0,131.91133
103.0,101.51694
70.0,67.308235
307.0,301.95264
176.0,161.24869
194.0,183.63063
132.0,132.16144
282.0,297.09296
243.0,250.15494
146.0,174.78528
110.0,119.895775
132.0,131.80582
132.0,386.6448
77.0,85.59328
215.0,185.61649
42.0,60.98601
130.0,131.16704
90.0,111.49514
155.0,148.4332
132.0,134.95065
132.0,132.16144
56.0,58.96952
386.0,382.64758
72.0,79.10078
355.0,231.28749
173.0,121.796455
64.0,70.43629
392.0,377.4106
132.0,131.90688
132.0,111.56728
159.0,175.25072
495.0,460.32584
84.0,71.81186
55.0,46.264507
132.0,132.16144
93.0,92.96168
132.0,131.8911
313.0,298.33698
132.0,132.16144
70.0,77.78204
202.0,189.06947
82.0,106.10451
294.0,311.53305
132.0,131.90688
90.0,95.84806
105.0,118.247894
102.0,101.51026
450.0,438.9406
73.0,77.48969
93.0,107.4128
122.0,140.01033
80.0,99.253555
91.0,102.07173
76.0,84.83013
132.0,133.87447
132.0,132.16144
500.0,502.32144
59.0,77.181206
145.0,155.72147
56.0,67.16773
343.0,355.18588
132.0,132.16144
131.0,117.48357
132.0,131.68481
306.0,285.33304
106.0,101.42756
185.0,160.6048
16.0,45.88191
174.0,177.11308
464.0,338.79144
38.0,59.9036
352.0,364.79092
115.0,136.43684
73.0,96.65497
148.0,168.51949
251.0,249.35744
132.0,131.78864
135.0,127.35812
137.0,128.8777
77.0,96.62587
223.0,169.98082
154.0,164.9211
152.0,160.5665
60.0,75.74704
220.0,293.42932
132.0,132.16144
176.0,125.40531
132.0,131.73352
98.0,102.884796
132.0,132.16144
313.0,274.1153
208.0,210.8428
158.0,168.1292
67.0,65.42376
93.0,86.188545
132.0,132.16144
245.0,240.23872
87.0,104.991356
285.0,251.95074
132.0,130.47865
88.0,91.806564
60.0,59.825703
160.0,144.89456
99.0,116.07212
132.0,123.06348
132.0,122.61676
81.0,105.572395
176.0,191.26247
132.0,68.91685
50.0,48.577126
260.0,284.57104
304.0,300.9964
175.0,199.82312
26.0,38.194946
132.0,132.16144
132.0,185.87772
96.0,97.65916
493.0,451.0248
97.0,110.292725
346.0,297.07767
110.0,141.69589
220.0,216.2388
132.0,131.45792
112.0,125.908775
268.0,317.1261
436.0,471.4778
461.0,349.02393
85.0,98.692085
123.0,106.374405
57.0,73.00362
64.0,66.106735
126.0,129.99881
106.0,119.2184
50.0,58.99608
218.0,133.89879
132.0,132.14624
132.0,132.16144
65.0,55.38369
132.0,233.00589
318.0,316.1522
183.0,196.62375
145.0,181.70638
99.0,114.82531
65.0,63.799343
97.0,80.097374
116.0,130.2485
52.0,56.640892
234.0,229.70685
39.0,74.14152
192.0,159.79622
92.0,93.682
275.0,260.46512
419.0,473.9415
134.0,179.53989
328.0,330.2992
132.0,89.34562
62.0,61.00767
109.0,107.10275
214.0,211.18083
38.0,51.245903
132.0,132.16144
132.0,131.90688
56.0,54.36946
253.0,161.13359
132.0,128.32726
139.0,140.97366
132.0,131.69267
63.0,89.53087
84.0,95.08474
450.0,453.2036
156.0,164.22661
93.0,92.64484
329.0,329.47452
52.0,59.97545
132.0,132.16144
208.0,255.92245
332.0,167.6423
174.0,183.90215
145.0,149.05708
79.0,100.90592
361.0,379.02155
202.0,206.50494
111.0,199.08214
36.0,62.018326
348.0,399.6497
151.0,154.14775
48.0,59.835743
132.0,123.22321
289.0,238.88719
125.0,114.285675
58.0,59.52065
102.0,101.571495
78.0,74.32622
113.0,108.97389
132.0,132.16144
167.0,145.73372
132.0,132.0771
132.0,128.87238
319.0,258.74777
406.0,364.39288
58.0,73.65391
304.0,314.86282
132.0,132.16144
238.0,282.38074
133.0,133.65234
162.0,158.9316
202.0,215.41808
330.0,311.8736
129.0,116.31372
83.0,83.288246
500.0,479.49658
93.0,83.62701
470.0,477.2473
61.0,60.114105
361.0,316.03354
188.0,161.95003
123.0,133.61142
132.0,86.59585
77.0,68.067856
224.0,226.36682
74.0,81.56935
132.0,132.43784
72.0,130.6514
132.0,132.16144
94.0,100.75828
333.0,292.55283
431.0,468.06546
52.0,71.6006
203.0,195.59608
224.0,229.10287
145.0,122.917755
62.0,71.73136
132.0,131.91133
414.0,401.91443
132.0,129.54199
132.0,132.16144
151.0,145.67021
70.0,72.94854
66.0,70.95999
115.0,119.50455
355.0,378.36627
132.0,89.7456
132.0,132.16144
340.0,301.73355
52.0,55.30573
133.0,161.01357
175.0,120.586205
174.0,164.48482
142.0,142.7943
151.0,171.30351
189.0,140.6196
32.0,47.3079
121.0,118.294716
132.0,226.35086
263.0,264.8486
132.0,132.16144
53.0,52.408985
132.0,117.381004
83.0,82.64206
415.0,394.471
161.0,153.96852
68.0,81.09434
130.0,100.384895
110.0,96.930626
153.0,154.25038
132.0,140.47559
223.0,241.67186
43.0,49.477707
132.0,166.36859
78.0,122.858505
132.0,135.27216
95.0,103.34666
132.0,293.6529
85.0,95.986534
26.0,38.45173
23.0,36.975044
100.0,126.04065
214.0,156.36345
402.0,363.392
132.0,132.0771
146.0,148.2031
132.0,132.16144
41.0,60.799965
317.0,317.06342
201.0,232.76999
132.0,132.16144
33.0,49.860764
132.0,132.16144
109.0,108.86018
75.0,93.12859
132.0,131.90688
24.0,191.25781
483.0,472.1045
330.0,311.62314
165.0,154.24443
132.0,132.0771
239.0,250.45876
137.0,128.36769
392.0,340.90082
41.0,48.31075
165.0,123.48297
176.0,132.16144
101.0,97.8845
128.0,180.01222
132.0,169.12373
268.0,323.6922
132.0,163.41896
132.0,131.72253
146.0,159.33809
122.0,170.2015
83.0,82.40348
300.0,303.3693
61.0,60.054924
73.0,80.86446
91.0,97.51347
132.0,127.427
236.0,202.99178
500.0,494.4539
265.0,272.8105
59.0,67.37683
132.0,132.16144
132.0,134.06648
206.0,201.39738
164.0,150.13045
73.0,94.054504
147.0,164.0059
98.0,108.56044
132.0,140.00436
132.0,132.06238
93.0,125.223724
57.0,56.30711
149.0,127.40417
479.0,393.16812
165.0,162.70929
132.0,131.69267
435.0,397.93243
52.0,75.31391
132.0,124.91702
48.0,51.013187
26.0,46.40373
69.0,64.77071
244.0,240.3204
500.0,467.608
132.0,131.91133
253.0,270.207
155.0,147.25694
167.0,170.72554
132.0,124.01532
46.0,58.33663
297.0,268.9761
126.0,104.48513
117.0,132.46893
83.0,88.18086
132.0,131.91133
108.0,114.18532
84.0,126.63588
132.0,299.21133
103.0,76.36631
147.0,124.339325
207.0,174.76419
132.0,132.16144
126.0,139.35684
235.0,225.25194
78.0,61.91533
215.0,208.58662
68.0,64.726265
58.0,55.24088
132.0,141.77287
132.0,132.16144
135.0,136.94028
276.0,264.02985
352.0,402.12924
85.0,113.45388
86.0,69.93202
126.0,119.34325
51.0,64.884636
132.0,132.0771
46.0,45.324326
62.0,84.40042
347.0,336.97937
132.0,131.73352
158.0,172.56432
103.0,128.16559
322.0,318.95178
132.0,132.16144
134.0,139.34105
141.0,189.35028
145.0,159.371
292.0,220.44489
193.0,173.01508
132.0,131.72699
218.0,224.97098
102.0,124.89068
281.0,276.6048
500.0,496.67227
500.0,483.26663
52.0,62.624798
132.0,133.57173
132.0,148.41278
132.0,132.16144
52.0,66.9122
74.0,80.6578
104.0,103.80833
132.0,123.41656
187.0,299.77386
500.0,492.89642
179.0,178.24744
73.0,76.29259
310.0,289.1923
159.0,156.19518
132.0,132.06238
112.0,78.21276
62.0,70.45884
88.0,73.303375
322.0,297.8911
315.0,316.26953
81.0,111.677864
110.0,115.83616
132.0,131.4569
110.0,90.675354
215.0,214.83022
85.0,93.32145
132.0,137.25327
54.0,63.58472
122.0,118.64107
132.0,55.101456
40.0,55.92611
209.0,202.97751
76.0,75.386246
88.0,100.82494
94.0,107.79741
235.0,187.78136
132.0,131.73352
111.0,105.51807
95.0,104.63815
500.0,483.26184
143.0,142.69962
78.0,60.282608
90.0,69.180466
361.0,353.00037
193.0,190.79666
132.0,132.16144
114.0,126.65126
132.0,132.16144
417.0,310.56097
59.0,72.9338
267.0,240.56747
132.0,153.8135
49.0,83.03486
90.0,86.31387
132.0,131.91133
195.0,181.09303
292.0,277.72037
151.0,130.41257
55.0,72.06312
164.0,129.36327
132.0,131.90688
74.0,76.2977
255.0,214.55692
231.0,210.06186
270.0,229.50766
123.0,135.73991
298.0,329.29517
119.0,136.11967
132.0,117.47023
46.0,59.97321
177.0,190.48714
132.0,132.16144
132.0,132.16144
132.0,132.16144
229.0,227.63544
103.0,110.62646
302.0,243.70412
132.0,132.16144
158.0,161.22983
58.0,63.821743
345.0,333.3536
130.0,128.96417
132.0,132.16144
176.0,187.72829
74.0,92.02949
147.0,164.38345
132.0,132.16144
314.0,309.03214
111.0,115.02153
47.0,53.691418
215.0,286.774
130.0,141.25879
93.0,111.94788
176.0,205.08575
83.0,82.139786
132.0,132.16144
86.0,94.942345
33.0,40.848587
100.0,101.34289
104.0,120.912346
122.0,140.5359
100.0,91.94164
334.0,296.16516
406.0,433.33423
156.0,179.47626
351.0,326.78668
163.0,155.27776
232.0,247.65273
132.0,136.1771
80.0,77.66936
142.0,144.07945
200.0,132.16144
410.0,396.234
302.0,340.04678
52.0,43.556767
132.0,131.90688
112.0,122.99995
44.0,59.070732
94.0,80.69294
46.0,73.593506
132.0,132.16144
500.0,409.09402
132.0,325.66653
189.0,190.95183
132.0,132.16144
69.0,73.869934
132.0,120.89028
77.0,72.58407
132.0,132.16144
500.0,495.91934
122.0,140.80095
275.0,250.33415
132.0,123.95359
38.0,43.53966
175.0,88.50622
324.0,306.13885
265.0,284.30905
87.0,94.46493
258.0,249.1111
300.0,322.36652
102.0,107.2532
43.0,58.33646
351.0,302.16425
261.0,255.80586
132.0,126.94169
112.0,125.08298
132.0,132.67958
132.0,132.23254
172.0,177.9306
98.0,121.22043
72.0,79.37782
286.0,234.40399
43.0,54.43744
96.0,92.22705
312.0,313.7913
347.0,359.79126
500.0,391.6431
54.0,54.743156
92.0,98.59777
124.0,107.71692
136.0,133.12326
308.0,272.40237
253.0,237.21407
270.0,261.59915
500.0,493.01773
99.0,103.17618
73.0,92.15697
132.0,353.49194
337.0,302.2407
132.0,131.90688
79.0,87.824585
294.0,291.72928
332.0,350.5101
132.0,132.16144
368.0,353.53915
230.0,219.62512
117.0,67.16411
310.0,318.80624
132.0,135.96794
114.0,132.16144
117.0,141.08252
58.0,63.865646
132.0,130.54413
93.0,97.2886
57.0,71.65397
94.0,98.88093
314.0,285.17728
169.0,241.44774
366.0,351.63736
132.0,134.96938
49.0,58.97945
500.0,496.80447
104.0,134.22826
121.0,126.777214
132.0,132.16144
226.0,198.67357
244.0,233.67456
121.0,113.676186
188.0,168.94865
429.0,371.8518
334.0,319.60452
103.0,100.44268
321.0,314.5761
300.0,264.03677
96.0,91.9981
155.0,116.181244
215.0,229.60007
113.0,104.844
132.0,126.6285
171.0,161.6875
302.0,290.36163
386.0,384.74692
300.0,287.61996
158.0,162.1187
264.0,299.3041
162.0,121.87753
212.0,176.0588
57.0,67.37015
208.0,156.92256
113.0,109.72483
49.0,81.35982
77.0,79.10701
275.0,255.54402
132.0,130.41785
196.0,193.83044
132.0,132.16144
71.0,79.81146
89.0,110.898605
46.0,46.95396
132.0,132.16144
119.0,146.24706
73.0,64.085205
132.0,141.48273
184.0,207.50502
132.0,124.483536
95.0,107.54547
214.0,253.28622
177.0,140.3103
222.0,198.84003
132.0,131.59605
206.0,195.14291
255.0,262.40936
66.0,66.88711
315.0,175.05548
244.0,262.89008
209.0,249.24402
77.0,91.92066
455.0,401.8586
124.0,130.77377
121.0,92.13936
96.0,103.3238
74.0,80.66991
288.0,279.4706
89.0,92.95912
375.0,350.2671
500.0,478.71594
110.0,111.61701
311.0,292.8859
92.0,102.508766
99.0,109.60605
467.0,479.99158
132.0,132.16144
86.0,74.361984
71.0,79.6238
306.0,281.41916
35.0,49.915863
118.0,120.84173
234.0,171.75491
348.0,306.013
132.0,131.73352
228.0,190.09074
132.0,132.16144
156.0,179.8077
154.0,107.97162
404.0,450.8599
132.0,132.16144
326.0,320.88712
340.0,309.82635
132.0,131.72699
277.0,281.0782
385.0,377.2169
132.0,131.80215
172.0,135.95537
136.0,120.29395
132.0,72.00041
441.0,394.83163
199.0,219.69772
131.0,112.02363
82.0,63.98295
168.0,147.65508
340.0,331.2592
103.0,109.97611
204.0,178.36542
55.0,50.363
93.0,97.31707
132.0,75.76239
121.0,135.17719
132.0,139.88986
131.0,146.7843
235.0,231.7085
132.0,62.385185
132.0,132.16144
121.0,127.49286
103.0,90.89256
57.0,59.585533
350.0,316.18314
184.0,228.92911
132.0,131.80582
134.0,142.09535
131.0,143.1661
296.0,361.51694
88.0,113.37707
393.0,283.2135
51.0,57.96368
59.0,70.69311
394.0,358.93384
210.0,159.03174
58.0,75.039345
43.0,45.70312
132.0,334.97336
206.0,197.91759
118.0,123.05945
136.0,149.42398
66.0,75.268875
340.0,295.855
150.0,135.19139
156.0,181.71521
484.0,442.24948
132.0,131.80582
103.0,110.93232
157.0,147.03723
48.0,52.635155
48.0,64.92039
309.0,235.60347
132.0,134.16777
132.0,131.54343
70.0,74.334816
206.0,318.5617
255.0,186.48576
110.0,95.55013
132.0,132.16144
63.0,70.36914
329.0,332.39423
337.0,343.08536
119.0,121.84654
132.0,132.16144
183.0,178.09627
410.0,363.36948
80.0,93.21013
54.0,55.188755
115.0,93.95169
109.0,99.25915
259.0,234.52368
104.0,106.55131
132.0,132.16144
132.0,133.35306
216.0,222.11963
132.0,139.37766
39.0,46.159622
141.0,127.714554
168.0,197.54321
45.0,51.517418
107.0,110.951096
132.0,131.80582
132.0,132.16144
55.0,85.41728
54.0,57.498135
68.0,77.789635
114.0,98.78042
298.0,261.8905
301.0,280.96396
271.0,294.8839
213.0,194.4604
132.0,171.96516
53.0,50.702587
54.0,51.789127
241.0,250.20326
100.0,109.70571
115.0,114.89973
125.0,132.79185
90.0,112.729836
48.0,58.4097
300.0,278.62732
154.0,119.14902
132.0,111.94014
102.0,102.79268
177.0,159.12907
81.0,86.5659
96.0,105.02963
66.0,38.526768
115.0,105.11098
100.0,133.58098
62.0,75.40642
111.0,112.294586
243.0,235.93974
95.0,113.65889
150.0,154.43596
500.0,491.3889
132.0,132.16144
473.0,386.4197
149.0,169.84976
132.0,131.91133
105.0,104.14226
114.0,127.19393
84.0,90.8552
158.0,173.64256
104.0,86.154785
129.0,151.15573
94.0,95.65113
178.0,170.53542
241.0,264.85864
132.0,131.60725
126.0,132.92236
132.0,132.14624
42.0,49.25907
55.0,72.15955
128.0,142.7304
132.0,131.90688
45.0,43.553
132.0,131.90688
213.0,227.48146
51.0,60.15147
86.0,74.0034
77.0,70.29259
57.0,59.553074
120.0,158.39485
132.0,131.72699
333.0,307.29196
132.0,132.16144
56.0,70.03613
187.0,177.31343
132.0,131.91133
73.0,69.50597
98.0,124.44071
132.0,132.16144
327.0,319.9361
132.0,134.52483
132.0,131.90688
124.0,135.63254
62.0,63.471478
324.0,312.2745
162.0,171.34819
44.0,71.5125
422.0,411.47653
490.0,464.3265
163.0,157.27399
121.0,131.97469
491.0,468.86865
391.0,395.45093
332.0,324.70746
394.0,382.8655
30.0,44.04171
203.0,245.16928
357.0,382.85513
273.0,232.03676
87.0,105.097534
205.0,207.94167
313.0,296.97577
369.0,384.2303
132.0,292.48428
435.0,346.3025
132.0,271.74866
132.0,134.89972
71.0,64.84739
305.0,251.3026
452.0,407.6718
177.0,174.46956
132.0,131.69267
132.0,132.16144
500.0,395.14554
500.0,454.38782
364.0,365.09943
184.0,167.12085
91.0,137.15088
132.0,131.58475
218.0,212.14526
129.0,132.89027
67.0,71.13738
192.0,145.53918
78.0,97.807915
200.0,194.90704
246.0,174.73813
169.0,133.42009
60.0,87.93464
90.0,97.11
75.0,98.954865
110.0,104.2287
431.0,439.18994
362.0,345.61276
300.0,205.98355
109.0,121.77608
76.0,95.067986
132.0,128.36398
132.0,118.00819
92.0,98.26927
51.0,58.162422
166.0,171.5326
54.0,68.39385
286.0,286.41107
197.0,151.12447
76.0,75.939644
118.0,119.457954
132.0,132.16144
132.0,132.16144
62.0,78.27797
116.0,135.5941
72.0,73.2656
500.0,490.9818
92.0,86.92418
116.0,123.57551
262.0,237.82832
158.0,171.16794
112.0,105.72524
90.0,94.64886
500.0,471.38046
69.0,71.87634
404.0,415.138
132.0,132.16144
80.0,74.36465
132.0,132.16144
149.0,169.95827
358.0,359.57126
132.0,131.91133
132.0,140.81496
307.0,269.89938
86.0,93.59468
360.0,416.83472
498.0,487.21658
33.0,55.114136
100.0,115.31675
95.0,107.78526
107.0,104.129456
308.0,296.02676
92.0,104.484375
75.0,89.69466
103.0,103.70012
100.0,101.98975
96.0,109.35089
63.0,63.949223
72.0,81.21581
132.0,132.14624
132.0,429.78775
103.0,110.27875
500.0,485.3071
155.0,156.16231
77.0,81.842865
367.0,356.96982
28.0,57.694107
91.0,91.82304
279.0,231.08264
86.0,94.23533
79.0,74.24896
107.0,113.247086
430.0,384.727
132.0,132.14624
216.0,234.56125
78.0,88.81857
107.0,109.5736
86.0,75.196205
500.0,439.17896
341.0,293.2752
174.0,183.85594
92.0,98.67786
132.0,132.16144
345.0,311.88065
132.0,141.15073
132.0,135.68756
243.0,200.4518
147.0,151.13882
71.0,54.802788
32.0,54.22047
107.0,129.28386
346.0,351.95828
99.0,110.15536
132.0,131.90688
75.0,83.09794
132.0,132.0771
430.0,412.8129
103.0,90.03291
132.0,131.71933
86.0,98.63821
124.0,134.84227
420.0,414.3956
306.0,207.70003
434.0,467.52747
132.0,132.16144
45.0,48.998154
110.0,111.57861
120.0,130.0383
291.0,212.08559
127.0,133.82475
67.0,98.67865
319.0,325.53226
215.0,142.01286
241.0,286.17548
132.0,132.16144
160.0,161.73767
132.0,83.843605
97.0,140.93231
113.0,151.97781
324.0,328.7563
161.0,162.25633
132.0,131.90688
244.0,172.3296
46.0,55.382553
102.0,113.05843
197.0,257.0574
267.0,199.48155
117.0,96.560616
79.0,74.83641
140.0,143.61816
298.0,238.38167
101.0,93.93819
234.0,242.38228
53.0,63.233067
249.0,200.37653
115.0,139.18776
104.0,100.11933
93.0,121.4926
132.0,132.16144
118.0,132.98534
132.0,187.21486
114.0,117.88468
145.0,135.30272
85.0,60.174244
167.0,199.29391
68.0,77.247116
259.0,319.67557
266.0,275.1269
109.0,101.138824
346.0,348.56854
165.0,162.12097
253.0,246.96466
66.0,74.59389
79.0,89.17281
157.0,151.80795
132.0,123.81022
132.0,132.16144
404.0,398.70853
84.0,76.20982
40.0,54.736526
106.0,129.53061
500.0,495.52835
381.0,374.34152
102.0,131.85147
500.0,417.8468
132.0,131.73352
132.0,132.16144
111.0,123.83761
79.0,74.59404
86.0,93.703316
83.0,72.84794
100.0,103.40218
37.0,49.625977
259.0,219.0476
132.0,132.16144
348.0,319.00165
92.0,91.43429
40.0,75.60956
72.0,85.56697
79.0,87.15117
48.0,60.671963
84.0,102.573166
219.0,221.42746
183.0,104.41755
99.0,110.26372
265.0,244.50642
72.0,88.16358
230.0,246.2386
248.0,250.5957
308.0,306.48373
77.0,63.597973
62.0,90.851524
132.0,132.0771
176.0,149.87149
211.0,213.79507
408.0,423.31088
132.0,128.2024
132.0,132.16144
297.0,280.9996
132.0,129.834
334.0,322.3891
103.0,112.668564
105.0,97.58879
146.0,106.93107
52.0,64.919525
132.0,131.1493
68.0,99.49097
97.0,107.29014
202.0,239.50806
132.0,131.91133
414.0,419.67593
58.0,63.256695
56.0,75.57597
154.0,160.18008
31.0,72.340034
132.0,139.86348
354.0,329.31238
180.0,187.35529
288.0,287.99423
324.0,285.02377
114.0,115.187744
108.0,109.00459
73.0,105.84548
156.0,79.00204
319.0,315.85376
88.0,106.51933
357.0,347.10565
116.0,117.370804
108.0,132.98302
155.0,140.82132
132.0,131.47421
132.0,136.41083
61.0,65.08204
49.0,60.98165
97.0,114.47472
361.0,319.5218
132.0,132.16144
328.0,322.01202
113.0,128.87563
132.0,132.14624
101.0,99.05294
132.0,133.93454
177.0,159.52266
316.0,337.5176
132.0,132.16144
132.0,132.16144
107.0,87.63695
132.0,132.0771
132.0,132.16144
84.0,99.127625
136.0,129.76453
321.0,320.48053
76.0,82.56442
73.0,99.032936
194.0,163.53157
160.0,161.56715
104.0,130.15256
85.0,89.479805
73.0,62.928192
132.0,131.73352
42.0,71.87062
132.0,131.90688
327.0,314.7192
132.0,132.03839
82.0,74.49508
48.0,70.6749
132.0,129.91461
55.0,69.06621
132.0,122.07721
132.0,240.30289
104.0,130.65881
178.0,92.60906
327.0,194.80931
62.0,61.146915
223.0,168.8429
132.0,131.69267
216.0,186.56718
125.0,181.43588
418.0,433.08444
132.0,119.34468
132.0,137.43399
132.0,132.16144
132.0,132.16144
280.0,310.2799
174.0,193.05162
234.0,235.22594
132.0,125.697205
91.0,106.65709
102.0,101.50629
132.0,127.48126
141.0,134.57047
46.0,123.26854
56.0,60.30084
142.0,191.4866
74.0,81.28739
57.0,61.360138
479.0,479.28824
132.0,129.95215
46.0,45.50106
82.0,85.15152
145.0,148.01892
217.0,98.2481
132.0,131.80582
168.0,188.97394
132.0,132.16144
132.0,132.0771
153.0,127.9758
86.0,156.14877
316.0,278.1254
101.0,98.12247
132.0,132.16144
132.0,132.16144
159.0,163.4964
121.0,136.15263
66.0,64.0235
400.0,398.41528
355.0,391.53952
88.0,104.80067
132.0,131.90688
152.0,292.4171
110.0,118.46915
284.0,255.0235
92.0,69.217636
99.0,158.17078
18.0,63.38772
326.0,303.6632
65.0,67.13142
93.0,62.573887
149.0,141.55989
84.0,90.352104
337.0,315.9775
332.0,322.97516
83.0,99.571304
99.0,101.6606
343.0,348.34143
69.0,82.68665
132.0,132.16144
75.0,71.67526
57.0,84.58215
87.0,96.92881
129.0,138.5995
161.0,195.081
103.0,116.69253
247.0,203.28796
132.0,110.91012
132.0,131.09766
500.0,500.38824
132.0,131.91133
126.0,92.091484
112.0,113.55439
192.0,153.77594
330.0,333.1448
132.0,132.16144
63.0,62.166508
372.0,357.7209
46.0,60.915867
364.0,382.13998
85.0,77.7285
80.0,105.18992
50.0,67.55422
157.0,146.40422
120.0,126.35072
40.0,81.18416
329.0,372.09787
89.0,86.7867
165.0,177.4044
27.0,48.279575
93.0,86.1916
112.0,94.879814
27.0,44.82131
104.0,98.61987
94.0,95.2939
127.0,125.89063
139.0,118.307076
49.0,53.777138
132.0,142.31664
369.0,374.26166
232.0,229.47107
132.0,127.34772
132.0,133.65733
37.0,41.13869
33.0,52.16722
222.0,174.89317
36.0,41.253708
60.0,61.42947
306.0,283.93872
132.0,132.16144
491.0,434.5812
322.0,325.8062
74.0,79.33432
166.0,166.54346
132.0,132.14624
107.0,112.75825
98.0,96.40115
66.0,85.0354
72.0,93.67554
73.0,80.59015
132.0,131.75154
245.0,272.01846
74.0,65.48666
417.0,431.11813
122.0,104.35303
66.0,63.756596
224.0,216.79807
35.0,44.22828
379.0,353.20514
223.0,239.35922
312.0,258.91058
123.0,122.30323
206.0,232.01968
56.0,70.19705
136.0,196.69957
85.0,105.80497
56.0,57.40605
357.0,320.4284
74.0,91.883995
252.0,276.56955
191.0,213.96187
86.0,112.89408
132.0,162.0248
54.0,54.9117
309.0,283.4346
85.0,92.254074
132.0,131.80582
36.0,42.138462
442.0,395.23798
132.0,128.29654
349.0,423.97772
85.0,87.808136
226.0,210.96208
303.0,282.50635
225.0,218.95943
132.0,131.8571
132.0,126.99102
260.0,236.31284
150.0,151.1577
96.0,132.16144
102.0,87.77226
89.0,93.01575
40.0,48.334995
132.0,132.16144
139.0,154.47899
118.0,125.814064
500.0,501.89877
159.0,146.95491
127.0,110.80027
297.0,252.00952
160.0,262.26196
167.0,174.34155
191.0,194.05286
132.0,135.80524
149.0,173.5449
95.0,106.73186
131.0,140.86836
132.0,132.16144
284.0,289.57578
62.0,65.20765
76.0,100.09459
132.0,132.16144
365.0,345.0356
103.0,112.45788
68.0,87.20705
500.0,466.99295
100.0,85.370186
132.0,131.80582
125.0,92.635925
144.0,135.1818
46.0,65.9538
202.0,216.07376
55.0,59.732456
94.0,103.269936
99.0,81.266525
66.0,93.04893
293.0,263.89508
252.0,116.18336
132.0,132.16144
125.0,127.938805
74.0,70.71617
160.0,148.95996
73.0,96.20465
183.0,224.25148
96.0,102.27851
329.0,288.43286
355.0,366.81918
366.0,349.70853
132.0,132.0771
19.0,35.560257
160.0,99.54153
23.0,37.458412
127.0,128.00696
136.0,140.88618
91.0,113.023636
375.0,347.21466
141.0,146.45856
194.0,203.04807
72.0,69.88279
24.0,37.547462
132.0,131.73352
133.0,107.92294
475.0,432.29434
315.0,309.97156
319.0,313.60928
112.0,90.61862
286.0,317.62418
178.0,195.44186
39.0,54.353413
71.0,79.84702
213.0,177.6409
261.0,286.33835
126.0,130.38167
132.0,133.98752
172.0,172.18396
137.0,187.95117
375.0,338.52856
101.0,104.66585
132.0,136.28038
85.0,114.11945
122.0,158.27051
132.0,132.16144
157.0,190.28856
122.0,130.42624
117.0,115.69315
321.0,298.0406
132.0,132.14624
290.0,240.16156
95.0,102.344666
108.0,99.8583
214.0,196.01634
67.0,77.68594
357.0,338.9571
217.0,183.69572
308.0,293.77808
132.0,211.35068
106.0,105.52381
40.0,40.99891
152.0,144.9042
99.0,75.45673
59.0,71.064926
315.0,317.90256
132.0,132.0771
106.0,112.25862
117.0,127.89499
264.0,236.73438
101.0,113.811676
132.0,131.51996
334.0,330.24762
132.0,106.91621
132.0,132.16144
60.0,75.75816
267.0,249.16107
29.0,37.20999
404.0,382.06018
52.0,73.52675
357.0,328.69287
43.0,61.20858
82.0,94.00258
132.0,131.91133
105.0,116.2366
374.0,335.6387
226.0,207.99086
340.0,337.67703
132.0,132.16144
76.0,80.02561
132.0,132.14624
81.0,86.93423
322.0,333.57776
51.0,53.43387
87.0,105.92641
56.0,61.71831
33.0,52.70825
205.0,204.34184
88.0,93.05866
183.0,174.78116
141.0,157.39
124.0,126.107124
209.0,258.048
55.0,71.05919
132.0,132.16144
132.0,413.94595
69.0,71.06131
132.0,132.16144
404.0,373.19583
248.0,190.9732
226.0,204.19345
205.0,189.09117
132.0,132.16144
500.0,476.44397
150.0,167.9177
86.0,91.93842
116.0,107.93805
132.0,131.92761
62.0,81.80501
132.0,130.62001
183.0,190.96622
241.0,255.87524
132.0,131.71658
156.0,148.5322
78.0,89.72031
33.0,42.192455
106.0,108.509155
500.0,463.3852
190.0,204.07822
316.0,319.01178
244.0,213.8388
94.0,144.3517
46.0,48.016327
132.0,131.47685
189.0,185.05487
72.0,69.66853
273.0,115.15268
43.0,55.196667
132.0,125.64641
307.0,326.82928
132.0,131.72699
178.0,172.7871
500.0,409.86362
132.0,132.16144
213.0,171.73747
334.0,345.93384
132.0,132.0771
132.0,77.42222
101.0,103.158325
500.0,437.44238
104.0,107.800804
386.0,356.9487
132.0,129.81044
132.0,132.16144
105.0,124.09398
132.0,116.14754
500.0,482.45935
119.0,169.13687
94.0,102.989586
56.0,75.749565
174.0,185.91628
158.0,148.71988
472.0,445.93448
385.0,322.5105
125.0,145.34645
31.0,56.325527
167.0,166.31398
132.0,131.91133
132.0,131.91133
132.0,112.28412
132.0,131.72699
110.0,93.59031
79.0,111.912605
109.0,107.185295
41.0,40.882496
110.0,122.81367
132.0,114.388016
98.0,78.11884
105.0,78.44763
197.0,212.61218
297.0,290.92505
354.0,334.48798
164.0,163.1252
225.0,219.12608
132.0,139.66878
293.0,302.91895
36.0,44.363934
300.0,271.36182
184.0,161.21118
349.0,307.00122
132.0,126.62306
54.0,64.94095
105.0,87.140045
36.0,46.796703
146.0,145.81845
132.0,134.80045
141.0,147.98111
75.0,55.263634
61.0,57.70191
307.0,304.74677
172.0,153.9174
132.0,131.72699
141.0,168.73012
132.0,117.49061
329.0,290.06888
132.0,132.0771
137.0,199.24525
64.0,103.74447
132.0,132.16144
92.0,93.07955
91.0,87.05563
132.0,125.13646
49.0,58.46636
80.0,94.90231
394.0,401.37326
338.0,335.89502
70.0,62.496677
75.0,88.19931
160.0,140.7476
132.0,131.80582
132.0,132.14624
25.0,56.54031
319.0,316.70947
251.0,232.50569
305.0,290.93317
100.0,118.35744
132.0,133.19724
192.0,168.52701
69.0,61.686787
94.0,73.92582
310.0,302.77023
132.0,149.9041
121.0,119.440056
344.0,342.22324
75.0,66.57702
104.0,125.71593
136.0,68.87784
63.0,76.75823
131.0,147.7045
381.0,386.85635
85.0,107.82217
500.0,449.4313
108.0,123.47265
500.0,475.00156
346.0,328.92184
132.0,131.48904
132.0,132.16144
129.0,117.81136
200.0,210.06403
140.0,120.64142
132.0,132.16144
91.0,103.41123
276.0,251.0107
362.0,337.5463
301.0,249.1704
132.0,129.69061
132.0,131.80582
132.0,153.48233
251.0,246.25444
47.0,43.840874
500.0,435.1906
132.0,132.0771
132.0,83.80774
46.0,52.249786
79.0,86.89933
114.0,131.39995
108.0,124.6373
363.0,315.2588
336.0,333.33212
273.0,236.51263
240.0,178.86903
132.0,132.16144
42.0,51.103786
132.0,132.06238
85.0,98.65924
151.0,153.73288
342.0,349.96417
92.0,116.701515
129.0,130.31259
99.0,91.521484
244.0,194.47281
134.0,136.995
81.0,64.13371
147.0,132.19948
134.0,134.82253
60.0,59.096462
123.0,117.32308
70.0,67.67176
243.0,252.80972
500.0,486.51822
132.0,131.91133
119.0,92.1445
132.0,128.36981
132.0,131.45752
117.0,149.50197
181.0,177.6275
135.0,135.50299
132.0,134.33186
44.0,53.404766
132.0,131.90688
152.0,180.05191
243.0,219.41502
31.0,38.153645
313.0,315.8482
120.0,88.96887
358.0,399.2493
140.0,154.99153
202.0,182.1943
90.0,114.07364
139.0,117.74403
102.0,88.27413
50.0,57.85675
226.0,220.20644
132.0,131.91133
334.0,355.08667
52.0,86.735374
105.0,113.071175
60.0,64.26181
258.0,255.16562
132.0,114.38242
124.0,124.26362
121.0,125.39439
256.0,236.26907
52.0,48.19053
163.0,175.97273
207.0,213.71097
377.0,381.17883
356.0,353.86795
133.0,156.34969
311.0,264.30017
139.0,125.371704
297.0,286.43677
59.0,76.6907
257.0,238.62868
132.0,132.16144
184.0,142.8293
72.0,106.0857
324.0,349.85107
152.0,144.72624
155.0,161.99371
266.0,248.59752
127.0,113.67874
62.0,67.08945
92.0,97.20296
434.0,425.02975
269.0,268.07965
105.0,106.5069
132.0,132.16144
25.0,41.818104
122.0,139.12538
238.0,241.27364
113.0,121.49555
49.0,73.39584
132.0,125.92829
108.0,106.826065
409.0,289.73883
132.0,132.16144
132.0,77.53591
314.0,324.4399
207.0,215.43555
132.0,131.67644
83.0,84.62548
90.0,109.134094
132.0,98.25943
213.0,245.28654
72.0,79.447174
156.0,98.76727
258.0,191.90002
74.0,88.35584
132.0,132.16937
160.0,164.68378
47.0,67.40358
353.0,348.13757
132.0,130.72186
80.0,74.78307
306.0,284.09457
99.0,112.241394
161.0,147.88078
132.0,129.84319
132.0,132.16144
214.0,176.16724
30.0,61.512028
396.0,391.12717
132.0,132.16144
103.0,94.056465
132.0,131.73352
324.0,317.80804
100.0,148.46078
339.0,308.76
264.0,267.54166
261.0,223.34012
124.0,130.41974
169.0,175.72412
129.0,131.6691
96.0,104.72542
93.0,127.57167
132.0,133.82784
152.0,157.25961
130.0,128.91626
156.0,132.21262
132.0,132.16144
87.0,92.27612
132.0,131.69267
125.0,173.68439
276.0,257.54315
132.0,131.80582
87.0,94.95343
415.0,325.12354
172.0,207.3769
184.0,140.88979
132.0,131.85175
132.0,131.72253
70.0,79.28051
196.0,216.66899
72.0,77.14626
351.0,341.4147
45.0,66.97769
100.0,136.94194
75.0,77.1171
500.0,432.25314
20.0,30.290173
56.0,81.285965
312.0,302.47656
330.0,299.2726
132.0,132.0847
286.0,304.16983
132.0,128.94318
87.0,108.74779
90.0,71.96553
182.0,198.17267
371.0,419.32822
261.0,275.15414
122.0,111.221344
107.0,231.72112
124.0,122.431694
132.0,132.0771
133.0,129.74573
182.0,172.77995
51.0,65.7042
163.0,159.89154
176.0,178.62956
45.0,52.376045
267.0,277.66095
292.0,295.55258
62.0,62.659775
149.0,161.91994
156.0,146.00615
40.0,50.21135
146.0,146.10175
132.0,132.16144
128.0,138.90416
500.0,357.16263
332.0,320.29398
116.0,132.57634
132.0,132.16144
132.0,128.62267
132.0,134.56786
94.0,118.25242
99.0,104.022644
55.0,80.905876
307.0,304.2633
67.0,66.6611
59.0,55.107594
132.0,131.90688
115.0,106.79207
132.0,118.36032
132.0,132.20647
150.0,159.22408
43.0,45.539295
169.0,180.78271
79.0,102.42556
226.0,195.65268
60.0,66.477844
375.0,365.87564
111.0,105.758224
189.0,200.17783
432.0,413.65317
369.0,423.10828
132.0,132.0771
94.0,81.85209
132.0,132.16144
99.0,96.22759
132.0,131.77922
199.0,183.93567
68.0,70.4372
114.0,81.46617
191.0,160.08273
57.0,57.94685
189.0,268.36395
303.0,319.19797
20.0,33.14036
219.0,216.93994
144.0,163.83212
288.0,325.96378
415.0,379.21793
47.0,56.01072
151.0,140.52266
51.0,64.150276
106.0,110.67397
108.0,99.17132
56.0,51.464638
132.0,132.06238
38.0,58.123474
132.0,139.73997
297.0,313.8019
53.0,71.08033
300.0,285.57104
62.0,62.094707
152.0,165.434
79.0,94.47233
312.0,293.52936
170.0,177.21912
312.0,303.03586
336.0,307.23743
386.0,369.76614
500.0,480.2505
132.0,132.16144
62.0,69.97853
132.0,127.714874
78.0,83.78001
459.0,462.83353
348.0,345.7354
236.0,191.3578
41.0,50.10607
132.0,139.89296
132.0,137.02496
82.0,103.19811
92.0,103.11467
92.0,78.96887
206.0,200.69917
104.0,106.48549
154.0,145.97873
247.0,233.62675
85.0,91.61168
89.0,96.3404
257.0,222.54544
345.0,306.19223
209.0,188.98798
132.0,132.14624
85.0,107.77232
68.0,61.9199
111.0,130.04834
310.0,333.54117
51.0,57.337746
104.0,112.34975
110.0,94.04483
121.0,133.75082
74.0,87.21525
54.0,57.127865
169.0,160.05637
109.0,120.432526
110.0,125.794975
254.0,300.85754
132.0,142.64012
28.0,55.107845
104.0,107.8541
132.0,132.16144
151.0,156.28946
132.0,132.0771
176.0,159.06369
79.0,80.92422
132.0,132.16144
145.0,150.37898
108.0,129.53001
383.0,424.03397
139.0,115.42178
132.0,95.23382
186.0,200.63652
111.0,105.20611
304.0,303.7684
44.0,46.656166
83.0,93.75176
60.0,59.47062
132.0,138.63829
326.0,332.93768
136.0,136.69673
132.0,132.16144
316.0,319.88477
69.0,85.84578
110.0,100.85767
72.0,95.141106
26.0,52.336575
152.0,177.01164
86.0,119.907524
108.0,110.75388
130.0,129.8528
91.0,100.74732
73.0,83.60565
154.0,151.9566
69.0,83.08259
220.0,227.21925
132.0,131.73352
202.0,90.5656
157.0,303.11148
500.0,481.5734
138.0,127.37893
420.0,392.65317
500.0,412.96323
237.0,248.0352
90.0,95.57541
132.0,131.52042
60.0,63.93028
387.0,340.77267
44.0,63.78651
401.0,408.0725
354.0,361.54044
157.0,167.45384
89.0,85.486496
354.0,348.42682
132.0,118.742836
361.0,438.71094
129.0,125.1065
36.0,40.49173
403.0,443.63168
222.0,292.1807
53.0,69.02389
336.0,320.19055
132.0,132.16144
100.0,132.85657
299.0,302.97836
105.0,106.55899
355.0,367.811
187.0,205.22083
114.0,142.94377
393.0,448.70554
69.0,78.89874
458.0,443.4661
205.0,166.90555
86.0,137.02075
119.0,130.92616
132.0,132.25493
132.0,132.16144
132.0,125.98185
96.0,109.839134
132.0,132.16144
132.0,132.16144
89.0,65.76361
62.0,68.66854
62.0,52.070885
132.0,132.16144
132.0,132.16144
412.0,376.59418
104.0,129.53651
177.0,166.65826
199.0,176.97836
132.0,169.22014
52.0,55.948315
108.0,118.31778
34.0,58.036507
161.0,112.227776
324.0,247.57799
77.0,97.5814
115.0,127.12212
132.0,132.16144
51.0,55.43724
132.0,132.16144
407.0,382.0645
394.0,381.1682
126.0,144.9119
222.0,298.67206
139.0,136.19963
372.0,353.3252
132.0,131.91133
132.0,132.16144
132.0,132.16144
274.0,257.75485
105.0,105.637184
132.0,132.16144
333.0,312.9205
71.0,68.70864
103.0,107.3285
385.0,398.7192
92.0,100.437996
103.0,127.80369
374.0,356.6475
153.0,161.62904
75.0,84.57638
186.0,172.92082
66.0,91.28618
57.0,61.61641
132.0,131.90688
108.0,118.0417
500.0,422.54892
76.0,79.44662
128.0,139.67078
134.0,157.44273
120.0,141.60374
91.0,84.94967
132.0,132.16144
210.0,223.8417
202.0,275.71317
188.0,180.96275
132.0,131.91133
482.0,449.28314
500.0,451.4473
161.0,167.58223
60.0,72.69748
153.0,160.54541
72.0,66.220215
116.0,152.79881
73.0,71.83621
285.0,317.04245
156.0,155.42146
212.0,224.09303
176.0,102.05414
132.0,78.44628
132.0,132.0771
58.0,64.892654
78.0,110.40825
57.0,68.93345
132.0,130.73384
84.0,108.2569
82.0,91.292336
132.0,132.16144
132.0,136.95508
165.0,158.19989
128.0,148.26256
132.0,77.356804
426.0,398.2214
91.0,91.658035
500.0,359.06656
104.0,117.325066
500.0,499.20816
200.0,240.85191
71.0,85.37529
147.0,146.7729
139.0,126.91146
98.0,98.51613
185.0,201.7364
404.0,467.98773
78.0,81.062416
134.0,143.23602
308.0,177.18819
111.0,118.49723
113.0,108.03325
286.0,287.63138
119.0,129.17436
475.0,490.9222
132.0,132.16144
132.0,132.16144
132.0,132.16144
100.0,103.573456
374.0,291.18878
132.0,132.14624
391.0,354.21323
256.0,253.88387
166.0,151.18684
500.0,475.46387
132.0,132.16144
316.0,299.59778
122.0,140.31871
216.0,215.82506
148.0,148.05814
182.0,192.09439
186.0,198.85689
206.0,204.76555
136.0,145.0177
132.0,129.12689
102.0,96.65558
132.0,132.34738
132.0,132.16144
132.0,132.16144
106.0,87.79977
112.0,109.34479
375.0,294.5152
48.0,51.198193
226.0,192.83386
70.0,81.15364
132.0,132.16144
302.0,295.88525
84.0,112.63016
133.0,158.68185
72.0,133.63683
67.0,84.197784
132.0,132.14624
116.0,132.30328
69.0,72.28867
132.0,132.16144
307.0,287.38724
132.0,132.16144
167.0,268.92035
144.0,123.51136
52.0,79.494156
293.0,222.45334
97.0,93.38913
138.0,128.52586
66.0,75.27038
104.0,106.29582
120.0,113.62074
126.0,124.91235
62.0,78.91594
94.0,87.8728
158.0,153.44933
374.0,396.6746
130.0,117.69046
75.0,99.42195
132.0,100.504395
42.0,66.345055
231.0,215.25655
325.0,324.06256
267.0,281.78256
135.0,149.40717
268.0,247.93695
288.0,250.06416
429.0,396.32846
328.0,333.8833
142.0,157.86726
234.0,259.15628
82.0,87.528114
163.0,192.11317
139.0,116.34943
84.0,91.28562
132.0,126.05848
71.0,71.01676
500.0,486.7679
110.0,99.26385
132.0,132.16144
90.0,98.16978
201.0,213.51862
165.0,156.41212
43.0,55.008747
196.0,88.09971
223.0,165.80412
130.0,144.0295
59.0,55.74422
238.0,223.27888
194.0,194.94302
278.0,193.67085
83.0,99.73939
132.0,120.06636
52.0,46.32637
92.0,72.417404
155.0,155.68846
350.0,332.34027
280.0,281.6895
87.0,64.723145
132.0,131.66525
373.0,407.5144
130.0,135.54861
132.0,132.16144
94.0,114.75486
37.0,45.216225
192.0,132.16144
118.0,126.52627
72.0,62.423656
47.0,46.58538
124.0,105.19716
129.0,128.8312
287.0,265.13962
150.0,152.01018
55.0,54.88414
88.0,80.73874
169.0,140.28886
132.0,132.16144
132.0,128.23709
340.0,340.14246
294.0,281.6564
132.0,132.09552
132.0,350.01462
447.0,418.92078
91.0,98.90361
500.0,496.14612
40.0,47.74418
168.0,184.5424
115.0,126.50123
225.0,233.1252
191.0,201.42506
112.0,121.57924
142.0,133.3066
303.0,295.52814
98.0,123.28945
182.0,135.90627
218.0,243.94759
64.0,83.47431
240.0,223.56813
500.0,489.953
226.0,260.18503
37.0,49.04828
80.0,92.77596
48.0,54.71358
99.0,110.53021
151.0,219.11166
179.0,192.45226
132.0,132.16144
403.0,407.39395
58.0,46.81541
132.0,132.16144
265.0,277.49887
204.0,195.89699
36.0,60.975094
132.0,98.04566
377.0,225.34773
317.0,328.72037
59.0,62.775368
88.0,115.504135
54.0,77.34698
381.0,373.97632
132.0,124.9096
376.0,365.73547
132.0,132.0771
335.0,316.72498
132.0,131.72699
150.0,155.02254
88.0,122.30674
394.0,346.0436
21.0,31.733301
95.0,98.71128
86.0,74.81895
62.0,85.878235
132.0,132.0771
232.0,170.24026
364.0,362.71988
132.0,132.14624
132.0,132.16144
165.0,165.46428
347.0,379.16183
112.0,124.40653
40.0,47.901333
38.0,50.178875
168.0,173.83496
427.0,353.6716
148.0,141.17313
179.0,164.32056
74.0,78.99631
228.0,212.46687
132.0,132.16144
220.0,237.77432
132.0,132.16144
106.0,136.88426
266.0,216.30162
132.0,132.06238
280.0,222.1802
308.0,228.78714
132.0,136.09372
132.0,132.16144
72.0,107.45133
331.0,323.6694
104.0,126.96563
127.0,118.79175
56.0,82.74135
144.0,170.26031
278.0,310.18082
132.0,132.16144
131.0,136.72821
71.0,81.27967
72.0,79.98288
415.0,387.95
132.0,112.24817
132.0,132.0771
47.0,60.857933
479.0,458.11624
500.0,456.31805
235.0,264.0043
312.0,320.3308
125.0,161.74376
160.0,179.95012
131.0,141.40253
295.0,265.21005
500.0,425.4857
242.0,224.96326
132.0,231.93146
103.0,120.3021
254.0,189.13686
173.0,141.5765
138.0,163.62079
332.0,289.03632
119.0,110.0565
81.0,67.67952
132.0,136.8224
107.0,111.59724
413.0,415.5908
156.0,147.78128
309.0,274.33075
132.0,133.93454
215.0,232.14343
345.0,342.31863
122.0,108.176285
105.0,124.02758
92.0,82.958496
365.0,386.95972
126.0,139.13997
302.0,306.38818
89.0,106.9101
130.0,159.5395
405.0,381.82193
355.0,219.0733
132.0,126.01889
114.0,105.97176
111.0,123.782104
300.0,294.4086
407.0,448.15256
211.0,147.04564
102.0,126.724976
93.0,129.56398
297.0,284.90265
92.0,106.67656
95.0,109.952156
177.0,138.62923
114.0,97.29289
23.0,40.136448
132.0,140.33817
328.0,311.40735
102.0,96.331985
132.0,131.73352
188.0,180.76057
96.0,109.1911
110.0,118.60901
102.0,85.41358
86.0,94.241615
132.0,132.16144
123.0,149.49083
32.0,48.992863
314.0,311.12674
132.0,137.6268
135.0,156.88159
144.0,156.96756
122.0,133.05135
132.0,132.06238
132.0,132.16144
81.0,96.5945
132.0,132.16144
80.0,86.39491
87.0,80.71964
132.0,132.16144
112.0,117.655304
40.0,43.83357
58.0,80.87611
132.0,132.16144
42.0,70.8324
52.0,63.859768
132.0,132.16144
146.0,133.48091
78.0,85.43242
196.0,201.3393
40.0,50.974148
132.0,129.03075
242.0,225.90054
132.0,84.7901
132.0,132.16144
243.0,277.52594
279.0,226.61763
88.0,74.196495
216.0,196.26422
132.0,175.30429
56.0,54.074757
108.0,102.16115
70.0,71.604744
55.0,68.40761
111.0,131.75328
274.0,252.59738
135.0,128.21536
67.0,63.99753
68.0,77.35527
212.0,210.20197
103.0,115.18313
69.0,77.72291
67.0,75.014275
174.0,194.4973
117.0,158.65778
388.0,416.08832
500.0,475.5308
92.0,84.47707
61.0,91.493675
93.0,108.75107
96.0,105.75571
132.0,132.16144
52.0,61.12906
213.0,184.9409
79.0,62.7941
132.0,141.57988
97.0,106.555916
93.0,96.49142
380.0,351.6595
139.0,143.3403
77.0,77.58806
97.0,75.68436
462.0,391.4745
64.0,82.52816
137.0,131.96379
216.0,273.38528
177.0,161.13321
120.0,139.21762
132.0,133.93454
214.0,153.22076
34.0,52.72151
175.0,183.58769
132.0,132.0771
105.0,140.15274
43.0,68.48726
97.0,104.33129
169.0,137.48787
73.0,76.74179
132.0,131.80582
350.0,372.28436
100.0,100.0692
75.0,71.496475
319.0,300.31808
132.0,132.16144
31.0,40.838264
304.0,265.43243
96.0,121.61635
132.0,140.32748
101.0,113.407455
65.0,78.229614
211.0,182.2079
121.0,127.641014
90.0,90.81474
58.0,64.29979
102.0,111.50806
500.0,500.77463
75.0,82.22502
199.0,154.34692
149.0,144.09293
191.0,184.3191
500.0,489.28296
162.0,172.69469
158.0,129.79526
126.0,126.4194
17.0,61.41137
88.0,92.01191
138.0,130.77483
80.0,65.38178
110.0,98.34799
132.0,132.16144
183.0,153.06203
128.0,103.35279
201.0,152.75288
132.0,131.54073
79.0,78.70271
99.0,115.06687
132.0,132.0771
132.0,132.16144
310.0,297.86737
294.0,247.54076
132.0,131.73352
132.0,132.16144
148.0,162.8071
169.0,139.37474
162.0,130.37914
144.0,146.16377
132.0,132.16144
319.0,306.24234
132.0,131.55214
55.0,64.68511
68.0,86.71311
97.0,83.55704
228.0,235.37413
47.0,52.71755
132.0,131.62352
179.0,162.98729
132.0,126.67468
180.0,186.3323
333.0,292.31958
132.0,132.16144
132.0,147.66933
132.0,130.98311
55.0,63.8536
132.0,131.90688
132.0,139.14403
132.0,73.01197
81.0,91.816216
176.0,182.88635
132.0,132.0771
220.0,234.7151
312.0,305.22528
140.0,138.27692
162.0,154.13339
129.0,116.138504
87.0,125.4357
340.0,328.71082
132.0,132.16144
50.0,63.399124
148.0,144.62428
309.0,317.76862
61.0,67.620346
132.0,62.431564
54.0,64.57573
235.0,244.76431
295.0,330.18503
48.0,62.29391
96.0,88.48851
178.0,172.17949
64.0,66.52615
306.0,281.172
132.0,132.16144
335.0,323.59366
117.0,137.12056
190.0,186.45187
132.0,131.90688
279.0,233.10411
132.0,235.73071
132.0,131.60605
75.0,96.427635
500.0,411.2945
132.0,132.16144
130.0,80.58551
132.0,131.63593
208.0,186.80847
132.0,58.570496
96.0,72.69118
69.0,67.34664
218.0,222.64485
132.0,131.91133
379.0,380.93304
133.0,132.60872
327.0,311.90387
469.0,453.08777
59.0,64.70411
244.0,197.53227
71.0,80.405525
378.0,393.97458
374.0,375.1963
140.0,148.05101
95.0,90.0361
96.0,98.81449
207.0,172.83142
381.0,383.38052
41.0,71.31138
132.0,132.16144
411.0,371.5145
132.0,154.28526
82.0,90.852974
260.0,233.53214
191.0,180.17632
77.0,71.108604
224.0,201.13704
132.0,123.51574
64.0,68.65403
500.0,490.59283
132.0,115.285
334.0,323.6478
53.0,75.105865
132.0,131.80582
197.0,175.52396
217.0,189.61868
132.0,132.16144
79.0,86.200455
132.0,131.69267
132.0,132.16144
117.0,125.296234
80.0,94.455864
93.0,121.02563
86.0,81.61981
242.0,217.19087
426.0,388.5107
111.0,122.55708
118.0,127.29031
322.0,305.556
127.0,106.819115
133.0,123.84345
38.0,46.618855
295.0,295.71677
191.0,242.6042
315.0,311.1775
95.0,115.2399
176.0,154.22693
132.0,132.16144
83.0,100.36008
228.0,188.39485
474.0,448.32028
43.0,56.335423
133.0,138.19398
132.0,132.16144
68.0,68.37084
132.0,243.46988
109.0,112.33225
79.0,88.87786
93.0,106.443665
132.0,132.16144
132.0,132.0771
168.0,143.70015
164.0,170.96933
109.0,101.06932
325.0,334.1858
324.0,333.1473
132.0,132.16144
94.0,78.63345
51.0,51.687885
76.0,92.143074
132.0,121.14672
132.0,132.14624
440.0,374.23267
377.0,418.78772
359.0,357.6743
132.0,132.16144
111.0,131.10603
246.0,166.07236
49.0,71.73441
132.0,131.73352
247.0,270.91647
168.0,155.35368
132.0,101.59356
427.0,445.70816
500.0,471.86664
362.0,375.5281
38.0,48.984856
112.0,107.72096
153.0,124.295555
269.0,271.1285
178.0,159.37094
132.0,132.16144
144.0,144.13835
132.0,132.16144
110.0,109.40661
70.0,81.79973
72.0,95.71324
132.0,167.94826
111.0,139.64273
224.0,185.4544
343.0,334.32855
140.0,158.975
132.0,131.38446
83.0,78.751076
185.0,178.92075
132.0,135.32364
66.0,50.22691
102.0,109.639946
132.0,325.82852
222.0,239.85345
64.0,76.412056
132.0,127.860916
302.0,276.68335
82.0,100.7302
64.0,65.842064
359.0,384.45798
59.0,67.14382
181.0,199.488
227.0,264.9649
132.0,142.18504
132.0,131.90688
132.0,131.72699
132.0,130.71275
307.0,295.65768
64.0,86.51982
214.0,175.18478
98.0,121.223526
365.0,382.29544
99.0,105.14968
112.0,115.76793
312.0,264.94696
344.0,336.9854
325.0,315.24
132.0,132.16144
326.0,322.31876
420.0,327.24142
132.0,132.16144
146.0,102.60508
71.0,83.52722
303.0,316.23648
111.0,111.9244
132.0,143.3177
59.0,63.07843
82.0,105.00731
265.0,301.2029
132.0,100.20317
132.0,144.8664
176.0,128.29036
190.0,160.6671
348.0,348.3647
328.0,276.72818
219.0,258.87698
32.0,40.358223
132.0,132.16144
132.0,134.42317
160.0,172.13016
98.0,117.4811
108.0,94.64803
85.0,95.87421
339.0,330.22028
76.0,82.91612
223.0,214.1016
132.0,131.80582
59.0,85.40003
199.0,162.11667
500.0,483.55734
90.0,108.55165
270.0,291.82373
351.0,333.33344
130.0,136.61958
92.0,99.62104
87.0,92.56942
329.0,330.76367
132.0,132.16144
132.0,132.16144
96.0,103.0715
145.0,152.2291
361.0,355.71457
53.0,50.756584
92.0,230.22107
83.0,90.66682
60.0,72.53374
91.0,85.98426
249.0,163.1525
118.0,119.15898
285.0,304.20004
73.0,67.10791
104.0,104.360085
90.0,107.75236
132.0,132.16144
324.0,327.51843
500.0,489.2878
31.0,44.80634
96.0,115.635445
297.0,305.0596
68.0,71.220604
132.0,132.16144
47.0,75.52853
56.0,57.518387
258.0,273.25327
96.0,89.47186
175.0,187.22949
132.0,98.85043
132.0,131.69212
104.0,133.10022
112.0,148.79431
84.0,60.890972
157.0,164.94249
112.0,113.94301
132.0,132.16144
111.0,139.21513
472.0,441.26834
207.0,220.42722
116.0,126.68746
118.0,110.680786
62.0,72.32661
103.0,107.09876
132.0,132.16144
94.0,110.83788
106.0,85.33181
69.0,75.89415
101.0,78.91262
199.0,238.58995
50.0,50.071037
71.0,69.39172
148.0,155.38841
215.0,145.35115
193.0,215.6418
132.0,131.90688
74.0,88.29276
32.0,44.57903
145.0,119.607666
132.0,132.16144
132.0,131.91133
315.0,361.39517
132.0,132.16144
92.0,103.0967
132.0,134.7017
67.0,78.19188
132.0,213.23134
500.0,498.36743
87.0,86.528275
115.0,116.12355
132.0,128.20782
306.0,248.80128
233.0,198.6317
157.0,143.98491
105.0,100.30606
59.0,76.49117
60.0,66.34015
89.0,99.16527
132.0,132.16144
259.0,269.49716
360.0,349.94565
292.0,264.17645
121.0,106.56505
462.0,331.72824
163.0,156.86205
132.0,131.91133
132.0,132.16937
117.0,116.42608
421.0,460.84424
221.0,126.01456
314.0,351.50095
57.0,63.561497
60.0,67.80574
276.0,300.0294
132.0,129.23738
132.0,132.16144
339.0,350.56952
170.0,183.16678
34.0,74.99484
84.0,89.25224
48.0,50.413692
337.0,334.2624
482.0,414.74445
50.0,71.531166
200.0,164.81874
191.0,244.47346
122.0,111.733665
229.0,231.29437
266.0,266.4585
54.0,66.3238
167.0,151.99667
132.0,130.6617
141.0,135.25412
122.0,131.64374
360.0,342.58798
132.0,126.62134
98.0,94.985504
83.0,71.01318
138.0,114.82868
190.0,187.24597
168.0,151.39957
75.0,80.010666
303.0,282.62186
75.0,76.54883
132.0,131.38446
45.0,40.530643
132.0,132.15102
53.0,73.74876
132.0,132.16144
66.0,81.50083
132.0,132.42021
132.0,132.16144
67.0,64.89926
132.0,132.70212
161.0,158.81741
51.0,80.37313
232.0,260.13812
44.0,55.592434
500.0,501.68616
381.0,389.72174
300.0,212.81598
151.0,138.45969
115.0,139.53699
329.0,363.70084
132.0,328.56384
116.0,122.1081
67.0,62.3199
132.0,132.16144
79.0,90.04274
75.0,86.60536
123.0,125.69355
198.0,169.2666
156.0,199.06981
81.0,107.103264
117.0,129.58925
167.0,205.97476
97.0,89.140686
107.0,118.22163
59.0,75.65265
185.0,157.06316
55.0,67.779465
127.0,121.32678
126.0,147.00336
63.0,73.04878
443.0,381.18576
132.0,132.14624
125.0,103.97287
125.0,124.227646
348.0,312.9839
132.0,132.16144
291.0,322.56265
30.0,40.162495
132.0,132.0771
132.0,132.16144
263.0,269.82184
132.0,132.16144
55.0,68.52955
71.0,56.687344
147.0,292.54224
87.0,96.56553
500.0,480.86826
134.0,115.58397
132.0,146.68893
132.0,132.16144
134.0,127.76745
65.0,65.539925
148.0,152.81876
132.0,132.16144
332.0,313.10013
336.0,298.1878
499.0,467.6839
125.0,115.790535
132.0,132.16144
145.0,149.59413
132.0,110.37412
116.0,117.15753
21.0,34.993435
132.0,132.0771
176.0,152.85995
259.0,186.59053
76.0,91.28905
75.0,88.08641
172.0,205.91924
82.0,80.35812
284.0,181.93437
45.0,64.49097
132.0,132.16144
39.0,47.031967
121.0,158.56877
500.0,499.8386
132.0,131.73352
368.0,367.19998
132.0,131.72699
109.0,122.02755
105.0,101.051315
51.0,81.85921
171.0,184.08804
132.0,132.16144
380.0,385.68277
161.0,175.32861
132.0,132.16144
110.0,104.9064
97.0,96.86654
131.0,149.2252
102.0,127.498245
272.0,308.17776
363.0,323.5784
51.0,56.112843
107.0,120.85036
141.0,180.4192
132.0,132.16144
251.0,201.18604
322.0,320.9716
132.0,131.90688
446.0,405.27747
132.0,131.91133
25.0,40.94052
77.0,85.95535
303.0,291.5938
91.0,111.110756
86.0,67.73565
132.0,131.80582
65.0,93.16545
82.0,146.87946
364.0,356.21487
220.0,225.77454
269.0,254.84082
134.0,199.91531
168.0,209.40746
103.0,96.499466
213.0,233.52208
76.0,89.79045
311.0,279.9532
124.0,112.52012
59.0,58.66212
92.0,100.277596
229.0,242.97296
37.0,43.162212
146.0,130.85043
54.0,66.5171
73.0,65.2096
130.0,144.37444
32.0,60.821533
132.0,123.924774
282.0,258.1943
132.0,137.8461
127.0,127.100975
94.0,123.89307
362.0,360.5816
137.0,208.73938
132.0,129.08252
130.0,128.85162
249.0,247.60457
104.0,111.19802
70.0,77.97914
205.0,236.94183
136.0,141.32903
500.0,496.45413
467.0,420.16324
160.0,134.60017
108.0,102.533775
251.0,235.29959
290.0,285.09354
74.0,65.32397
132.0,132.16144
127.0,114.12207
69.0,53.80858
500.0,485.0764
98.0,100.74092
199.0,168.56947
334.0,334.76804
289.0,312.6247
132.0,131.90688
180.0,192.57236
321.0,311.47748
132.0,132.16144
104.0,110.42251
84.0,84.99576
132.0,132.16144
132.0,129.32845
166.0,177.74712
441.0,280.36035
433.0,413.64047
134.0,117.05904
132.0,131.73352
108.0,113.20814
226.0,225.19876
157.0,151.90833
54.0,52.19581
71.0,80.803345
79.0,82.21176
268.0,297.30228
132.0,226.06253
122.0,121.76485
70.0,61.02883
229.0,200.72021
132.0,132.16144
132.0,131.73352
154.0,105.88023
220.0,236.69125
137.0,129.49101
131.0,111.561104
60.0,63.570633
132.0,433.47104
225.0,248.48056
209.0,198.78644
280.0,234.202
246.0,223.96648
132.0,131.92761
396.0,373.44968
83.0,83.92924
132.0,132.16144
347.0,345.29013
14.0,45.796257
156.0,130.01073
100.0,122.87119
275.0,313.1768
500.0,461.43787
132.0,143.23148
132.0,120.66937
351.0,289.6534
77.0,111.77719
116.0,124.197525
132.0,161.57835
132.0,131.90688
341.0,322.61014
328.0,425.48422
190.0,203.9799
344.0,368.85513
118.0,136.77534
135.0,75.972336
93.0,115.933754
108.0,116.634735
206.0,176.04607
205.0,234.47974
322.0,317.012
148.0,219.7757
316.0,131.90688
96.0,111.78824
55.0,60.67001
133.0,152.18454
215.0,202.4292
360.0,343.87524
65.0,63.09256
88.0,100.05817
132.0,131.90688
89.0,112.40638
232.0,250.07796
421.0,308.30673
79.0,92.517006
310.0,297.33676
109.0,107.54974
46.0,58.578976
98.0,110.17871
58.0,49.175274
75.0,74.30918
87.0,114.50905
132.0,131.91133
119.0,111.04239
114.0,98.553825
241.0,221.49191
107.0,96.59586
67.0,67.84856
228.0,163.08633
500.0,491.0413
79.0,71.20706
132.0,132.16144
389.0,400.36743
132.0,160.7427
206.0,189.39801
130.0,141.4302
179.0,177.88858
294.0,271.90454
69.0,83.92971
132.0,132.16144
47.0,56.015728
132.0,132.16144
96.0,103.86488
96.0,91.473656
302.0,306.05252
333.0,357.2909
132.0,136.10672
229.0,253.11172
78.0,119.82504
132.0,131.39441
324.0,305.0744
152.0,104.02352
76.0,94.81569
66.0,82.080635
121.0,123.50024
354.0,307.40506
76.0,77.67643
373.0,374.72916
409.0,377.64786
64.0,84.76196
132.0,132.16144
105.0,98.04805
281.0,294.17282
132.0,132.16144
107.0,99.7781
133.0,119.83493
150.0,131.14038
340.0,316.66907
157.0,169.62509
49.0,53.17669
93.0,96.490746
152.0,164.66197
182.0,171.68109
67.0,71.40879
166.0,170.9609
386.0,340.81174
157.0,165.23364
237.0,244.56062
312.0,322.35464
50.0,58.074154
132.0,131.90688
132.0,132.16144
114.0,100.34244
132.0,131.72699
382.0,332.08542
123.0,125.12095
132.0,132.16144
47.0,41.6579
248.0,272.18198
83.0,102.14889
469.0,449.3773
210.0,209.83257
318.0,335.22552
132.0,132.16144
132.0,131.91133
78.0,82.53626
110.0,138.6409
355.0,368.04517
132.0,132.16144
77.0,85.02329
415.0,393.35013
375.0,383.66675
163.0,165.16095
86.0,89.83774
323.0,239.61351
89.0,83.55417
223.0,220.62662
286.0,272.07333
88.0,76.90346
398.0,400.56717
336.0,235.09596
333.0,322.82782
109.0,133.13199
100.0,117.09011
66.0,62.263374
132.0,120.21513
42.0,53.337105
171.0,180.8147
24.0,38.210342
132.0,131.90688
64.0,75.00741
132.0,132.16144
48.0,76.6792
26.0,38.498386
132.0,132.16144
132.0,132.16144
157.0,199.14331
29.0,55.979668
34.0,60.713417
132.0,72.146225
132.0,132.16144
288.0,285.036
97.0,90.56191
132.0,132.16144
477.0,475.15207
166.0,114.16656
98.0,82.64225
95.0,87.79637
132.0,125.62983
51.0,58.84004
132.0,132.16144
132.0,132.11504
80.0,62.815926
146.0,145.616
75.0,86.21363
225.0,234.37709
132.0,132.16144
205.0,187.27678
344.0,332.34033
109.0,124.974976
100.0,90.66702
132.0,132.0771
132.0,131.5191
104.0,109.60359
121.0,111.94532
132.0,140.33817
161.0,199.32231
63.0,56.52117
60.0,67.68388
311.0,331.31265
93.0,97.61948
132.0,132.16144
37.0,44.171074
83.0,98.00926
57.0,66.42684
282.0,325.89246
82.0,98.222244
80.0,86.8869
500.0,483.26962
132.0,131.73352
229.0,192.22215
132.0,132.16144
97.0,122.0395
366.0,397.98264
474.0,478.838
93.0,92.057625
275.0,275.98218
343.0,296.17935
132.0,121.75702
132.0,132.0771
73.0,249.94873
166.0,194.47192
132.0,131.91133
427.0,393.31488
496.0,427.73785
353.0,288.01813
196.0,241.5681
49.0,50.877632
409.0,386.46448
132.0,268.3707
132.0,131.80582
68.0,69.386536
271.0,207.49146
367.0,366.2856
104.0,106.370735
185.0,132.16144
132.0,134.6846
190.0,194.79558
87.0,91.4328
84.0,89.09293
259.0,213.49771
102.0,100.525955
230.0,229.15459
144.0,150.93163
228.0,220.62729
342.0,322.3381
132.0,132.0771
82.0,65.643364
175.0,187.78714
75.0,66.675995
206.0,219.39865
329.0,311.06265
85.0,70.514885
126.0,138.96022
68.0,87.043755
172.0,119.21876
229.0,164.92506
152.0,165.56215
66.0,79.622345
139.0,150.32816
166.0,381.41318
158.0,147.59836
50.0,59.31536
132.0,132.16144
147.0,142.17809
133.0,133.41861
135.0,142.2019
111.0,126.676544
132.0,132.14624
109.0,112.45947
158.0,222.84476
58.0,72.322044
62.0,75.34847
393.0,403.77612
67.0,49.964886
132.0,131.91133
141.0,156.22025
255.0,225.93802
132.0,125.047386
80.0,83.83288
191.0,187.60558
105.0,123.944145
99.0,76.025696
132.0,132.16144
152.0,205.52612
109.0,110.90407
483.0,355.97662
334.0,359.1065
129.0,120.37821
132.0,99.7816
278.0,297.53937
170.0,178.19308
103.0,123.00638
87.0,82.81502
500.0,509.22177
134.0,109.704544
219.0,156.96158
82.0,79.38217
243.0,279.91486
323.0,303.41562
422.0,416.12302
287.0,276.1506
132.0,131.41046
132.0,131.91133
123.0,121.39687
92.0,105.190445
132.0,132.16144
45.0,48.614536
55.0,70.58814
132.0,128.93478
167.0,157.30772
132.0,132.16144
80.0,79.20122
247.0,205.72522
89.0,81.140854
500.0,397.90915
360.0,364.74466
276.0,247.0067
132.0,132.16144
377.0,363.53632
132.0,97.985695
59.0,75.478264
132.0,128.36545
260.0,256.85037
62.0,73.85922
286.0,264.27084
57.0,69.52519
130.0,139.05093
222.0,186.2362
132.0,132.16144
121.0,118.0705
48.0,60.83729
126.0,163.0144
132.0,131.69267
64.0,75.80793
106.0,108.813934
66.0,78.74955
107.0,108.22538
477.0,435.13495
98.0,196.92319
132.0,132.17168
129.0,142.98265
351.0,277.30136
142.0,129.58339
158.0,142.20888
61.0,79.28273
132.0,131.73352
61.0,70.47648
120.0,109.90426
101.0,102.81113
91.0,108.14827
132.0,132.16144
174.0,112.57592
46.0,48.355064
62.0,69.166
167.0,168.71042
68.0,76.67579
500.0,493.55212
132.0,132.16144
122.0,116.92456
217.0,233.29102
105.0,92.87017
295.0,277.89362
54.0,57.397793
79.0,89.130325
132.0,132.16144
132.0,133.83815
266.0,138.25298
165.0,172.1337
309.0,314.826
35.0,45.693417
70.0,80.22828
77.0,90.51725
225.0,179.54366
92.0,96.42761
50.0,55.00769
431.0,375.45343
75.0,93.01581
141.0,119.084595
355.0,407.60062
137.0,113.95852
132.0,132.0771
287.0,253.96512
132.0,137.26645
34.0,40.748264
153.0,156.8027
220.0,229.83665
100.0,110.50152
132.0,131.90688
132.0,132.82603
88.0,94.31441
108.0,118.28222
132.0,131.90688
34.0,42.397102
132.0,128.64447
90.0,101.44213
189.0,221.33546
121.0,143.4994
120.0,112.29062
85.0,68.84202
336.0,338.61487
189.0,239.9096
132.0,131.80582
316.0,306.13623
231.0,224.7092
438.0,462.9412
323.0,371.89853
132.0,132.0771
466.0,464.9484
332.0,360.84988
132.0,124.61926
364.0,375.64542
101.0,95.8939
148.0,150.6669
113.0,124.96544
84.0,122.63433
92.0,78.014336
74.0,136.29393
218.0,201.62926
96.0,143.97136
407.0,379.92255
73.0,85.02728
132.0,132.16144
132.0,131.91133
302.0,281.99478
132.0,107.61567
285.0,266.0058
65.0,78.86132
251.0,281.36667
132.0,104.112045
146.0,148.21729
91.0,107.49515
58.0,76.559654
69.0,81.186165
163.0,206.85527
75.0,53.702137
132.0,132.0771
68.0,84.77928
141.0,140.0875
188.0,179.78987
156.0,176.6182
35.0,39.658646
132.0,111.479614
150.0,104.93876
132.0,125.4637
59.0,62.58739
132.0,131.73352
83.0,89.12092
132.0,266.6527
81.0,78.07225
415.0,339.8118
324.0,323.64377
211.0,171.39268
132.0,241.60951
200.0,179.76775
132.0,132.16144
61.0,68.62275
313.0,328.09647
148.0,147.98418
62.0,64.106834
110.0,113.69881
263.0,359.17258
164.0,138.95241
55.0,55.90122
321.0,301.4169
25.0,38.706223
132.0,131.91133
70.0,91.075264
149.0,189.27795
62.0,70.378334
132.0,132.16144
174.0,185.30154
334.0,303.05344
500.0,496.65994
132.0,127.0833
132.0,131.69267
39.0,60.74794
500.0,424.29068
317.0,336.08337
132.0,132.16144
311.0,300.3808
160.0,149.62964
71.0,72.100945
274.0,251.91542
310.0,291.51843
135.0,124.042244
132.0,136.26558
132.0,132.16144
132.0,131.90688
197.0,158.05615
132.0,136.40796
54.0,57.66964
82.0,86.25749
378.0,374.0869
279.0,315.17566
273.0,225.12758
298.0,282.50925
56.0,58.50226
132.0,142.4968
76.0,56.876945
101.0,100.959595
132.0,131.90688
102.0,130.33028
338.0,333.75677
132.0,130.6007
203.0,251.43915
88.0,84.8187
67.0,92.58814
196.0,194.65205
148.0,159.50809
91.0,75.1263
47.0,56.955982
132.0,132.16144
489.0,432.31287
60.0,58.0899
121.0,133.95433
136.0,118.52848
61.0,68.60723
198.0,162.05489
292.0,289.74225
117.0,122.99978
55.0,62.18471
132.0,132.16144
83.0,96.08538
104.0,106.44505
132.0,130.12033
196.0,148.74895
132.0,132.16144
447.0,359.50696
132.0,131.90688
340.0,309.74603
338.0,154.2346
51.0,68.87718
132.0,132.16144
431.0,409.74036
310.0,297.5323
273.0,267.67645
224.0,308.42075
93.0,90.8506
383.0,409.23096
151.0,115.131615
132.0,132.16144
71.0,94.85637
150.0,153.5245
104.0,95.817566
312.0,262.21793
131.0,129.06819
132.0,132.16144
45.0,68.165855
88.0,102.00886
110.0,113.99204
403.0,363.66544
90.0,98.13124
76.0,64.16434
491.0,482.3651
135.0,100.43881
138.0,130.81741
132.0,132.0679
132.0,132.16144
244.0,179.08737
321.0,334.31842
199.0,205.08104
117.0,93.943695
209.0,110.91998
205.0,262.41406
193.0,176.15134
204.0,188.06923
241.0,220.88785
46.0,55.31771
96.0,90.26804
99.0,103.0621
55.0,67.93621
132.0,132.16144
87.0,87.96692
42.0,58.640537
93.0,86.08791
122.0,128.91872
157.0,245.08255
111.0,94.632454
348.0,299.57086
132.0,316.0919
43.0,61.357834
132.0,131.73352
301.0,271.06998
156.0,144.98027
35.0,51.757786
299.0,321.41284
132.0,131.72699
89.0,120.02203
126.0,134.07565
55.0,66.51183
132.0,131.8165
107.0,135.44408
305.0,365.1269
81.0,106.669
52.0,101.197235
307.0,288.36435
57.0,68.47687
186.0,198.63622
349.0,310.68082
71.0,70.27898
216.0,189.98485
78.0,86.36722
205.0,142.52362
321.0,266.7313
132.0,131.90688
132.0,107.07813
385.0,373.30795
188.0,193.9727
129.0,113.03567
174.0,139.74493
112.0,128.37485
64.0,66.312126
80.0,90.55854
474.0,440.47192
172.0,182.23997
369.0,352.1093
99.0,124.946236
211.0,249.00624
323.0,304.23358
132.0,132.16144
132.0,131.91133
360.0,390.4008
132.0,58.002785
181.0,118.69873
62.0,77.96982
29.0,56.80059
192.0,220.89491
73.0,89.96975
383.0,391.38882
60.0,59.74418
120.0,66.422165
66.0,83.68655
132.0,131.72699
39.0,47.173775
175.0,138.91039
333.0,324.54025
132.0,132.16937
156.0,114.73752
405.0,393.88403
50.0,51.726444
66.0,85.93927
111.0,68.17797
169.0,193.21544
320.0,328.21777
150.0,142.7242
47.0,53.935383
329.0,277.09644
136.0,107.222404
132.0,131.91133
132.0,132.0771
210.0,131.27812
132.0,132.16144
132.0,133.66525
34.0,75.6677
331.0,315.39233
113.0,91.5815
72.0,89.087006
58.0,66.85875
433.0,424.2919
132.0,132.16144
205.0,214.95064
108.0,145.46742
120.0,128.3552
139.0,145.23734
53.0,67.532875
42.0,54.071278
132.0,122.955696
132.0,149.40025
142.0,166.86038
182.0,176.67598
100.0,86.711205
230.0,225.14963
367.0,328.66245
222.0,182.58797
132.0,133.92982
214.0,142.82097
242.0,252.49362
120.0,112.56718
152.0,147.64041
137.0,134.81123
162.0,231.80249
395.0,389.56732
110.0,135.24731
72.0,65.185425
107.0,113.604675
356.0,386.92715
36.0,44.966446
301.0,263.86642
46.0,49.637917
336.0,319.37338
132.0,132.29686
65.0,75.67451
134.0,130.80669
85.0,77.723305
78.0,72.56337
80.0,83.910515
158.0,165.58209
82.0,92.7825
485.0,402.52142
132.0,136.69089
85.0,67.81387
110.0,103.182144
63.0,70.175705
319.0,263.7852
297.0,231.3911
163.0,160.30284
132.0,132.16144
137.0,128.55057
132.0,131.91133
92.0,94.91852
102.0,82.5274
27.0,39.156105
74.0,99.7374
70.0,69.704475
317.0,324.3649
500.0,492.7031
122.0,99.14237
128.0,130.45653
132.0,130.84055
124.0,127.8792
140.0,118.98404
326.0,344.0695
162.0,139.05043
125.0,136.69598
132.0,131.69267
61.0,70.6669
408.0,393.20474
133.0,138.64815
194.0,240.90994
285.0,256.8348
318.0,258.14197
132.0,87.56958
347.0,311.36243
142.0,223.98114
132.0,131.58475
56.0,66.08639
105.0,83.80719
132.0,100.75033
224.0,271.82687
452.0,396.3511
132.0,132.16144
99.0,97.36923
31.0,56.099617
84.0,82.47013
107.0,102.78096
139.0,129.35902
132.0,131.73352
132.0,114.128
95.0,110.52676
132.0,128.04515
132.0,133.5688
132.0,131.76518
132.0,125.23053
332.0,343.51495
143.0,134.37155
126.0,108.30077
132.0,227.41396
59.0,75.60561
61.0,90.55361
421.0,415.7227
160.0,140.21297
132.0,135.3983
500.0,479.56207
132.0,132.16144
333.0,278.8917
132.0,130.7893
350.0,375.51755
58.0,77.085175
67.0,69.22554
132.0,132.16144
127.0,84.97051
132.0,131.72699
91.0,95.16802
294.0,300.71912
73.0,74.20849
308.0,260.6953
204.0,191.96362
68.0,73.069626
342.0,373.5252
109.0,105.38011
98.0,115.685425
331.0,343.02826
211.0,189.46078
67.0,87.06277
123.0,142.17369
500.0,500.879
169.0,170.04068
308.0,320.33444
121.0,118.19488
134.0,90.00601
440.0,426.47067
199.0,206.02243
314.0,313.43176
158.0,154.83296
132.0,132.16144
76.0,77.34319
317.0,366.9278
106.0,111.08225
75.0,63.514713
480.0,477.90414
155.0,130.33745
142.0,134.47429
331.0,324.91833
172.0,149.81868
132.0,159.07942
132.0,132.16144
132.0,132.16144
310.0,349.47336
75.0,59.1766
46.0,43.161343
132.0,132.16144
467.0,475.48914
339.0,364.2523
139.0,159.43655
196.0,265.2271
100.0,112.158104
268.0,286.56244
132.0,128.60677
108.0,117.48531
59.0,58.391056
56.0,67.3647
57.0,51.00683
132.0,118.39223
77.0,92.3237
116.0,88.48031
141.0,170.02223
97.0,86.337814
292.0,314.4019
132.0,119.288925
206.0,226.55173
88.0,68.95193
132.0,196.6262
132.0,130.63774
344.0,296.6549
132.0,133.4304
85.0,78.427864
42.0,53.013958
132.0,132.0771
375.0,300.45966
132.0,132.52919
78.0,88.539856
300.0,306.73425
500.0,477.41125
101.0,102.55209
92.0,91.99681
155.0,171.4537
132.0,147.071
132.0,132.16144
97.0,102.87587
364.0,369.11475
124.0,113.91587
131.0,139.86417
242.0,220.43597
155.0,150.50372
500.0,462.0448
237.0,189.35869
132.0,128.19037
91.0,100.05493
66.0,79.89648
196.0,244.64764
89.0,99.54914
132.0,132.0771
94.0,108.03193
136.0,127.34647
71.0,78.97737
115.0,112.445465
102.0,96.30083
110.0,114.196754
224.0,219.19646
77.0,76.63583
267.0,215.77477
104.0,110.37871
313.0,286.59854
132.0,132.16144
62.0,66.74312
75.0,84.70795
117.0,164.7725
132.0,281.28702
82.0,75.915115
184.0,176.20332
42.0,56.08361
110.0,111.25044
162.0,168.77629
329.0,341.27103
268.0,200.77817
50.0,72.30307
131.0,155.64886
243.0,154.6419
35.0,41.209103
138.0,151.66876
331.0,322.34756
285.0,284.84293
96.0,81.823296
132.0,112.15705
132.0,125.51271
318.0,309.01657
344.0,271.1436
143.0,129.41457
67.0,90.34137
84.0,84.904175
190.0,209.60863
208.0,160.77213
50.0,59.559116
224.0,209.73398
182.0,149.52292
72.0,92.50854
132.0,132.16144
132.0,132.0771
360.0,382.25195
104.0,105.34769
119.0,126.65863
77.0,97.70595
327.0,314.8241
132.0,132.0771
258.0,269.42203
80.0,83.99282
304.0,282.38635
187.0,145.0777
153.0,162.65002
132.0,132.16144
132.0,131.69212
86.0,95.80431
60.0,80.35307
132.0,139.83432
132.0,132.16144
132.0,131.73352
109.0,114.71813
52.0,58.475426
69.0,72.66908
51.0,52.0717
72.0,76.113846
186.0,116.72688
132.0,131.90688
80.0,72.34436
169.0,149.84428
132.0,131.91133
326.0,278.9762
132.0,132.16144
132.0,131.69267
125.0,114.62378
310.0,282.97598
132.0,132.17168
132.0,132.16144
84.0,81.22368
174.0,172.86664
172.0,301.6192
349.0,326.40442
308.0,301.88147
137.0,138.94136
157.0,168.3921
294.0,338.90475
132.0,134.19623
125.0,113.61801
72.0,92.94261
48.0,67.08546
132.0,85.6327
233.0,232.16481
132.0,131.91133
65.0,90.02849
83.0,98.662254
127.0,124.020645
100.0,110.2021
67.0,64.64161
111.0,109.61485
147.0,146.83095
298.0,263.75357
137.0,160.49724
132.0,241.83154
330.0,290.91534
132.0,69.9591
71.0,88.545845
117.0,147.28935
53.0,49.535866
132.0,132.16144
113.0,131.00963
196.0,174.56897
55.0,68.35496
194.0,218.63882
120.0,103.49299
132.0,128.02008
101.0,96.254906
132.0,132.16144
103.0,200.66127
326.0,317.69376
200.0,234.1341
217.0,227.85013
162.0,138.57463
39.0,52.858814
76.0,79.98732
74.0,89.49307
161.0,180.88013
79.0,97.54709
132.0,166.26964
79.0,85.361786
148.0,135.81676
132.0,131.90688
120.0,127.99102
331.0,353.17175
132.0,254.87926
500.0,471.54556
64.0,68.55816
132.0,147.20018
52.0,69.92035
461.0,342.4456
25.0,42.735714
60.0,55.54363
349.0,389.9708
132.0,131.90688
70.0,73.870514
75.0,70.97975
132.0,129.99994
337.0,363.13345
228.0,278.94882
500.0,415.89508
102.0,80.73499
132.0,131.73352
143.0,160.85155
77.0,90.30774
112.0,130.24905
38.0,65.35918
385.0,374.7746
495.0,472.1341
178.0,104.39362
132.0,131.39441
252.0,225.6155
133.0,112.28199
106.0,110.17994
500.0,447.9976
366.0,371.9627
349.0,344.32584
132.0,132.16144
132.0,129.53262
93.0,83.310234
91.0,79.711555
132.0,134.0879
387.0,391.9009
94.0,94.61762
57.0,72.73573
46.0,41.50472
102.0,113.232956
163.0,176.14415
48.0,66.42262
132.0,132.16144
132.0,132.16144
77.0,75.44319
129.0,142.35753
140.0,150.15636
54.0,68.014725
64.0,74.93057
116.0,101.923065
208.0,232.19287
52.0,70.95105
100.0,107.66409
132.0,132.16144
53.0,43.10889
84.0,94.20159
53.0,63.052826
78.0,87.10456
248.0,161.45424
246.0,268.52844
139.0,221.94768
298.0,293.92358
132.0,132.16144
254.0,259.5748
110.0,136.88368
179.0,143.24292
57.0,65.76297
132.0,130.55086
132.0,132.16144
64.0,89.410774
122.0,151.22304
54.0,70.71353
129.0,123.862564
80.0,95.077995
71.0,75.50493
71.0,73.25999
131.0,131.82957
109.0,85.768196
266.0,273.61032
249.0,203.17976
390.0,382.95007
108.0,113.36013
319.0,293.9193
232.0,289.9414
177.0,185.10054
419.0,352.31906
338.0,287.8964
132.0,131.58475
132.0,132.16144
198.0,207.65495
105.0,100.85373
132.0,443.33273
75.0,112.37721
132.0,132.16144
296.0,203.30238
477.0,366.25552
50.0,73.82658
365.0,395.8634
228.0,221.48347
139.0,144.37132
98.0,102.33074
54.0,74.10817
68.0,88.55895
128.0,141.98085
227.0,78.95685
221.0,160.58917
93.0,93.52804
70.0,83.16314
228.0,344.0546
128.0,112.02516
88.0,91.26754
132.0,132.16144
221.0,235.97462
48.0,59.978413
206.0,190.34735
132.0,132.16144
245.0,173.38771
184.0,171.90103
132.0,131.58475
264.0,229.82565
313.0,268.15756
231.0,305.55035
78.0,101.7472
132.0,131.59703
104.0,144.65186
61.0,68.64523
318.0,323.24136
154.0,147.02803
83.0,84.104576
332.0,312.14893
132.0,193.89867
500.0,434.9814
132.0,63.184235
132.0,121.36924
318.0,293.53537
404.0,363.01224
130.0,128.05078
55.0,51.353252
132.0,132.16144
234.0,218.56946
451.0,466.7998
138.0,139.21017
413.0,390.29333
132.0,132.0771
96.0,96.26079
132.0,131.76373
132.0,233.6798
132.0,132.16144
132.0,132.16144
132.0,119.926346
75.0,82.13346
119.0,125.42324
132.0,132.16144
109.0,121.62544
132.0,138.07623
263.0,280.00024
193.0,250.98207
132.0,132.16144
46.0,82.50947
101.0,120.40524
132.0,132.0771
132.0,132.16144
56.0,66.03417
324.0,321.8405
132.0,132.14624
278.0,246.76602
369.0,366.3881
132.0,269.62366
107.0,98.73077
97.0,92.76804
88.0,116.63209
131.0,161.83636
118.0,136.54976
132.0,131.54343
100.0,79.35476
132.0,131.87694
106.0,98.7634
132.0,190.79768
228.0,187.50766
479.0,470.4308
116.0,133.33571
114.0,111.77998
132.0,127.67996
132.0,126.2527
161.0,161.82166
132.0,132.0771
72.0,96.836754
231.0,209.27061
187.0,186.79916
444.0,433.68314
112.0,139.53587
346.0,342.0416
132.0,132.0771
277.0,269.06177
294.0,253.70445
379.0,282.8585
315.0,250.20026
132.0,132.16144
139.0,144.937
43.0,62.165504
132.0,132.16144
132.0,135.76758
53.0,55.65756
500.0,454.91577
384.0,371.12415
137.0,141.43423
175.0,187.15865
126.0,148.38847
132.0,130.4288
148.0,146.58786
245.0,249.72366
65.0,66.22294
152.0,160.00812
342.0,382.8068
132.0,161.70465
81.0,85.60234
132.0,99.92827
43.0,47.798626
248.0,202.3793
132.0,132.14624
313.0,289.83228
349.0,302.183
95.0,101.226265
114.0,119.74018
81.0,80.727135
249.0,225.26227
224.0,255.83864
39.0,61.18042
105.0,104.113754
132.0,132.16144
132.0,134.12126
326.0,341.2578
331.0,340.5256
132.0,132.16144
500.0,468.34372
500.0,477.04953
188.0,164.2495
500.0,465.8167
254.0,278.19113
238.0,243.47212
158.0,168.42082
132.0,132.16144
132.0,131.73352
500.0,466.0384
120.0,141.22885
101.0,126.509575
323.0,307.5039
213.0,183.4245
132.0,132.0771
135.0,150.0848
147.0,191.81683
324.0,245.05533
183.0,137.9255
132.0,128.45847
133.0,137.52618
138.0,136.15675
132.0,139.55838
105.0,113.99668
86.0,65.112236
135.0,143.22054
74.0,76.71935
371.0,424.44415
500.0,468.51343
66.0,67.14813
310.0,316.64688
257.0,227.62883
132.0,132.06238
274.0,238.57841
160.0,261.14798
314.0,317.74783
126.0,102.49272
316.0,319.56897
224.0,235.62074
151.0,145.85071
322.0,287.8543
269.0,276.40405
132.0,132.16144
45.0,62.18221
159.0,157.21767
70.0,74.81455
132.0,187.99606
100.0,87.14794
50.0,54.87357
77.0,89.4867
132.0,132.11504
132.0,122.199554
133.0,114.75271
72.0,86.68729
103.0,97.72079
114.0,95.27916
85.0,79.606255
103.0,98.71646
236.0,249.50735
500.0,482.99088
246.0,257.29025
63.0,66.12201
218.0,200.16924
323.0,313.5293
132.0,131.73352
132.0,131.90688
132.0,135.79294
52.0,63.80776
132.0,127.49923
283.0,224.66734
182.0,168.37141
171.0,156.09778
34.0,68.75987
103.0,103.724655
65.0,71.757904
500.0,445.5072
156.0,76.6177
103.0,106.46624
66.0,65.264854
55.0,71.266655
148.0,142.55331
114.0,98.5108
72.0,58.79117
178.0,192.73578
73.0,68.85986
235.0,228.19496
132.0,123.19119
377.0,431.59525
132.0,131.90688
110.0,117.659676
132.0,131.90688
72.0,69.60006
352.0,337.53357
51.0,62.362164
132.0,131.90688
132.0,130.24733
322.0,306.81543
500.0,437.88187
132.0,137.07115
132.0,132.29399
271.0,245.0561
144.0,167.56416
101.0,101.886826
197.0,178.72589
500.0,420.85303
132.0,132.16144
380.0,399.53488
132.0,131.80582
73.0,57.970074
112.0,105.29128
309.0,333.5367
101.0,98.67524
268.0,292.40417
95.0,115.599686
96.0,214.54358
354.0,352.3487
132.0,214.67314
132.0,233.41829
170.0,209.4493
86.0,81.81819
132.0,132.16144
75.0,91.63256
132.0,464.8146
113.0,112.652725
132.0,158.33882
89.0,121.62901
148.0,119.18563
109.0,119.414375
75.0,83.286316
90.0,91.54694
223.0,223.87073
78.0,81.29295
61.0,61.682426
232.0,132.16144
50.0,85.38938
61.0,66.83481
95.0,97.137535
230.0,205.93054
132.0,132.16144
232.0,274.8791
166.0,168.99527
151.0,169.32451
309.0,300.65442
164.0,176.48149
317.0,314.14438
50.0,68.681496
315.0,300.69937
87.0,107.77452
157.0,146.58006
106.0,133.17209
40.0,47.831562
192.0,173.83252
82.0,97.02883
320.0,299.44537
112.0,103.40914
61.0,80.977646
100.0,107.5881
204.0,238.05086
448.0,434.8855
98.0,103.85648
67.0,63.543934
297.0,294.86707
80.0,132.16144
174.0,140.7935
209.0,223.73157
132.0,132.16144
132.0,131.90688
61.0,60.215984
132.0,126.16831
59.0,71.84209
77.0,73.44191
159.0,182.20107
114.0,113.014755
142.0,142.13657
377.0,381.31055
114.0,106.86707
74.0,73.755905
132.0,109.56596
132.0,132.14624
336.0,300.53098
132.0,132.16144
182.0,203.7726
46.0,131.35358
60.0,59.570034
99.0,91.31319
260.0,242.82556
77.0,87.03785
132.0,131.91133
318.0,281.6789
132.0,132.16144
72.0,60.26816
145.0,160.85266
132.0,132.16144
149.0,125.05677
200.0,201.05722
100.0,93.081085
62.0,74.791855
188.0,247.99104
143.0,155.28958
212.0,128.38542
132.0,132.16144
106.0,98.63481
169.0,156.60593
123.0,129.7885
338.0,318.90396
234.0,264.9006
478.0,484.93134
162.0,120.276955
132.0,131.74072
87.0,88.984634
329.0,314.95227
185.0,166.43167
101.0,79.89433
100.0,107.52577
67.0,74.42147
130.0,133.06923
92.0,104.48659
51.0,110.71227
436.0,459.28552
49.0,54.12816
110.0,107.05578
132.0,132.16144
117.0,117.26761
60.0,73.30473
132.0,93.90602
190.0,188.15375
402.0,400.08508
67.0,70.20243
132.0,136.89824
305.0,281.08957
500.0,475.3265
359.0,339.60577
175.0,209.07541
208.0,161.34357
135.0,103.335304
301.0,286.66135
195.0,177.26154
91.0,95.7923
136.0,160.72432
81.0,87.73391
156.0,124.138535
427.0,373.46558
51.0,56.641678
74.0,88.13658
465.0,477.064
156.0,151.77553
132.0,107.97561
88.0,83.653015
93.0,72.56027
39.0,43.22985
117.0,129.4296
416.0,392.32208
172.0,214.08301
105.0,105.33171
132.0,116.09732
106.0,115.1539
45.0,46.75847
111.0,92.02813
98.0,96.300125
164.0,169.24236
500.0,498.04907
138.0,125.68956
141.0,38.657494
22.0,37.371613
66.0,71.11758
94.0,111.36047
83.0,86.913925
140.0,284.81516
132.0,145.11821
59.0,59.189964
500.0,486.103
238.0,267.32953
341.0,308.30466
93.0,93.95295
81.0,77.240456
328.0,302.2378
164.0,139.19781
107.0,105.01742
353.0,323.10327
256.0,187.43819
326.0,339.85388
132.0,132.0771
48.0,70.99139
255.0,245.78691
94.0,104.416954
132.0,376.2055
96.0,114.00322
132.0,131.80582
329.0,316.83078
318.0,287.63956
55.0,59.74578
119.0,140.18745
136.0,141.10715
132.0,271.42456
68.0,129.39005
363.0,316.4842
41.0,63.68137
132.0,162.34558
214.0,195.85905
132.0,131.7685
103.0,102.99676
40.0,61.015213
112.0,149.5527
500.0,435.71716
132.0,131.72699
236.0,174.7589
67.0,78.95235
113.0,132.02081
150.0,158.8118
270.0,226.92256
132.0,132.16144
132.0,132.16144
137.0,118.338776
84.0,96.059456
132.0,131.73352
58.0,64.49525
129.0,144.17023
365.0,339.8589
79.0,86.97216
171.0,176.08955
500.0,496.44647
215.0,219.75082
43.0,55.619812
370.0,298.22
65.0,59.86235
132.0,131.73352
141.0,159.30673
322.0,301.7115
147.0,148.8071
53.0,50.681828
72.0,92.34678
132.0,131.91133
132.0,119.42395
132.0,131.91133
113.0,114.113716
132.0,120.8461
317.0,334.907
86.0,110.95153
56.0,80.202736
138.0,146.41782
359.0,363.06586
79.0,108.35569
56.0,55.746033
132.0,120.09793
236.0,242.64406
322.0,306.30453
500.0,462.4762
311.0,310.4076
500.0,67.52048
132.0,132.68086
99.0,119.716576
132.0,76.395515
132.0,131.73352
342.0,315.38895
231.0,246.41524
156.0,162.36781
155.0,278.36166
275.0,247.88939
57.0,45.681206
132.0,132.0771
132.0,82.488464
129.0,133.47745
49.0,54.85184
53.0,59.397366
322.0,297.05664
73.0,82.59318
366.0,357.94363
70.0,84.39604
49.0,60.04343
367.0,303.68127
48.0,58.385452
141.0,133.07907
499.0,416.28525
162.0,225.7725
56.0,60.069084
110.0,138.81334
132.0,103.342834
132.0,132.16144
331.0,291.1096
163.0,167.1365
97.0,131.59586
316.0,332.2901
132.0,131.0353
184.0,201.0864
191.0,241.57607
273.0,279.37167
353.0,363.99628
40.0,46.912437
132.0,52.433807
66.0,57.138084
199.0,219.35207
40.0,51.338512
72.0,57.838203
132.0,132.16144
298.0,312.95688
298.0,310.35095
132.0,137.91762
145.0,132.74127
132.0,132.0771
92.0,93.487625
100.0,154.55338
82.0,82.774185
48.0,56.98751
500.0,440.61664
104.0,100.8584
72.0,91.539276
175.0,178.7817
185.0,213.49449
117.0,126.224205
193.0,298.5494
57.0,68.80976
99.0,119.68181
134.0,143.29774
132.0,132.16144
116.0,144.34143
450.0,383.8538
132.0,131.90688
188.0,207.35117
308.0,294.77158
155.0,192.66643
170.0,160.77806
132.0,132.06238
124.0,124.48742
67.0,71.15785
107.0,117.656044
424.0,413.7971
132.0,134.88159
329.0,332.4679
63.0,63.887356
85.0,262.5206
163.0,158.99782
113.0,131.55124
100.0,127.95473
236.0,192.20314
233.0,173.08951
220.0,222.48523
132.0,132.16144
240.0,287.62103
107.0,126.64073
87.0,107.44981
114.0,118.5769
132.0,131.52042
132.0,163.33627
103.0,73.59761
107.0,115.66382
81.0,76.969864
68.0,89.494774
339.0,302.12476
132.0,139.03696
148.0,146.98264
348.0,329.2786
60.0,77.34599
271.0,338.7822
31.0,55.12267
110.0,113.96392
132.0,132.16144
232.0,250.07796
132.0,132.16144
132.0,132.16144
94.0,94.78852
47.0,62.004906
132.0,81.036804
132.0,131.90688
355.0,354.0425
27.0,35.564915
180.0,164.10037
372.0,365.00967
60.0,62.44017
117.0,119.51175
192.0,172.97263
173.0,162.75911
249.0,255.17346
61.0,78.723366
125.0,141.17177
79.0,105.31853
147.0,157.69798
500.0,480.43912
64.0,57.448593
55.0,65.28029
253.0,154.13475
149.0,163.24203
45.0,61.160835
178.0,172.59163
230.0,182.72382
335.0,295.70898
181.0,181.79852
66.0,60.869484
45.0,65.06758
132.0,114.33593
132.0,131.73352
335.0,352.26236
288.0,282.75613
133.0,148.84854
36.0,60.14432
450.0,339.47476
355.0,340.30505
132.0,132.16144
201.0,189.63908
87.0,87.95049
325.0,312.65512
97.0,99.8837
132.0,134.6672
313.0,310.83237
132.0,132.16144
205.0,170.26466
66.0,81.44178
146.0,134.35
132.0,132.16144
168.0,182.39716
236.0,224.76901
97.0,103.167816
184.0,142.02652
132.0,172.101
71.0,78.756996
82.0,82.42218
86.0,71.85157
74.0,88.160576
132.0,132.16144
132.0,132.16144
132.0,131.80582
114.0,82.164665
274.0,285.2485
50.0,47.34201
132.0,58.903957
339.0,317.75104
62.0,62.05124
97.0,106.34629
385.0,395.20297
56.0,64.89531
168.0,180.02899
158.0,146.7094
132.0,138.85115
72.0,73.07058
368.0,383.9722
240.0,293.21594
128.0,98.99651
43.0,51.494064
225.0,184.20139
414.0,443.32565
132.0,132.16144
71.0,54.77585
44.0,55.434917
77.0,91.159164
105.0,93.44326
132.0,132.16144
155.0,162.17741
132.0,131.90688
167.0,139.23749
159.0,141.93047
119.0,119.2281
83.0,127.84005
132.0,114.38811
301.0,279.63242
95.0,102.77637
138.0,155.41101
164.0,129.92535
216.0,176.71179
53.0,70.39352
85.0,75.23649
159.0,153.45934
264.0,150.15149
67.0,80.050575
79.0,74.02114
132.0,129.66086
186.0,162.63066
82.0,95.005394
132.0,281.0982
132.0,72.15872
135.0,167.34007
202.0,225.03304
132.0,127.09553
132.0,376.43964
116.0,83.1447
37.0,44.096024
147.0,144.33452
132.0,121.84215
286.0,317.10684
118.0,108.649445
500.0,456.42007
181.0,193.24571
249.0,138.05714
140.0,145.28157
261.0,265.4149
125.0,176.37001
132.0,125.95458
172.0,196.06319
132.0,131.73352
80.0,94.13278
132.0,131.7685
52.0,64.06415
146.0,146.16309
49.0,57.52743
132.0,131.78947
163.0,198.0867
157.0,144.8753
132.0,128.40585
317.0,284.44592
208.0,283.99997
114.0,134.05803
211.0,245.90495
292.0,292.0714
132.0,128.85687
70.0,69.57926
132.0,131.73352
284.0,273.90076
132.0,56.473373
53.0,48.66057
132.0,119.45187
142.0,139.81108
53.0,63.328983
286.0,274.30765
122.0,124.55426
132.0,46.890453
335.0,324.08835
188.0,131.10103
183.0,174.07045
56.0,61.566963
100.0,111.52254
64.0,73.88372
206.0,237.59128
136.0,114.480896
78.0,72.20044
199.0,191.89656
33.0,46.630623
263.0,281.3583
500.0,429.23737
87.0,91.87424
500.0,496.67957
471.0,460.18524
92.0,98.69113
242.0,240.60643
265.0,254.85976
158.0,136.89935
82.0,77.76888
94.0,109.48445
132.0,132.16144
469.0,480.77112
220.0,192.30135
147.0,124.07234
132.0,212.10065
228.0,194.17308
117.0,74.90168
146.0,166.71693
164.0,130.74144
102.0,101.693565
312.0,309.4298
132.0,132.16144
132.0,132.16144
132.0,131.80582
132.0,131.90688
89.0,153.83797
90.0,101.98771
132.0,131.69267
177.0,112.33895
181.0,189.88814
167.0,137.36113
128.0,105.90202
138.0,117.46337
132.0,132.16144
81.0,106.04737
147.0,102.102745
108.0,118.832245
121.0,109.72349
88.0,89.92816
318.0,299.2246
239.0,143.93134
182.0,215.99611
54.0,82.59146
132.0,132.16144
87.0,72.056145
199.0,149.02513
132.0,131.91133
337.0,353.4393
87.0,104.87263
150.0,167.319
70.0,70.92269
223.0,234.34305
229.0,170.30682
118.0,105.83904
166.0,174.86726
66.0,86.61905
484.0,484.3051
350.0,350.1327
398.0,328.74863
213.0,250.82394
132.0,132.16144
402.0,381.09106
302.0,326.0169
106.0,99.69186
132.0,132.16144
49.0,60.025986
128.0,141.99127
52.0,69.34591
404.0,395.7998
132.0,130.2042
387.0,378.98798
62.0,70.64882
44.0,55.063587
51.0,68.65333
139.0,171.93944
132.0,130.87119
102.0,99.691
398.0,407.91467
72.0,74.65243
500.0,433.00244
158.0,133.19727
77.0,90.35456
132.0,144.22868
132.0,135.36269
381.0,358.7994
91.0,90.34513
65.0,84.343765
47.0,66.43526
110.0,128.94102
132.0,132.16144
132.0,48.22103
164.0,170.18726
132.0,131.87694
132.0,167.7421
132.0,151.24345
236.0,273.31952
96.0,87.94845
47.0,60.97592
153.0,152.41193
302.0,294.27118
131.0,237.51143
122.0,120.33964
46.0,53.99312
87.0,103.52309
143.0,109.63185
132.0,137.20667
272.0,242.51863
168.0,201.76076
132.0,305.36835
67.0,79.80462
246.0,236.91539
337.0,312.18784
132.0,127.15499
137.0,149.53043
377.0,461.7191
198.0,123.803604
97.0,96.81806
147.0,156.92496
306.0,311.47867
132.0,125.2632
241.0,216.30023
88.0,90.98162
142.0,136.5229
43.0,57.1684
77.0,68.09671
57.0,71.19371
281.0,220.72664
348.0,332.6754
92.0,76.5823
132.0,117.63787
236.0,238.1175
57.0,64.20264
32.0,51.040024
132.0,87.20846
121.0,153.90286
365.0,385.1488
307.0,300.84857
382.0,393.03134
139.0,118.932785
83.0,120.288475
132.0,131.72699
132.0,132.16144
51.0,74.55863
35.0,53.98106
121.0,128.19907
464.0,456.59058
427.0,380.1394
50.0,67.78057
61.0,66.4854
46.0,53.208977
66.0,96.495255
429.0,384.56027
132.0,132.16144
179.0,218.80412
99.0,105.00719
99.0,97.66738
42.0,47.155212
163.0,160.07765
132.0,45.39626
320.0,303.13367
201.0,226.54126
191.0,155.72641
132.0,132.0771
176.0,214.73962
66.0,66.81486
352.0,345.39957
337.0,316.09583
99.0,137.45454
79.0,79.70232
132.0,132.16144
131.0,116.75615
38.0,49.818565
500.0,495.067
272.0,320.34674
132.0,131.69267
280.0,253.71962
132.0,131.39441
113.0,135.21643
121.0,131.56793
411.0,338.97147
132.0,132.09038
108.0,132.16144
137.0,132.98454
132.0,132.0771
320.0,306.45535
318.0,314.65298
51.0,60.441147
157.0,218.06912
111.0,113.73707
132.0,131.90688
227.0,220.91716
132.0,131.80582
67.0,65.62675
273.0,208.08919
495.0,377.43307
132.0,76.43317
318.0,354.0814
74.0,87.78209
132.0,200.80527
35.0,50.874256
311.0,293.40067
62.0,65.89905
357.0,381.01443
132.0,132.0771
87.0,81.01783
132.0,123.06298
213.0,201.86041
62.0,65.65189
491.0,482.63873
191.0,160.50812
113.0,123.64149
189.0,189.86111
183.0,186.06331
79.0,105.8378
119.0,131.30229
132.0,135.1419
121.0,99.81892
289.0,247.34422
349.0,346.68668
213.0,172.19188
132.0,132.16144
240.0,229.22382
158.0,142.61205
72.0,54.947678
74.0,86.21067
132.0,131.72699
100.0,100.95878
101.0,95.45018
61.0,69.66653
93.0,110.80636
177.0,195.50075
132.0,131.90688
114.0,107.43104
359.0,313.72717
132.0,132.16144
175.0,245.73071
149.0,158.10063
71.0,64.65354
132.0,132.16144
207.0,158.74548
149.0,172.37704
500.0,491.921
82.0,73.260124
132.0,162.92468
132.0,132.14624
314.0,283.51147
36.0,48.50944
77.0,82.437386
153.0,142.15202
390.0,436.91232
77.0,90.42343
28.0,61.2752
91.0,99.73131
109.0,125.13017
132.0,131.90688
135.0,162.40033
361.0,368.27017
235.0,278.80902
234.0,230.1861
132.0,131.68675
318.0,279.16727
102.0,119.38518
132.0,115.79914
77.0,86.3049
62.0,72.823265
132.0,83.28202
43.0,49.910706
132.0,125.214134
132.0,98.502396
132.0,131.69267
205.0,251.79431
118.0,107.90833
58.0,73.92607
66.0,87.712296
92.0,96.61057
261.0,235.75342
500.0,369.36136
280.0,242.80556
131.0,132.71405
86.0,70.700935
342.0,199.77184
132.0,132.16144
66.0,78.84347
86.0,108.36086
92.0,71.3096
104.0,94.48605
69.0,68.78709
128.0,160.79909
206.0,188.1994
132.0,131.90688
51.0,51.815285
104.0,122.7533
30.0,37.143005
132.0,311.133
329.0,370.084
132.0,124.59912
170.0,153.27562
152.0,195.97476
80.0,78.85862
69.0,81.45423
132.0,132.16144
132.0,131.93002
158.0,139.49568
109.0,115.42134
132.0,149.64484
128.0,142.3258
138.0,121.55389
157.0,167.82245
353.0,308.05835
39.0,40.606144
80.0,92.24219
109.0,97.93856
132.0,132.0771
133.0,107.290016
150.0,132.71512
150.0,139.91998
112.0,169.40504
228.0,254.16197
116.0,139.08386
65.0,66.56799
201.0,180.46922
253.0,287.3356
147.0,192.77953
240.0,227.37935
340.0,326.46597
132.0,131.91133
132.0,137.5257
132.0,132.16144
112.0,133.76184
266.0,249.20486
132.0,132.16144
102.0,86.22145
183.0,251.06807
119.0,161.04451
445.0,422.9188
95.0,105.44578
132.0,151.29558
111.0,119.76903
100.0,104.85171
304.0,305.69147
243.0,262.4947
336.0,303.11154
170.0,177.34016
132.0,132.16144
90.0,129.94128
458.0,389.33417
132.0,131.72699
423.0,402.33136
500.0,494.6053
96.0,98.734245
329.0,248.56606
113.0,98.65786
88.0,103.86388
306.0,298.14786
81.0,80.34984
321.0,300.17905
122.0,132.13388
323.0,340.0194
402.0,376.30142
331.0,325.58942
306.0,336.51105
135.0,155.30945
361.0,334.64706
220.0,275.7486
267.0,228.4024
160.0,157.43416
49.0,58.75704
132.0,132.16144
33.0,44.761433
99.0,93.31793
132.0,132.16144
132.0,113.20073
132.0,131.8704
99.0,111.59912
132.0,124.77081
70.0,45.374813
314.0,288.83356
132.0,132.16144
87.0,91.257576
280.0,213.71523
137.0,111.93946
132.0,124.893776
132.0,132.16144
56.0,73.8558
48.0,64.03197
291.0,232.80583
132.0,127.31877
132.0,131.24393
128.0,140.13411
132.0,132.0771
415.0,395.24216
69.0,70.089035
60.0,74.08695
132.0,131.90688
323.0,334.52838
42.0,49.450985
77.0,73.752754
132.0,132.14624
98.0,98.73779
50.0,63.634415
132.0,131.80582
185.0,189.45546
252.0,239.06421
132.0,132.0771
132.0,127.65416
129.0,125.75755
500.0,490.91275
147.0,140.17097
180.0,186.97829
132.0,123.28058
99.0,113.99123
181.0,164.03465
110.0,104.198204
170.0,113.829
132.0,124.10086
317.0,327.2746
179.0,190.46906
48.0,54.941223
106.0,103.93236
68.0,76.168106
133.0,125.452896
208.0,205.19524
153.0,155.20094
180.0,191.75298
132.0,131.90688
474.0,425.07788
443.0,416.89624
117.0,106.27469
187.0,241.8607
70.0,87.95579
132.0,132.16144
108.0,116.16078
132.0,131.72699
272.0,245.5131
46.0,62.779587
302.0,303.6792
149.0,169.68872
304.0,327.81784
82.0,70.61347
121.0,138.23924
303.0,274.20975
101.0,81.02054
41.0,68.86004
107.0,124.76757
132.0,194.3061
175.0,222.33777
224.0,214.03822
165.0,170.74284
98.0,94.18688
209.0,222.12842
324.0,302.3961
90.0,104.25166
75.0,84.42577
40.0,52.29587
70.0,83.918724
108.0,103.708725
186.0,221.16078
69.0,74.88638
105.0,110.494644
132.0,106.52455
94.0,77.776596
410.0,388.57825
348.0,357.10098
246.0,241.15764
86.0,106.006294
286.0,253.96701
46.0,46.922447
148.0,145.34105
169.0,178.68932
212.0,189.08083
33.0,52.660942
103.0,120.37574
256.0,310.3715
132.0,132.16144
132.0,229.74312
116.0,98.22732
134.0,156.88956
279.0,289.134
300.0,276.46674
87.0,134.04062
160.0,137.09665
132.0,131.92761
112.0,83.80096
206.0,235.90666
132.0,132.16144
100.0,109.38618
132.0,132.16144
127.0,102.38954
132.0,312.72333
115.0,133.53102
135.0,127.92169
329.0,315.1547
138.0,137.14722
132.0,131.90688
132.0,131.73352
100.0,117.64245
132.0,129.33543
121.0,132.22926
141.0,136.41824
213.0,192.33064
124.0,156.03235
85.0,115.848564
91.0,107.67553
132.0,123.38052
83.0,70.044655
70.0,75.50333
111.0,135.6389
97.0,105.27224
97.0,112.37658
74.0,94.44644
132.0,132.16144
132.0,106.993416
132.0,325.82852
53.0,55.936436
132.0,142.9676
82.0,80.32886
26.0,40.15945
320.0,287.95474
264.0,238.83499
132.0,128.88385
77.0,65.2068
127.0,134.83731
164.0,160.80666
131.0,133.20888
182.0,163.64644
71.0,72.53352
200.0,264.99594
102.0,81.61128
113.0,128.02367
71.0,83.11627
186.0,163.75252
200.0,181.94295
100.0,94.49092
108.0,105.6877
111.0,107.20867
130.0,158.6536
84.0,70.96339
329.0,331.87238
144.0,144.50827
61.0,71.2033
109.0,99.25094
371.0,375.16995
500.0,483.28876
131.0,117.239586
60.0,69.38918
63.0,68.89866
132.0,127.69206
334.0,327.72778
371.0,301.81854
132.0,130.86452
282.0,219.17653
336.0,353.15836
64.0,63.726536
36.0,37.975357
120.0,106.34042
60.0,73.33615
187.0,171.8445
98.0,104.262886
132.0,132.06238
362.0,363.3891
81.0,79.747765
64.0,280.43823
52.0,59.296608
439.0,445.87445
175.0,189.36238
132.0,131.73352
132.0,129.16559
417.0,471.42722
211.0,242.37099
350.0,307.55588
500.0,465.0695
256.0,268.0441
132.0,132.0771
132.0,132.16144
148.0,204.1398
132.0,248.70624
139.0,126.814255
65.0,67.2074
99.0,127.37191
132.0,131.94786
174.0,156.5406
224.0,193.44843
106.0,117.42452
127.0,112.57117
468.0,445.27628
295.0,278.34964
124.0,122.743706
340.0,329.78146
114.0,133.61232
132.0,132.16144
56.0,67.491234
57.0,84.655846
168.0,166.87599
410.0,359.28107
103.0,94.60796
132.0,105.36384
77.0,79.79364
132.0,142.67638
81.0,70.27144
132.0,131.90688
132.0,124.39181
390.0,224.69263
132.0,128.55516
500.0,496.4097
132.0,131.8165
88.0,116.927444
52.0,54.38907
414.0,151.14345
81.0,86.141136
97.0,107.57487
500.0,500.4936
80.0,76.29496
147.0,191.07759
290.0,255.12251
132.0,132.16144
118.0,99.67855
106.0,120.899704
132.0,132.16144
212.0,211.00436
118.0,109.7319
328.0,317.75214
87.0,83.636955
132.0,132.0771
97.0,102.86981
149.0,156.65343
111.0,121.42747
60.0,73.57376
145.0,141.3505
108.0,124.3042
45.0,52.116184
226.0,180.072
270.0,278.2841
107.0,125.8182
132.0,131.73352
58.0,63.653996
96.0,97.81502
217.0,199.12886
176.0,150.74442
175.0,171.49615
332.0,289.37155
101.0,102.84085
331.0,306.52896
89.0,88.07885
139.0,146.02882
132.0,131.69267
132.0,132.19185
56.0,63.66389
66.0,71.48052
316.0,304.59195
89.0,77.63638
97.0,97.7824
289.0,296.28827
311.0,267.66226
153.0,189.26122
91.0,101.08222
257.0,226.10982
324.0,302.0791
132.0,132.0771
132.0,132.16144
145.0,119.19429
132.0,131.91133
340.0,316.50314
141.0,144.22432
370.0,336.18054
145.0,132.35669
100.0,130.05273
113.0,118.715065
89.0,94.81103
92.0,119.12233
119.0,118.155396
64.0,116.32019
129.0,121.20794
132.0,136.62764
136.0,126.38266
191.0,241.28542
132.0,106.818726
310.0,295.4359
98.0,121.838295
125.0,126.942856
40.0,69.24112
70.0,73.85065
132.0,131.90688
179.0,171.03209
32.0,82.269806
184.0,159.21005
240.0,261.04663
164.0,210.0904
132.0,132.16144
73.0,99.62317
132.0,131.90688
132.0,132.16144
341.0,312.03687
132.0,131.49266
126.0,131.9414
77.0,93.75922
184.0,169.00604
93.0,97.642044
147.0,135.45557
479.0,389.16132
132.0,132.16144
84.0,132.16144
108.0,130.3707
110.0,98.65959
126.0,99.796455
132.0,132.16144
132.0,132.16144
152.0,150.88022
68.0,70.6257
61.0,71.22559
132.0,132.16144
238.0,139.82272
56.0,65.45355
214.0,192.74434
176.0,147.44724
149.0,185.31465
113.0,112.39287
66.0,80.367256
132.0,137.50307
117.0,126.96502
132.0,131.58475
132.0,132.16144
450.0,366.26334
115.0,125.44011
153.0,160.24289
132.0,129.22209
329.0,311.93594
169.0,274.394
122.0,89.50392
132.0,132.14624
48.0,42.769882
500.0,495.84134
305.0,322.45175
88.0,65.767204
105.0,114.31141
132.0,132.16144
89.0,96.10154
76.0,77.68297
386.0,410.3586
128.0,123.692245
234.0,186.37094
55.0,78.15677
132.0,131.80582
59.0,70.41581
93.0,102.65193
132.0,132.16144
358.0,363.81387
306.0,304.13367
364.0,371.49896
101.0,105.759766
120.0,113.93629
170.0,175.97499
144.0,134.22813
120.0,131.63615
43.0,58.776585
97.0,103.854416
174.0,145.37848
58.0,92.50908
162.0,164.47374
53.0,75.01276
132.0,133.60417
207.0,111.530426
135.0,128.84467
146.0,135.60774
107.0,114.60759
72.0,106.70737
92.0,88.77485
97.0,116.49194
121.0,118.03924
165.0,154.88232
132.0,132.16144
132.0,85.35907
160.0,161.39273
182.0,177.46913
308.0,309.95358
130.0,150.64064
218.0,203.76344
114.0,102.72456
132.0,132.16144
132.0,212.45439
105.0,135.00139
40.0,58.415
64.0,56.661324
82.0,103.74008
154.0,154.21854
500.0,490.3705
108.0,123.14158
328.0,319.58466
79.0,84.49679
59.0,72.7916
94.0,95.62941
132.0,143.33623
263.0,276.2188
40.0,46.78405
134.0,156.03343
144.0,168.10411
132.0,131.91133
364.0,372.82974
161.0,142.63129
305.0,378.1365
132.0,132.0771
127.0,134.20499
132.0,146.16278
102.0,89.65322
101.0,101.0254
103.0,142.77393
107.0,118.29302
64.0,69.14768
96.0,91.9842
132.0,202.4568
110.0,105.694466
142.0,102.14696
472.0,435.4085
362.0,342.2968
93.0,84.03035
322.0,314.27963
50.0,59.84415
86.0,123.93265
132.0,132.16144
345.0,349.69357
93.0,71.31267
132.0,132.16144
38.0,65.70707
311.0,292.7121
151.0,164.54366
77.0,80.45244
91.0,120.633095
310.0,239.41306
195.0,182.46785
135.0,128.05573
93.0,112.87907
132.0,132.16144
160.0,138.60304
132.0,131.3952
64.0,98.412476
72.0,80.19305
79.0,89.18695
182.0,189.15349
132.0,119.820816
125.0,126.670494
132.0,132.16144
132.0,131.91133
311.0,296.95935
114.0,103.77954
89.0,79.329414
108.0,146.66634
164.0,167.31914
132.0,131.90688
132.0,132.16144
143.0,130.91681
51.0,55.060936
171.0,94.90353
132.0,131.91133
132.0,142.12697
115.0,126.87243
132.0,133.74457
122.0,145.4178
333.0,322.1817
291.0,269.86862
344.0,415.65518
42.0,49.079586
117.0,178.53217
132.0,131.69267
213.0,222.1344
40.0,54.39151
114.0,113.93516
132.0,132.16144
327.0,310.226
108.0,111.96098
54.0,49.29624
382.0,403.64487
108.0,122.40819
159.0,189.89024
163.0,157.46135
90.0,100.25349
110.0,119.67032
98.0,113.459564
182.0,122.43376
132.0,132.0771
266.0,242.12474
189.0,163.14331
123.0,138.9628
84.0,90.9863
312.0,296.53085
132.0,132.16144
132.0,138.01544
184.0,173.97343
111.0,111.292915
132.0,131.52042
132.0,132.16144
132.0,132.16144
335.0,291.2295
77.0,80.236244
132.0,132.16144
100.0,135.65588
53.0,65.76731
128.0,124.87721
216.0,161.5559
132.0,132.06238
132.0,141.19464
99.0,95.529366
101.0,113.28015
180.0,182.60269
132.0,132.11504
107.0,126.83061
132.0,132.0771
146.0,118.4242
311.0,302.0654
193.0,195.48393
132.0,84.687225
435.0,344.08942
140.0,131.77803
132.0,132.16144
73.0,57.798916
254.0,230.48502
182.0,190.12984
171.0,131.52599
318.0,277.78543
284.0,281.02332
82.0,89.71777
103.0,124.6834
500.0,479.66623
203.0,231.74773
278.0,274.2152
132.0,132.16144
146.0,150.73537
225.0,196.79932
132.0,132.16144
132.0,132.16144
500.0,497.39804
82.0,97.88415
86.0,88.69601
180.0,269.61798
133.0,122.48531
130.0,186.28444
305.0,282.2464
156.0,144.784
189.0,191.74507
132.0,131.18654
301.0,289.1324
332.0,316.8645
132.0,132.16144
427.0,172.26848
107.0,119.78992
52.0,72.212494
132.0,78.13833
123.0,121.95924
53.0,58.2786
290.0,255.46864
168.0,134.7858
312.0,284.464
140.0,117.425224
125.0,114.39468
132.0,132.16144
46.0,57.084183
50.0,63.341274
315.0,246.88904
132.0,132.16144
266.0,252.79137
273.0,197.57967
323.0,317.43857
63.0,82.178604
250.0,261.67657
120.0,121.91577
167.0,168.32077
107.0,126.36859
199.0,203.23654
61.0,57.815475
330.0,358.2571
68.0,90.794556
78.0,76.92677
321.0,310.07587
134.0,125.053665
132.0,191.23288
83.0,81.89121
271.0,264.62927
73.0,69.92161
228.0,242.73494
50.0,66.833115
131.0,112.88951
49.0,63.870987
132.0,132.16144
437.0,485.96445
63.0,44.868916
82.0,83.256645
132.0,93.46844
126.0,128.13889
138.0,156.15193
299.0,268.27103
64.0,67.64651
310.0,354.8397
224.0,209.18665
259.0,313.23492
389.0,341.03363
113.0,142.00563
429.0,442.56012
288.0,251.59404
132.0,131.5505
157.0,159.1487
227.0,208.50993
250.0,252.31859
169.0,162.17706
132.0,131.91133
213.0,195.25616
55.0,66.16201
409.0,445.20844
132.0,129.3071
89.0,84.92866
79.0,68.065765
106.0,105.008934
132.0,136.00603
63.0,63.75888
70.0,64.85444
151.0,131.78236
62.0,62.985252
77.0,83.4143
132.0,131.30505
336.0,360.6792
132.0,128.1705
132.0,131.53993
276.0,263.88834
98.0,110.84262
72.0,114.64855
286.0,284.0662
312.0,310.51923
452.0,349.2082
137.0,128.8872
32.0,39.24339
388.0,372.29935
132.0,132.16144
61.0,63.767574
87.0,115.3868
298.0,320.50693
132.0,133.79018
231.0,244.9159
132.0,131.72699
53.0,71.42325
132.0,132.16144
230.0,251.47583
301.0,247.12025
46.0,61.126343
500.0,482.4889
500.0,504.0159
86.0,95.04673
257.0,252.05492
161.0,145.17831
126.0,141.29904
132.0,132.16144
186.0,148.18242
48.0,47.363518
52.0,64.35467
74.0,65.25616
132.0,68.183174
311.0,327.48495
132.0,128.08716
247.0,176.91502
301.0,211.55629
70.0,75.48462
48.0,70.104706
320.0,331.90198
132.0,44.122395
103.0,108.7243
132.0,132.0771
132.0,132.16937
57.0,64.085785
205.0,211.83786
67.0,71.38788
132.0,132.0771
132.0,131.69267
391.0,398.07205
37.0,64.89526
132.0,126.02464
372.0,391.26282
132.0,133.66946
286.0,307.14883
132.0,131.72699
175.0,121.11977
132.0,131.71005
104.0,122.455
410.0,302.05563
73.0,84.858215
86.0,90.03284
350.0,354.50107
132.0,132.16144
89.0,105.094025
281.0,214.14354
146.0,154.67369
151.0,134.10226
132.0,143.01358
345.0,344.12387
116.0,135.8055
65.0,80.04531
186.0,165.55165
151.0,151.13586
132.0,142.50676
25.0,39.627697
57.0,56.742393
79.0,99.59415
309.0,277.22214
132.0,77.59798
324.0,340.81842
256.0,185.59015
300.0,314.94156
314.0,337.6833
374.0,401.26846
132.0,132.16144
132.0,132.16144
164.0,149.79213
45.0,58.52151
226.0,261.44916
288.0,331.19458
456.0,395.9074
63.0,58.042423
161.0,112.53647
500.0,440.035
103.0,97.55758
416.0,434.29507
242.0,286.83795
214.0,229.65016
114.0,112.389824
132.0,140.20753
57.0,71.84903
132.0,132.16144
369.0,383.8841
162.0,147.5951
74.0,120.93317
61.0,80.201805
222.0,334.20798
120.0,92.143036
122.0,91.98448
99.0,109.02042
466.0,367.53738
150.0,174.53795
132.0,131.90688
132.0,132.0771
238.0,206.015
414.0,385.6095
66.0,61.28542
302.0,264.55624
431.0,463.7528
132.0,138.65787
129.0,136.91182
152.0,131.66362
118.0,119.14696
152.0,144.56538
132.0,131.73352
126.0,89.10306
192.0,214.87393
466.0,406.34012
102.0,131.73917
132.0,136.37231
266.0,297.93744
148.0,163.83455
40.0,47.004406
64.0,106.0738
179.0,188.68082
138.0,145.15851
119.0,149.81126
132.0,131.72699
45.0,43.853466
62.0,66.80862
140.0,141.0015
264.0,249.93062
73.0,92.54534
359.0,342.23276
362.0,335.89236
184.0,176.30919
394.0,342.5882
132.0,132.0771
132.0,132.16144
164.0,175.98509
259.0,278.82327
477.0,456.0923
95.0,108.76019
65.0,71.07761
143.0,144.17308
74.0,88.36169
120.0,115.68704
356.0,381.1776
191.0,182.85081
109.0,105.39532
280.0,175.32285
33.0,60.80331
92.0,74.90697
92.0,118.18051
64.0,78.6111
88.0,114.379654
323.0,275.4437
90.0,124.47733
105.0,105.0299
40.0,60.07734
167.0,150.22977
82.0,67.92746
132.0,131.91133
29.0,45.019337
132.0,131.73352
92.0,75.38083
89.0,75.25939
500.0,465.2268
123.0,153.58011
256.0,243.67383
168.0,139.73659
128.0,139.82158
150.0,155.76266
252.0,248.10944
113.0,121.11052
303.0,300.49634
132.0,136.33
135.0,159.13873
71.0,72.56012
253.0,282.1435
70.0,86.80943
468.0,205.96715
132.0,58.072014
307.0,277.6159
154.0,144.3815
132.0,85.101425
132.0,131.80582
351.0,339.20078
286.0,265.8042
91.0,88.64048
84.0,91.60916
132.0,132.16144
256.0,198.35338
102.0,119.93565
98.0,71.7555
132.0,132.0771
129.0,145.31769
328.0,310.99704
294.0,106.542274
370.0,302.17877
40.0,89.47335
319.0,296.54745
225.0,222.5638
90.0,87.19729
132.0,140.37102
273.0,246.3203
132.0,131.90688
132.0,146.54141
314.0,296.58685
305.0,220.86342
411.0,406.61542
299.0,262.98846
102.0,122.21821
54.0,83.566574
261.0,266.4848
132.0,134.45068
371.0,397.73035
132.0,132.16144
112.0,104.519104
103.0,95.084915
219.0,213.87962
68.0,102.24712
149.0,208.22853
387.0,400.77567
117.0,100.15694
61.0,78.6822
52.0,66.99077
139.0,168.28064
113.0,135.61787
103.0,94.54128
48.0,52.148293
67.0,65.37974
308.0,282.71292
359.0,361.50757
72.0,87.65893
118.0,140.9939
102.0,103.42874
196.0,155.83014
500.0,482.50256
132.0,135.41025
74.0,86.49774
224.0,292.06747
306.0,316.23117
132.0,132.16144
71.0,69.79215
132.0,132.0771
70.0,106.98541
338.0,358.8376
136.0,112.4978
67.0,78.00323
133.0,129.47993
325.0,315.4524
105.0,114.75034
78.0,83.462425
162.0,156.42119
132.0,131.90688
132.0,132.16144
134.0,100.34016
54.0,63.657444
132.0,132.11913
378.0,402.93845
133.0,137.18845
93.0,64.408905
58.0,77.277504
132.0,131.91133
73.0,71.30091
140.0,125.36715
468.0,419.00763
319.0,298.42014
142.0,136.56792
57.0,57.05862
128.0,142.19292
180.0,189.1094
100.0,84.705574
423.0,370.04068
62.0,73.33847
112.0,118.580025
115.0,79.506584
132.0,351.74173
308.0,315.36993
226.0,199.723
132.0,132.16144
69.0,65.153786
103.0,108.15625
100.0,98.31527
89.0,94.219376
122.0,132.68793
260.0,276.92993
132.0,131.91133
133.0,148.5478
288.0,292.3852
208.0,236.33334
119.0,107.710976
391.0,469.31577
132.0,132.16144
132.0,153.41751
34.0,47.025166
109.0,104.84206
244.0,237.9992
69.0,92.05264
62.0,70.57201
117.0,132.16144
62.0,66.55848
250.0,207.26657
117.0,123.91444
98.0,110.14455
500.0,464.3795
117.0,110.12906
198.0,177.9551
59.0,61.850666
50.0,51.16419
70.0,81.04934
500.0,426.0528
66.0,75.49976
321.0,316.9625
63.0,63.936363
310.0,274.09924
204.0,228.17142
132.0,132.16144
132.0,134.83167
132.0,306.73737
136.0,136.39146
427.0,416.16168
132.0,129.90622
144.0,135.18414
132.0,132.16144
266.0,277.77063
157.0,131.36324
127.0,139.79642
52.0,52.292984
256.0,278.09488
193.0,185.0219
125.0,137.1304
143.0,138.90865
60.0,63.120117
132.0,131.91133
422.0,397.0317
91.0,90.26303
210.0,229.25584
132.0,120.38648
132.0,132.16144
132.0,125.91498
289.0,268.53857
103.0,93.554306
87.0,88.95791
221.0,228.94505
90.0,83.221405
260.0,209.08707
93.0,94.385414
132.0,132.16144
245.0,149.20543
132.0,131.90688
219.0,253.6365
89.0,77.2273
300.0,309.16837
279.0,285.9392
258.0,198.64572
132.0,131.80939
466.0,343.25864
401.0,411.39304
121.0,101.79494
132.0,134.28416
158.0,165.23836
421.0,433.92395
80.0,94.41751
132.0,131.69267
132.0,74.88175
109.0,108.13514
97.0,95.552826
224.0,253.50807
132.0,132.16144
132.0,131.72699
42.0,61.138683
232.0,148.03836
500.0,485.08008
149.0,116.30834
132.0,131.80582
246.0,315.4715
204.0,212.83984
500.0,324.5296
131.0,117.28332
132.0,132.16144
105.0,89.59485
78.0,82.657005
132.0,124.905685
50.0,54.307922
132.0,131.91133
132.0,136.05797
132.0,164.81342
67.0,90.94763
174.0,165.54524
46.0,62.65746
142.0,128.61252
315.0,289.35327
49.0,62.780975
280.0,279.09918
132.0,131.91133
130.0,137.64435
63.0,91.898285
124.0,127.299416
300.0,298.99976
133.0,118.09026
88.0,82.2274
367.0,389.57492
101.0,92.26907
213.0,266.166
132.0,132.16144
132.0,132.14624
73.0,68.428696
132.0,116.16313
132.0,125.09362
132.0,132.16144
138.0,147.38696
114.0,217.37636
132.0,132.16144
90.0,104.102646
36.0,57.86835
241.0,237.49187
132.0,269.57025
110.0,103.328896
132.0,132.16144
131.0,106.137115
262.0,296.11273
132.0,124.331665
142.0,137.89037
500.0,486.38858
132.0,132.14624
333.0,344.3406
44.0,61.727684
70.0,69.183304
106.0,113.746315
101.0,96.58479
121.0,148.08052
198.0,226.95967
274.0,235.20345
102.0,98.17724
354.0,346.97946
53.0,47.75268
89.0,104.90002
66.0,69.55253
147.0,128.0754
67.0,70.33065
128.0,139.85008
92.0,140.30121
106.0,118.19028
127.0,123.03299
301.0,328.13354
132.0,132.0771
132.0,132.16144
132.0,132.16144
341.0,344.3586
132.0,117.75426
39.0,64.73084
108.0,131.06369
132.0,132.0771
251.0,235.67496
74.0,90.64527
93.0,129.96083
115.0,101.305275
500.0,490.57022
132.0,132.16144
166.0,178.51729
364.0,301.09863
132.0,131.6699
68.0,76.37234
132.0,134.35585
70.0,79.7385
132.0,119.95087
48.0,55.58367
31.0,44.092106
186.0,160.874
188.0,136.86674
255.0,216.89641
366.0,368.68472
463.0,325.05905
263.0,208.27089
80.0,104.6536
32.0,61.01065
122.0,96.60863
252.0,218.99109
125.0,141.51234
60.0,71.556404
102.0,100.85814
75.0,93.39954
132.0,82.4423
132.0,131.91133
75.0,63.69915
361.0,334.76123
132.0,78.30116
242.0,254.05891
336.0,305.9776
134.0,172.8205
132.0,132.14624
117.0,161.41362
371.0,366.87912
68.0,55.72429
500.0,457.7899
450.0,163.8423
132.0,131.91133
121.0,116.371254
135.0,127.84591
317.0,251.86957
78.0,75.631004
56.0,57.431324
132.0,132.16144
50.0,132.16144
366.0,377.7947
78.0,79.82007
132.0,132.16144
70.0,96.28121
86.0,92.69818
335.0,322.19833
210.0,212.771
101.0,96.60076
124.0,131.8516
72.0,57.25562
154.0,134.52063
368.0,325.8364
132.0,130.54904
302.0,316.58185
142.0,146.02649
207.0,202.79018
158.0,125.03232
254.0,173.77034
322.0,313.9811
88.0,89.9844
111.0,118.87283
132.0,132.0771
303.0,335.0659
377.0,383.46365
47.0,55.78617
213.0,255.0317
126.0,134.93433
271.0,249.59698
104.0,105.30632
170.0,236.22641
80.0,75.13497
363.0,349.40442
99.0,114.35598
132.0,132.16144
104.0,115.13712
97.0,78.96346
99.0,128.51749
132.0,132.14624
347.0,328.72708
239.0,68.17703
371.0,377.3863
56.0,66.51301
126.0,120.034164
123.0,132.40736
132.0,132.16144
132.0,86.963
132.0,132.16144
146.0,147.8883
61.0,70.060425
306.0,304.71527
144.0,163.69234
132.0,128.04497
101.0,127.19217
132.0,131.69267
323.0,324.09106
132.0,84.05239
183.0,176.16537
132.0,132.16144
132.0,95.47982
52.0,63.546795
50.0,69.055855
92.0,85.1456
456.0,421.42438
136.0,109.686554
121.0,280.31216
128.0,136.99857
166.0,134.12677
358.0,367.42868
101.0,125.60242
336.0,249.99355
331.0,320.62665
330.0,333.9652
132.0,132.16144
398.0,382.3371
105.0,79.58698
160.0,159.891
132.0,134.65964
132.0,132.16937
118.0,134.32184
46.0,57.843304
70.0,86.46468
323.0,360.64053
132.0,132.16144
132.0,131.58475
116.0,128.53981
123.0,131.91965
234.0,212.83768
106.0,121.07318
111.0,137.90918
342.0,373.3398
52.0,58.566097
82.0,93.02587
62.0,73.335075
132.0,132.16144
370.0,410.152
107.0,94.60923
132.0,155.3055
427.0,355.67715
104.0,133.22552
314.0,355.23215
212.0,185.10298
132.0,132.16144
181.0,196.65404
350.0,341.5639
47.0,61.914536
164.0,163.00317
193.0,159.63596
194.0,207.89511
56.0,81.137184
109.0,137.20145
117.0,129.43947
109.0,110.50842
78.0,74.6038
250.0,175.42049
125.0,119.81946
384.0,404.68686
152.0,146.59097
94.0,113.50139
150.0,146.63657
242.0,232.1105
132.0,123.97532
128.0,137.65598
89.0,105.920685
363.0,324.79517
132.0,132.16144
132.0,132.16144
132.0,132.16144
99.0,112.72843
132.0,98.194534
90.0,111.71493
137.0,97.945625
122.0,134.39766
80.0,87.45489
65.0,66.41363
108.0,123.506386
132.0,132.16144
185.0,199.76082
69.0,96.48759
62.0,65.27006
120.0,133.54034
90.0,122.49114
43.0,44.069374
132.0,121.824295
265.0,248.14622
120.0,121.24116
54.0,56.20436
100.0,75.62594
57.0,59.437565
98.0,85.30894
442.0,454.2405
318.0,294.34024
53.0,51.752525
37.0,78.6417
138.0,150.70464
118.0,137.31734
132.0,131.91133
132.0,146.99788
104.0,90.79413
164.0,160.94727
66.0,74.66629
66.0,99.398254
102.0,104.71716
65.0,67.01982
76.0,78.0044
63.0,59.137367
59.0,67.0929
132.0,115.20086
75.0,84.25593
191.0,170.3743
132.0,144.54233
436.0,450.91086
335.0,354.0256
106.0,82.85635
98.0,92.293205
50.0,69.433365
84.0,76.241844
132.0,135.66202
192.0,131.89482
139.0,123.32986
96.0,102.85098
292.0,302.91016
108.0,120.47496
486.0,443.0588
132.0,90.65936
116.0,144.4751
270.0,292.33075
273.0,291.3952
389.0,476.67896
116.0,136.9042
106.0,104.95915
488.0,337.783
203.0,167.4697
208.0,240.9023
132.0,131.91133
132.0,131.72699
137.0,132.59877
187.0,171.3774
159.0,184.69029
41.0,78.599945
132.0,132.16144
132.0,66.18508
132.0,126.08076
125.0,131.11662
132.0,131.72699
293.0,356.06998
170.0,206.69278
64.0,72.966736
24.0,60.07224
122.0,111.57976
104.0,107.66008
131.0,143.73192
410.0,398.21133
110.0,118.82692
132.0,128.4549
26.0,42.141666
132.0,131.80582
106.0,81.6574
132.0,131.00815
132.0,132.16144
84.0,106.66799
51.0,58.570625
279.0,184.91374
132.0,132.0771
82.0,85.11001
112.0,107.595764
90.0,83.680916
153.0,162.35854
54.0,68.46948
50.0,62.756256
238.0,255.07353
45.0,56.793064
132.0,126.44199
132.0,143.37152
118.0,93.07224
52.0,55.02733
32.0,47.651134
133.0,93.39604
104.0,90.64549
67.0,72.10427
142.0,103.408226
132.0,151.48244
500.0,483.7304
203.0,197.21935
81.0,86.3466
132.0,132.16144
170.0,86.86768
132.0,134.53696
124.0,98.0237
99.0,94.50445
82.0,95.34515
153.0,134.98474
188.0,136.75583
120.0,104.806786
132.0,130.48854
292.0,301.01593
379.0,361.66415
355.0,376.1422
104.0,105.15855
102.0,88.98799
71.0,92.496445
132.0,147.14452
132.0,132.16144
381.0,372.76785
132.0,131.50868
74.0,83.184
416.0,434.6346
110.0,129.30408
132.0,132.16144
132.0,132.16144
62.0,77.693
89.0,104.462326
132.0,132.13687
395.0,352.72345
500.0,500.84802
85.0,77.81836
132.0,131.79614
132.0,132.22603
207.0,230.25835
117.0,110.97899
168.0,258.72717
143.0,151.05186
45.0,44.475754
92.0,82.72896
108.0,119.260185
369.0,367.8155
290.0,306.21555
63.0,82.71303
132.0,127.94564
136.0,161.67593
185.0,135.72688
363.0,275.02856
323.0,258.77725
102.0,110.50742
74.0,112.99137
104.0,107.883064
111.0,123.94011
198.0,153.74602
179.0,182.89711
132.0,132.14624
82.0,100.04558
132.0,132.16144
161.0,249.26204
200.0,227.10124
132.0,115.83048
102.0,107.03687
141.0,131.38193
62.0,77.837166
217.0,226.51216
167.0,195.64148
132.0,131.91133
231.0,282.49612
159.0,93.62881
80.0,95.2873
96.0,99.305786
66.0,63.078552
132.0,70.487144
132.0,131.90688
68.0,76.84681
247.0,207.96394
115.0,108.07455
100.0,95.84811
103.0,114.6853
132.0,132.16144
121.0,119.13302
132.0,132.16144
132.0,131.90688
298.0,281.075
132.0,131.91133
100.0,108.05277
132.0,132.16144
229.0,227.89713
132.0,132.16144
102.0,127.09148
216.0,216.97821
78.0,94.36157
281.0,227.42166
107.0,112.59501
132.0,130.02007
132.0,131.70714
184.0,96.76236
132.0,131.91133
104.0,119.41387
139.0,124.25666
219.0,273.26385
55.0,67.511444
132.0,131.91133
111.0,107.16683
78.0,134.27188
167.0,182.86931
93.0,89.21464
114.0,89.95824
185.0,192.25743
132.0,132.0771
35.0,47.49641
50.0,69.397736
132.0,131.91133
73.0,74.39625
407.0,401.79636
152.0,145.30292
500.0,420.99387
132.0,124.32462
165.0,142.60175
132.0,117.28477
101.0,88.31826
68.0,78.41982
223.0,150.62189
174.0,175.97116
132.0,132.16144
132.0,132.06238
132.0,132.16144
182.0,186.77505
340.0,316.58197
279.0,187.60751
468.0,466.73935
190.0,245.19865
97.0,113.31843
66.0,64.731224
246.0,248.57355
177.0,146.96622
132.0,132.16144
82.0,83.338936
132.0,132.16144
490.0,434.24686
132.0,132.16144
57.0,65.94502
310.0,272.17963
372.0,379.17905
132.0,131.72699
135.0,113.05251
89.0,76.046326
50.0,75.31496
258.0,283.8531
205.0,152.43985
142.0,99.655975
196.0,187.48697
85.0,107.164734
40.0,50.95155
237.0,214.7028
42.0,49.16269
132.0,132.16144
65.0,77.59126
87.0,84.904884
112.0,94.49529
97.0,113.55557
132.0,131.91133
195.0,238.75934
132.0,114.59835
102.0,124.4299
66.0,65.73827
132.0,196.35643
132.0,131.72699
94.0,107.908295
174.0,168.32782
69.0,125.93918
37.0,54.839542
130.0,130.7341
182.0,189.34851
74.0,68.9856
53.0,85.58955
198.0,244.86166
322.0,309.07477
132.0,132.16144
73.0,113.74819
43.0,48.76617
78.0,79.90916
392.0,339.67618
148.0,123.51482
74.0,71.865974
75.0,71.87477
500.0,479.67883
132.0,132.16144
69.0,71.33994
500.0,502.68417
132.0,132.16144
130.0,123.27335
347.0,298.36133
142.0,173.51743
174.0,147.04352
144.0,82.22457
500.0,478.70276
53.0,52.437485
60.0,76.62941
97.0,101.33913
218.0,267.78952
212.0,196.95865
132.0,131.90688
500.0,477.36227
312.0,291.98685
132.0,123.49481
56.0,73.25873
132.0,93.993935
107.0,96.77498
132.0,132.16144
132.0,132.14624
500.0,467.61978
132.0,325.82852
132.0,132.16144
227.0,232.45343
88.0,96.9376
50.0,49.320133
78.0,66.809074
111.0,109.64597
128.0,122.69362
289.0,250.46457
97.0,93.8462
334.0,240.74367
163.0,150.73975
132.0,131.72699
102.0,106.712326
500.0,456.6143
130.0,123.441765
69.0,84.4587
146.0,169.04012
127.0,138.02478
132.0,131.80582
36.0,52.52524
115.0,121.94789
57.0,58.81914
63.0,79.29743
132.0,132.16144
468.0,400.97803
132.0,132.14624
81.0,83.49769
95.0,133.64847
473.0,406.7072
470.0,461.0077
79.0,83.85952
74.0,120.71829
132.0,58.774757
40.0,50.604797
52.0,66.24164
132.0,131.6699
396.0,341.03253
85.0,114.16858
227.0,266.10764
132.0,131.90688
319.0,265.10986
184.0,202.83096
183.0,184.69868
321.0,280.61526
132.0,132.16144
46.0,53.762775
482.0,448.18396
73.0,83.68959
132.0,122.10636
500.0,484.37894
162.0,173.77338
52.0,60.72054
56.0,59.08817
132.0,131.50868
304.0,213.06168
103.0,120.45273
92.0,92.633354
313.0,299.308
132.0,138.76643
145.0,112.14145
132.0,110.301865
191.0,179.49371
132.0,132.32294
378.0,382.11453
160.0,111.18728
80.0,103.05598
132.0,132.16144
132.0,132.16144
274.0,322.20822
132.0,130.347
165.0,174.24548
77.0,89.36916
108.0,114.982704
219.0,197.42879
311.0,274.70813
82.0,76.46895
409.0,371.3929
57.0,57.84595
95.0,106.20157
116.0,125.19403
127.0,112.05848
94.0,103.14031
106.0,126.881424
294.0,337.76553
132.0,132.16144
283.0,215.92252
94.0,82.92399
361.0,331.96774
424.0,426.27036
298.0,299.40817
197.0,270.29605
308.0,323.56744
124.0,143.12242
98.0,98.844284
320.0,336.68066
126.0,142.38896
36.0,41.32085
64.0,83.47593
234.0,234.31633
132.0,131.72699
205.0,218.47063
92.0,79.91274
111.0,110.84515
65.0,62.566357
44.0,58.8611
170.0,189.62352
132.0,141.99837
132.0,109.35605
500.0,449.50854
87.0,102.27118
81.0,98.43341
94.0,94.740326
113.0,100.398964
52.0,56.24086
491.0,484.445
171.0,137.67155
144.0,129.32623
50.0,52.37725
58.0,58.510757
275.0,277.07996
124.0,123.73657
207.0,194.33012
129.0,134.4599
132.0,131.90688
111.0,111.88488
132.0,131.90688
134.0,148.77388
329.0,343.43094
113.0,111.15
132.0,207.02364
275.0,340.29202
96.0,111.88534
132.0,132.16144
152.0,138.31183
61.0,61.95105
127.0,127.6532
61.0,60.219135
199.0,361.6303
175.0,174.4589
200.0,171.77159
229.0,228.09352
39.0,48.18462
132.0,133.94952
132.0,102.76987
256.0,294.69348
105.0,129.65602
132.0,131.50868
132.0,107.81348
114.0,107.03472
352.0,340.15646
62.0,77.05152
132.0,131.90688
132.0,124.90326
52.0,54.88208
83.0,64.6845
132.0,139.34189
99.0,97.88194
214.0,172.28458
324.0,319.2732
141.0,149.34334
108.0,123.83405
103.0,99.50402
74.0,73.17766
54.0,59.25742
103.0,83.42188
53.0,52.77546
115.0,149.67035
329.0,299.9801
72.0,88.70309
306.0,293.15582
106.0,150.05153
132.0,127.6696
319.0,322.05014
301.0,277.547
113.0,133.51604
132.0,127.531784
92.0,111.39738
84.0,85.59691
395.0,394.13336
308.0,252.23854
192.0,155.68034
75.0,94.34845
140.0,135.81763
215.0,200.86668
280.0,278.86508
99.0,120.35506
342.0,325.08716
61.0,69.46679
132.0,123.58071
195.0,218.05043
208.0,167.2581
127.0,152.40227
200.0,147.35497
296.0,336.91568
171.0,194.67902
132.0,132.16144
150.0,176.7181
330.0,303.06497
111.0,114.2268
132.0,131.73352
132.0,104.29836
103.0,110.32558
50.0,63.02651
196.0,205.99825
108.0,101.79551
36.0,51.368732
209.0,250.26007
103.0,106.329994
84.0,107.30894
132.0,82.525375
90.0,108.25069
132.0,138.26125
35.0,49.313213
124.0,101.963936
98.0,127.86745
226.0,192.43831
53.0,60.18649
74.0,79.52528
123.0,137.6119
103.0,119.363144
110.0,110.92274
132.0,124.96096
132.0,102.957634
404.0,369.56256
284.0,292.99597
41.0,51.82048
361.0,307.68958
500.0,456.18146
73.0,56.356567
80.0,97.80733
140.0,72.24725
307.0,296.4906
132.0,132.16144
349.0,315.6307
93.0,113.9854
132.0,122.838554
74.0,86.04208
301.0,291.68555
83.0,91.59755
401.0,387.43863
357.0,357.8613
132.0,132.16144
98.0,107.10091
101.0,97.19783
132.0,132.16144
69.0,94.98234
271.0,240.75836
132.0,132.0771
130.0,115.50458
438.0,474.70245
167.0,148.8294
138.0,133.54536
42.0,69.81046
32.0,58.15209
132.0,132.16144
132.0,131.91133
132.0,132.16144
243.0,181.83182
132.0,133.78809
171.0,145.14436
368.0,344.82538
196.0,105.08805
132.0,132.16144
173.0,161.92384
104.0,101.0831
500.0,479.96988
155.0,170.15103
132.0,131.91133
93.0,109.53934
44.0,49.503765
48.0,62.360874
37.0,57.34876
126.0,124.5275
321.0,317.31625
352.0,367.8938
132.0,103.273
132.0,131.69267
135.0,133.15277
116.0,107.70139
132.0,132.16144
305.0,291.2176
323.0,307.2301
132.0,131.91133
122.0,154.40434
176.0,140.64459
105.0,85.177284
132.0,130.9099
364.0,328.6091
181.0,195.5812
132.0,132.16144
97.0,93.48843
106.0,101.79619
259.0,152.358
132.0,131.90688
132.0,127.61813
163.0,173.88486
385.0,373.98734
132.0,132.16144
253.0,269.63327
178.0,77.56312
132.0,132.16144
132.0,132.16144
155.0,153.19585
83.0,93.6787
500.0,358.33295
43.0,63.52947
107.0,109.361855
97.0,121.24093
295.0,341.518
132.0,132.16144
340.0,326.8461
60.0,54.88529
275.0,268.76373
431.0,456.20358
59.0,81.66052
252.0,252.85727
124.0,77.00554
201.0,308.81616
280.0,261.03018
41.0,62.21382
352.0,338.3137
61.0,78.18612
77.0,87.412895
229.0,202.27023
95.0,115.643974
171.0,174.26282
96.0,132.65785
354.0,340.81482
79.0,104.26067
86.0,75.074425
65.0,77.3337
42.0,50.038696
85.0,61.475998
132.0,121.53644
132.0,131.72699
130.0,113.06762
85.0,93.61788
261.0,270.8509
132.0,131.73352
96.0,94.200935
145.0,159.56015
132.0,132.16144
227.0,207.9155
248.0,225.08577
132.0,129.8655
464.0,399.23428
59.0,61.984035
293.0,280.17566
132.0,97.905815
119.0,123.40775
174.0,125.934395
150.0,128.64598
132.0,131.72699
195.0,190.762
194.0,148.35995
81.0,55.79526
32.0,38.505547
163.0,142.09737
35.0,63.443005
103.0,118.479324
61.0,76.09603
74.0,63.80989
132.0,132.16144
132.0,132.16144
50.0,52.313847
164.0,137.06694
191.0,198.2078
92.0,73.398926
210.0,138.02711
45.0,49.817196
154.0,161.87857
132.0,132.06238
299.0,297.90887
236.0,229.47797
114.0,105.03496
325.0,314.44366
321.0,312.87317
280.0,275.43503
132.0,132.0771
125.0,232.87689
138.0,140.09744
252.0,232.57513
383.0,367.4665
132.0,132.16144
65.0,107.33999
198.0,273.9083
150.0,158.25249
132.0,119.01996
132.0,128.48071
50.0,48.312172
132.0,132.16144
104.0,100.75366
178.0,130.08566
460.0,442.27252
320.0,304.771
288.0,248.81734
352.0,392.6756
132.0,132.0771
77.0,81.74826
132.0,132.14624
144.0,143.17955
79.0,102.41861
103.0,115.43395
132.0,133.71506
344.0,332.01294
305.0,280.1768
132.0,131.72699
118.0,124.57587
63.0,71.53561
110.0,89.87553
264.0,269.8876
92.0,91.67638
321.0,285.81552
132.0,134.52054
132.0,143.40538
170.0,174.06091
94.0,102.62693
132.0,132.16144
132.0,183.45244
30.0,42.98071
132.0,132.16144
115.0,96.65248
60.0,65.19341
435.0,430.8361
281.0,293.62878
346.0,358.88116
111.0,136.20937
94.0,143.55814
329.0,337.97906
111.0,128.15604
132.0,131.57301
104.0,122.11205
138.0,146.82437
173.0,169.04678
414.0,416.54245
145.0,139.68788
36.0,59.943092
89.0,84.17512
89.0,82.60791
132.0,131.0704
318.0,310.85773
132.0,132.16144
132.0,131.80582
163.0,124.73157
132.0,102.0952
60.0,66.6135
94.0,115.70783
254.0,264.14908
268.0,340.60904
176.0,155.41913
145.0,147.77086
200.0,201.05508
132.0,131.91133
97.0,74.93542
134.0,138.82326
153.0,123.15644
84.0,114.69945
132.0,132.16144
81.0,86.30079
73.0,72.23106
45.0,59.487194
62.0,75.14656
109.0,120.175644
132.0,69.396866
59.0,77.12207
132.0,131.90688
343.0,331.04776
99.0,85.54726
132.0,132.0771
452.0,452.44058
116.0,103.12357
101.0,171.27197
111.0,125.853065
188.0,194.152
132.0,131.80582
84.0,75.87509
61.0,81.676155
65.0,63.906437
305.0,287.32568
112.0,133.63588
76.0,92.36174
62.0,50.757492
371.0,369.55405
308.0,287.77063
157.0,149.64769
113.0,105.65282
68.0,60.766857
283.0,299.53473
357.0,357.85602
123.0,80.80803
132.0,131.90688
132.0,87.11237
318.0,203.18787
153.0,112.81222
160.0,171.81454
69.0,77.68632
132.0,131.69267
319.0,329.6576
104.0,144.93365
59.0,65.03107
132.0,101.52559
315.0,306.4376
132.0,131.91133
268.0,250.57988
69.0,89.27973
69.0,78.680885
132.0,133.76643
132.0,132.0771
201.0,230.455
142.0,114.16375
196.0,154.02354
223.0,180.64357
125.0,124.10638
138.0,130.71841
134.0,141.34563
161.0,176.23259
132.0,131.50223
14.0,105.30198
251.0,192.99991
59.0,79.361595
108.0,114.89043
82.0,77.345406
130.0,104.42567
132.0,132.16144
100.0,88.75611
234.0,182.74814
115.0,96.63189
120.0,113.477036
340.0,334.67596
48.0,51.48066
99.0,107.37391
160.0,175.72827
411.0,470.99582
309.0,310.21326
241.0,232.6946
50.0,57.17033
110.0,108.47146
132.0,131.6305
43.0,51.112823
65.0,74.33436
132.0,132.16144
126.0,160.28882
47.0,62.063084
264.0,284.8726
50.0,59.73213
64.0,76.563866
106.0,127.07112
323.0,310.62445
373.0,368.34088
245.0,233.46155
132.0,132.16144
96.0,105.960556
105.0,104.76692
443.0,440.51337
61.0,59.623707
266.0,247.04512
181.0,231.48769
80.0,103.40577
173.0,177.47556
66.0,78.472755
311.0,300.07477
139.0,138.07758
46.0,60.358818
333.0,275.91727
311.0,304.4991
132.0,132.16144
138.0,113.572525
500.0,456.8922
132.0,131.69267
56.0,55.637894
182.0,194.00677
201.0,220.83195
63.0,69.35036
132.0,61.99393
40.0,41.814575
58.0,60.214535
74.0,102.213646
213.0,191.08119
107.0,116.7221
98.0,285.0362
137.0,126.76792
124.0,137.35991
401.0,386.80795
132.0,132.16144
51.0,62.385807
132.0,131.91133
90.0,79.970795
350.0,465.7128
118.0,125.24114
89.0,93.97391
182.0,200.22275
293.0,238.02371
88.0,99.66778
91.0,85.28382
132.0,113.229935
111.0,110.89949
81.0,89.683556
190.0,147.12013
161.0,185.31973
101.0,78.38074
82.0,111.14271
197.0,185.36061
125.0,111.97067
140.0,162.43164
127.0,127.8102
325.0,193.00192
314.0,308.55972
71.0,63.97328
132.0,131.28967
90.0,98.76808
132.0,131.91133
500.0,441.72607
353.0,297.56464
132.0,132.16144
45.0,56.017464
145.0,144.71318
292.0,284.2045
500.0,472.50043
47.0,63.63524
146.0,158.22311
132.0,132.16144
132.0,132.16144
48.0,55.82679
110.0,134.14546
132.0,133.06042
223.0,233.6001
75.0,78.0953
114.0,123.307686
132.0,144.4902
295.0,244.34428
111.0,106.7128
68.0,66.76809
62.0,82.20407
319.0,303.67932
132.0,132.16144
101.0,99.69148
444.0,398.72507
144.0,150.03465
447.0,464.70947
132.0,132.16144
132.0,132.0771
131.0,119.390945
220.0,193.3013
132.0,315.3903
148.0,159.62312
46.0,50.357178
189.0,178.06651
329.0,317.1944
252.0,82.69095
108.0,117.67792
329.0,308.1086
132.0,132.0771
81.0,87.552216
132.0,98.16846
108.0,113.08765
132.0,129.91635
86.0,95.96994
186.0,199.10988
500.0,475.2837
151.0,158.98692
132.0,87.39903
380.0,414.13803
47.0,64.34436
53.0,65.16053
129.0,147.59808
54.0,61.2002
132.0,77.30562
150.0,178.90273
132.0,132.16144
112.0,132.74721
132.0,128.27562
276.0,300.11438
137.0,132.2544
132.0,132.14624
207.0,311.3496
132.0,257.85507
132.0,131.74072
74.0,53.254856
352.0,339.89352
115.0,131.93176
101.0,93.85961
118.0,99.31652
43.0,72.47674
129.0,142.5272
87.0,107.325134
155.0,115.33249
135.0,164.6122
105.0,105.079025
322.0,290.84827
132.0,77.66742
176.0,207.03993
132.0,123.83365
114.0,117.43091
309.0,307.20398
337.0,343.6603
294.0,121.44529
359.0,446.03497
136.0,143.70547
189.0,200.14336
267.0,281.0994
132.0,106.28564
132.0,131.91133
253.0,196.893
132.0,131.90688
40.0,70.70857
106.0,101.0081
150.0,147.09352
81.0,83.98723
212.0,262.92126
132.0,131.91133
49.0,66.53135
132.0,132.0771
427.0,418.78174
326.0,233.994
73.0,77.90994
56.0,63.55847
167.0,167.61356
132.0,295.65527
288.0,314.05112
86.0,82.23809
185.0,192.8108
102.0,102.19368
359.0,330.7674
132.0,132.9877
115.0,120.09575
127.0,134.95059
238.0,207.26408
500.0,448.42416
132.0,131.90688
195.0,178.96259
337.0,362.88925
132.0,130.84343
219.0,223.63414
191.0,228.74103
211.0,237.53505
132.0,132.16144
132.0,275.98306
311.0,282.86404
306.0,281.84317
127.0,161.40797
232.0,191.76308
117.0,125.98567
88.0,84.371605
310.0,342.47137
324.0,317.36475
132.0,131.80582
117.0,105.7546
72.0,78.059204
306.0,312.50604
132.0,134.86916
204.0,205.06508
278.0,158.64745
78.0,96.35204
245.0,167.54637
126.0,154.94951
52.0,65.51751
296.0,303.45093
360.0,338.19125
424.0,422.77502
134.0,148.72845
271.0,295.2004
200.0,253.7574
428.0,426.04053
409.0,383.363
256.0,258.21973
82.0,88.859146
108.0,129.05722
165.0,187.82733
53.0,59.55606
197.0,242.54346
125.0,147.00893
332.0,322.49432
147.0,151.80893
46.0,63.411896
112.0,133.73027
65.0,94.9178
132.0,149.78867
381.0,352.32385
132.0,132.16144
62.0,62.70394
293.0,322.5615
477.0,471.867
77.0,94.81879
127.0,158.72955
82.0,73.9777
132.0,130.59949
132.0,96.64935
107.0,106.533005
132.0,100.98441
326.0,308.22882
132.0,131.90688
148.0,168.82376
144.0,121.65326
129.0,106.329285
315.0,290.9075
308.0,294.71277
230.0,153.51157
86.0,89.03983
132.0,131.91133
137.0,130.67427
132.0,251.07951
263.0,317.0659
108.0,104.45301
132.0,135.73161
91.0,94.599655
132.0,132.0771
159.0,161.9551
132.0,132.16144
181.0,112.76754
92.0,104.40047
84.0,98.02663
45.0,61.98222
132.0,178.53001
149.0,156.36002
352.0,274.87216
91.0,93.843544
132.0,132.14624
132.0,132.16144
86.0,95.066986
146.0,101.9591
187.0,231.24617
132.0,136.8609
51.0,59.62111
134.0,148.93771
83.0,92.63585
318.0,299.64084
500.0,432.83853
342.0,288.99722
86.0,83.47084
198.0,218.32251
56.0,63.17186
55.0,64.4552
132.0,132.16144
103.0,101.77296
138.0,149.89783
313.0,263.62283
93.0,91.503586
146.0,150.28009
216.0,236.53865
104.0,135.47055
292.0,275.61804
293.0,267.99396
132.0,239.20445
263.0,258.73676
99.0,126.13267
370.0,337.04617
111.0,125.3991
275.0,270.3227
342.0,354.73743
99.0,116.576485
249.0,209.70699
56.0,70.3198
139.0,147.62587
113.0,120.397606
459.0,474.63138
56.0,90.6122
294.0,207.23395
132.0,132.16144
132.0,122.88129
67.0,93.081024
327.0,315.538
94.0,69.32867
42.0,52.453583
362.0,337.10538
93.0,109.0075
132.0,132.0771
132.0,132.16144
132.0,131.80582
82.0,98.00453
127.0,131.65222
154.0,135.764
24.0,37.66219
186.0,172.10143
53.0,54.452255
123.0,112.76558
321.0,298.94568
167.0,170.05344
77.0,93.355286
132.0,132.16144
109.0,110.61885
137.0,98.92738
132.0,132.16144
162.0,170.0823
284.0,297.91394
286.0,272.0202
421.0,409.2603
36.0,52.480343
132.0,132.16144
84.0,65.04936
163.0,154.91951
410.0,432.4785
262.0,267.34372
132.0,143.93921
106.0,125.28432
309.0,316.2593
136.0,150.07639
113.0,125.69667
105.0,112.9891
74.0,62.975037
91.0,110.49606
64.0,54.07227
132.0,132.16144
71.0,64.23178
218.0,222.1522
132.0,132.14624
120.0,131.51425
208.0,233.16432
110.0,119.40969
314.0,315.53323
201.0,235.27103
209.0,178.19633
81.0,88.62321
190.0,173.8746
132.0,131.90688
484.0,454.94403
50.0,70.35418
388.0,373.02924
53.0,71.739006
112.0,132.20325
132.0,131.90688
340.0,327.43372
54.0,70.484535
273.0,250.43236
132.0,131.80582
111.0,120.34988
102.0,180.6254
113.0,123.36048
158.0,136.44952
210.0,219.45242
148.0,146.5903
500.0,490.64487
217.0,178.76044
193.0,250.62187
132.0,131.90688
500.0,497.8568
119.0,103.12298
500.0,441.34268
79.0,110.68288
115.0,124.28816
132.0,109.0673
106.0,113.12544
111.0,106.42915
121.0,103.87015
427.0,483.18497
51.0,54.60131
109.0,134.17688
132.0,132.16144
327.0,313.8838
342.0,318.56628
75.0,82.09205
132.0,131.60605
102.0,96.15217
306.0,243.17093
311.0,233.58229
495.0,448.09225
132.0,131.73375
58.0,78.70177
132.0,137.70511
25.0,56.013157
45.0,132.16144
236.0,282.23697
96.0,121.868675
133.0,132.12965
62.0,79.35323
247.0,204.34203
62.0,82.19818
132.0,116.43335
371.0,359.1074
37.0,47.039207
78.0,92.35862
132.0,64.876305
132.0,132.16144
57.0,132.16144
320.0,319.4971
413.0,393.23413
151.0,153.31581
21.0,34.900414
76.0,85.61776
132.0,135.27216
148.0,163.93187
138.0,135.84845
61.0,55.809063
110.0,92.09606
166.0,173.22482
275.0,297.59842
149.0,123.82973
60.0,75.24897
100.0,117.76857
110.0,122.39825
338.0,346.6772
99.0,92.54559
138.0,151.13138
114.0,107.80515
337.0,344.3475
64.0,81.280945
132.0,132.16144
428.0,318.55057
125.0,135.90636
132.0,132.97673
70.0,92.80671
125.0,129.16954
145.0,103.155
254.0,215.51833
304.0,258.28275
72.0,74.838585
314.0,286.90097
103.0,102.514435
419.0,412.7726
188.0,211.54678
66.0,68.7906
86.0,116.4706
257.0,288.42273
64.0,67.074005
87.0,98.043465
132.0,132.16144
174.0,130.36456
74.0,83.52604
110.0,122.84779
36.0,56.80674
100.0,115.534065
270.0,202.37599
132.0,348.32358
233.0,213.46028
113.0,106.685936
121.0,107.51022
62.0,65.18443
297.0,264.67026
292.0,254.47037
175.0,184.65111
82.0,94.65989
500.0,452.41794
95.0,106.12277
96.0,126.17084
177.0,175.07744
199.0,190.54317
129.0,151.64716
37.0,49.136288
132.0,132.16144
333.0,320.66577
204.0,193.66864
58.0,59.638546
132.0,132.16144
99.0,100.87203
132.0,134.7757
184.0,178.77173
205.0,210.34853
190.0,122.73991
344.0,350.45346
96.0,106.65045
121.0,134.80722
117.0,127.41775
426.0,368.8998
108.0,127.31839
298.0,239.17882
132.0,120.04485
214.0,246.8123
80.0,79.444405
417.0,434.95633
47.0,79.62512
141.0,160.6317
334.0,334.826
45.0,59.46378
301.0,304.3262
438.0,440.83923
71.0,73.75602
93.0,98.597244
132.0,132.16144
96.0,97.93468
471.0,457.9572
46.0,50.458435
132.0,131.91133
284.0,230.90675
152.0,149.95807
55.0,71.55694
69.0,72.01953
71.0,64.54973
172.0,158.64107
56.0,60.61544
132.0,132.16144
57.0,70.58762
55.0,58.420364
87.0,80.55284
132.0,132.16144
500.0,499.70047
76.0,94.973785
132.0,132.16144
95.0,117.948524
366.0,328.03345
124.0,131.42307
220.0,237.31773
132.0,132.16144
338.0,304.43173
456.0,448.24033
163.0,169.41481
223.0,219.7581
305.0,231.00053
132.0,132.16144
67.0,75.4834
96.0,77.57615
178.0,181.01654
301.0,311.63342
132.0,132.0771
142.0,141.16426
132.0,132.16144
132.0,116.73379
55.0,53.345943
105.0,116.876945
132.0,166.12488
112.0,135.45856
74.0,92.72975
132.0,131.90688
95.0,143.33815
229.0,251.8216
78.0,77.87534
132.0,128.30191
99.0,104.218155
132.0,131.69267
132.0,132.0771
136.0,220.70451
118.0,124.72449
149.0,173.09448
269.0,290.7947
376.0,381.0089
132.0,132.16144
342.0,303.6009
51.0,51.364677
94.0,87.16627
173.0,160.17796
132.0,131.73352
132.0,132.16144
83.0,84.50522
132.0,109.58496
219.0,237.78764
98.0,101.70217
132.0,132.16144
324.0,349.62155
51.0,51.44421
46.0,47.171097
132.0,132.16144
362.0,305.943
117.0,130.1404
500.0,484.95215
273.0,296.40836
102.0,117.133095
132.0,131.80582
73.0,99.17014
159.0,153.3362
47.0,59.602215
105.0,144.49202
144.0,157.69266
165.0,184.4604
141.0,148.26054
363.0,317.30734
50.0,43.036175
80.0,109.2133
132.0,132.16144
500.0,494.91522
57.0,59.589935
57.0,78.66061
353.0,344.19336
62.0,68.25977
367.0,365.67297
132.0,131.90688
94.0,93.39349
149.0,167.90675
110.0,122.54056
177.0,224.18066
132.0,132.16144
132.0,132.0771
456.0,466.71198
334.0,318.2203
21.0,55.0862
110.0,112.63313
132.0,134.93211
334.0,323.81824
50.0,70.17619
302.0,305.674
72.0,108.98977
307.0,272.83948
52.0,99.48828
354.0,323.97592
221.0,219.3278
132.0,132.16144
95.0,106.027626
330.0,304.42657
345.0,356.32364
183.0,165.1497
73.0,89.90651
187.0,184.41591
309.0,289.29742
69.0,67.97198
159.0,160.72462
132.0,130.608
377.0,393.5208
132.0,131.91133
198.0,219.4529
132.0,131.90688
81.0,77.19523
163.0,149.02995
115.0,131.02997
90.0,95.73461
79.0,86.26554
132.0,125.36167
50.0,50.233215
123.0,135.74179
132.0,132.16144
132.0,90.69758
225.0,238.85808
107.0,123.90206
100.0,84.51434
63.0,77.904564
148.0,154.46298
132.0,123.41795
138.0,116.14427
106.0,172.76736
29.0,46.120617
167.0,162.80397
49.0,53.35133
132.0,132.16144
105.0,114.3911
164.0,222.19226
48.0,73.54543
48.0,52.2743
341.0,306.70502
353.0,365.81006
50.0,74.5551
132.0,149.14186
115.0,92.49501
47.0,44.139843
37.0,44.98833
253.0,243.69865
56.0,73.51394
261.0,265.5266
445.0,464.5096
307.0,326.4094
132.0,80.8616
65.0,69.313934
84.0,94.443085
194.0,194.75458
57.0,60.765972
341.0,315.3135
230.0,248.32199
377.0,366.35422
396.0,390.84964
46.0,60.69784
132.0,132.16144
315.0,310.78302
66.0,76.084724
337.0,306.5172
378.0,344.63724
84.0,95.07028
49.0,40.758686
132.0,132.0771
153.0,194.42473
269.0,261.08075
48.0,54.338833
250.0,184.07646
279.0,238.61426
67.0,84.845245
132.0,123.70068
500.0,484.99857
48.0,58.968792
84.0,114.868805
340.0,318.86517
107.0,102.37694
94.0,103.093575
112.0,132.47171
199.0,230.17683
98.0,132.08594
132.0,132.16144
132.0,131.10628
213.0,253.81535
132.0,133.77254
60.0,65.04457
132.0,76.72318
99.0,106.19243
132.0,130.89525
129.0,164.4364
452.0,500.9683
246.0,266.70737
160.0,188.9552
210.0,206.06995
139.0,159.5556
67.0,73.30899
397.0,323.31503
303.0,299.95224
350.0,304.81616
156.0,166.17722
61.0,60.04669
132.0,104.57433
97.0,101.30761
144.0,132.72372
194.0,183.48672
132.0,132.16144
199.0,247.4815
139.0,134.95816
58.0,60.04521
143.0,153.13167
62.0,64.117615
204.0,170.81195
313.0,291.51846
114.0,90.69872
46.0,62.170074
96.0,72.075676
40.0,48.29478
186.0,165.64351
100.0,95.89159
86.0,64.75833
144.0,180.0743
412.0,344.13562
159.0,162.73126
132.0,132.16144
132.0,84.35578
207.0,241.93869
372.0,401.39777
305.0,292.5186
100.0,105.174225
102.0,105.791016
323.0,309.5473
345.0,316.7831
100.0,122.62396
399.0,404.40128
76.0,95.00389
132.0,131.70583
105.0,95.87018
68.0,77.62581
324.0,296.42712
293.0,321.0171
376.0,383.6445
367.0,379.52356
157.0,196.29263
426.0,360.5055
495.0,319.8455
132.0,131.71005
60.0,70.78261
107.0,78.59717
180.0,230.11292
132.0,131.05835
168.0,121.78676
83.0,117.934395
132.0,140.36331
62.0,70.52279
59.0,64.43655
85.0,94.70036
132.0,125.477
70.0,93.987335
132.0,192.08946
79.0,81.5119
297.0,297.85068
212.0,255.51534
52.0,63.75285
53.0,64.99634
187.0,190.71997
169.0,145.49776
132.0,126.163635
132.0,128.76134
152.0,160.98294
35.0,63.94424
162.0,164.09428
132.0,131.91133
132.0,131.69267
123.0,131.09512
132.0,131.90688
132.0,132.0771
106.0,84.844734
132.0,132.16144
500.0,491.43494
79.0,95.12105
164.0,206.13554
80.0,77.51968
108.0,88.81823
181.0,219.66583
97.0,87.97733
366.0,374.34103
132.0,131.90688
50.0,64.467
88.0,85.249405
500.0,495.112
173.0,190.06479
132.0,131.80582
189.0,178.83127
72.0,77.31304
155.0,176.3049
361.0,339.49695
245.0,170.59872
104.0,89.910576
51.0,60.202866
61.0,60.054398
345.0,339.48798
139.0,121.820564
73.0,100.29374
132.0,128.40115
132.0,132.16144
412.0,365.654
80.0,98.80746
151.0,152.6615
253.0,257.26556
464.0,443.8786
93.0,84.22895
310.0,303.7999
132.0,129.41942
60.0,69.76501
339.0,312.3385
70.0,85.19791
132.0,133.93454
105.0,107.87992
61.0,73.62854
132.0,132.16144
79.0,74.55462
132.0,132.16144
137.0,142.39536
100.0,109.51309
50.0,70.1291
374.0,132.16144
174.0,123.98985
52.0,55.083366
168.0,162.9039
106.0,132.2283
68.0,68.83526
217.0,228.21822
216.0,268.65662
130.0,136.23082
63.0,64.075905
52.0,58.75459
135.0,118.12831
132.0,132.63823
181.0,167.69821
169.0,160.07605
132.0,132.0771
99.0,96.80588
169.0,184.55238
205.0,229.6302
88.0,90.476845
190.0,145.24568
89.0,87.600494
211.0,248.51991
339.0,349.65323
182.0,246.27869
132.0,119.27573
117.0,117.76816
162.0,138.50488
51.0,81.74957
149.0,144.72316
75.0,79.959145
64.0,79.19122
335.0,331.77863
68.0,87.19753
207.0,155.44162
99.0,108.25058
132.0,116.23337
151.0,195.58598
103.0,117.388
42.0,48.069115
97.0,98.496376
300.0,306.71606
132.0,131.91133
132.0,131.73352
54.0,62.184677
320.0,316.1954
360.0,359.78174
223.0,182.21918
36.0,57.041958
188.0,220.65569
92.0,93.219955
80.0,79.99622
251.0,225.95721
417.0,340.9547
132.0,132.16144
88.0,95.36639
296.0,217.44972
500.0,502.27823
81.0,89.87312
212.0,195.3573
106.0,118.27976
132.0,120.83076
132.0,134.28099
324.0,331.1313
449.0,482.07697
81.0,80.72815
44.0,59.590828
132.0,131.92761
103.0,97.21502
261.0,265.68008
176.0,273.5301
132.0,132.16144
51.0,55.482914
252.0,201.04988
500.0,502.24948
105.0,112.03763
285.0,300.2825
47.0,71.70271
163.0,223.26338
324.0,317.03003
132.0,127.765945
132.0,140.65454
67.0,75.92428
91.0,133.2427
53.0,79.49947
32.0,45.81741
107.0,99.92157
215.0,221.2771
99.0,111.32488
96.0,94.81755
62.0,68.00116
93.0,101.64478
203.0,191.70857
67.0,73.663765
405.0,409.76834
205.0,229.88576
326.0,356.7891
82.0,72.31136
132.0,132.0771
276.0,270.91605
296.0,238.71019
448.0,438.63278
132.0,131.80582
132.0,131.91133
235.0,241.44302
457.0,424.55353
150.0,120.52356
151.0,120.043434
152.0,145.7449
140.0,118.624
197.0,190.53279
101.0,101.32838
61.0,66.628136
326.0,333.4094
132.0,132.14624
334.0,320.3489
118.0,146.78485
132.0,132.67946
106.0,117.1364
500.0,496.59802
132.0,133.57278
131.0,102.317406
113.0,118.56206
500.0,505.04123
93.0,94.372635
109.0,102.61487
105.0,111.45285
142.0,187.60414
253.0,229.81471
98.0,123.40048
65.0,71.04842
132.0,99.36905
94.0,131.6742
79.0,97.49271
115.0,129.47432
82.0,91.83403
211.0,177.1617
132.0,132.16144
113.0,87.66678
381.0,349.01016
90.0,101.72962
53.0,66.204544
235.0,227.54263
321.0,308.3629
219.0,222.82559
70.0,84.63884
256.0,289.44803
71.0,88.14684
370.0,326.32904
112.0,126.77153
132.0,133.87724
132.0,132.16144
63.0,88.68757
132.0,112.29463
329.0,336.39038
387.0,341.35867
313.0,287.2353
83.0,81.9682
182.0,199.13237
132.0,132.16144
41.0,90.74414
88.0,72.080925
200.0,202.96564
325.0,322.45163
33.0,41.8788
95.0,108.616005
237.0,284.99158
61.0,75.488815
65.0,70.77796
397.0,435.19818
187.0,170.86255
309.0,268.5556
92.0,84.66838
84.0,83.89435
187.0,191.30623
109.0,102.140495
35.0,49.909668
46.0,56.502464
177.0,176.24281
132.0,132.16144
132.0,133.7549
319.0,285.13245
91.0,122.107346
247.0,263.108
160.0,227.01146
248.0,274.31085
92.0,97.890945
92.0,79.870605
132.0,265.47394
147.0,144.66876
70.0,80.267654
51.0,54.38516
128.0,126.07007
132.0,132.16144
124.0,148.60825
101.0,101.70345
192.0,205.38641
100.0,81.75805
134.0,132.46452
132.0,131.67644
421.0,404.12387
148.0,161.23941
59.0,63.62269
132.0,132.16144
392.0,407.1025
132.0,138.8457
132.0,137.31622
303.0,283.70828
139.0,149.36804
310.0,349.89224
120.0,120.2581
58.0,60.546944
132.0,260.78296
105.0,95.3869
132.0,132.0771
123.0,148.8985
74.0,54.5596
179.0,178.47618
187.0,193.7058
87.0,101.91548
219.0,229.66231
226.0,242.2092
197.0,242.82365
103.0,102.64214
86.0,103.61621
135.0,197.98114
51.0,62.649803
131.0,125.290085
220.0,185.21956
258.0,263.78754
359.0,328.19373
407.0,359.279
111.0,109.905975
344.0,240.5518
132.0,132.16144
104.0,111.09847
132.0,131.90688
341.0,379.76508
418.0,405.86945
132.0,130.10655
132.0,132.16144
22.0,40.732483
198.0,160.42967
160.0,137.68596
500.0,442.6759
96.0,107.188095
132.0,131.92761
128.0,129.77585
217.0,214.88896
500.0,470.78714
132.0,111.61478
132.0,132.14624
114.0,127.33747
132.0,128.49081
72.0,79.085144
62.0,78.647705
441.0,420.09976
106.0,137.9325
132.0,124.858345
132.0,132.16937
294.0,321.62317
132.0,132.16144
132.0,132.16144
96.0,130.80698
144.0,149.95299
362.0,346.44897
340.0,344.04883
132.0,132.0771
302.0,304.40784
49.0,54.013405
253.0,273.65073
240.0,263.99695
68.0,61.573708
65.0,53.49364
92.0,97.59171
61.0,74.351166
457.0,364.05035
132.0,132.16144
98.0,110.14534
33.0,38.28065
439.0,429.81723
132.0,128.79279
329.0,283.41092
132.0,131.91133
140.0,121.25322
100.0,101.02417
116.0,99.565346
130.0,136.74379
206.0,123.597885
112.0,120.07909
190.0,157.0402
89.0,81.40896
98.0,98.24763
92.0,110.88382
121.0,118.54333
155.0,144.2979
159.0,183.91632
127.0,111.81425
132.0,132.16144
318.0,131.90688
76.0,92.14447
132.0,119.68228
66.0,66.880516
132.0,130.78917
65.0,86.79848
117.0,100.099884
270.0,270.06573
166.0,153.20847
323.0,321.3796
132.0,132.0771
93.0,83.76129
500.0,502.62662
221.0,226.24176
141.0,130.26611
420.0,365.91226
97.0,98.30126
335.0,336.22974
357.0,347.22195
132.0,132.16144
132.0,131.90688
122.0,138.94804
352.0,283.28583
49.0,65.8542
64.0,71.375626
369.0,371.12988
107.0,121.80404
132.0,132.16144
77.0,91.533775
88.0,92.0
389.0,344.42603
132.0,127.7964
132.0,132.0771
212.0,192.66968
173.0,187.43573
397.0,444.78217
132.0,126.15926
311.0,274.00296
104.0,106.76585
93.0,113.343636
104.0,104.67857
111.0,114.53654
196.0,184.64745
74.0,82.40169
336.0,318.88177
132.0,132.16144
152.0,174.26483
121.0,129.66528
96.0,101.65892
59.0,72.37977
132.0,131.91133
238.0,121.228325
298.0,271.14383
132.0,132.16144
132.0,131.72699
216.0,267.25772
81.0,88.163795
168.0,165.12454
61.0,82.07554
399.0,359.72253
101.0,96.09629
175.0,183.54677
94.0,69.00765
169.0,164.14226
245.0,196.55017
106.0,120.80656
103.0,110.205864
347.0,346.85657
90.0,107.29505
110.0,117.70572
109.0,128.15538
55.0,70.29241
188.0,219.5084
84.0,95.59722
74.0,72.96462
356.0,419.5927
293.0,245.34697
84.0,83.44183
173.0,188.77112
88.0,110.9794
138.0,250.60008
109.0,139.69029
70.0,76.25251
319.0,287.59457
139.0,203.87431
170.0,154.54678
218.0,227.12962
500.0,500.4702
270.0,201.50871
132.0,132.09552
275.0,247.91621
65.0,72.27714
348.0,349.73914
67.0,72.30428
150.0,144.6837
132.0,68.36236
396.0,411.631
132.0,52.604076
119.0,111.37934
114.0,128.03636
169.0,246.79926
132.0,134.57147
323.0,309.03455
105.0,107.00574
132.0,131.90688
95.0,69.736145
132.0,132.16144
132.0,71.461784
132.0,129.6769
132.0,122.04356
320.0,281.44434
377.0,370.61472
183.0,215.29297
132.0,136.51762
140.0,88.85025
316.0,366.39337
198.0,207.00497
78.0,75.39476
110.0,116.87238
500.0,432.62402
411.0,389.38388
96.0,105.89993
79.0,100.37551
117.0,130.63017
77.0,86.09984
352.0,302.20547
179.0,247.06825
166.0,137.7012
162.0,138.58934
110.0,84.89796
314.0,296.02118
132.0,122.68208
111.0,78.0049
231.0,227.30351
167.0,203.64087
441.0,400.95337
132.0,132.14624
129.0,112.61824
320.0,324.90625
132.0,140.82285
95.0,103.650566
132.0,106.48428
132.0,131.90688
132.0,109.4385
302.0,286.20447
132.0,131.72699
102.0,99.38352
113.0,121.1576
239.0,283.68524
282.0,293.24707
188.0,249.82365
67.0,64.10645
326.0,313.39194
43.0,62.14165
386.0,432.77264
136.0,156.7828
53.0,77.73462
132.0,123.63201
132.0,132.16144
189.0,171.30356
89.0,98.22155
97.0,72.93415
39.0,54.42208
64.0,76.77991
157.0,215.77649
132.0,131.52042
204.0,96.86745
500.0,450.78076
105.0,126.89276
132.0,132.16144
69.0,64.236595
116.0,113.0346
377.0,391.9413
87.0,92.78437
132.0,132.16144
85.0,108.26094
134.0,126.4322
178.0,169.09065
111.0,134.92079
309.0,322.44666
215.0,179.42128
122.0,143.42502
360.0,325.5126
82.0,86.73132
104.0,100.50648
132.0,132.16144
132.0,83.25122
256.0,227.88646
93.0,86.37008
180.0,244.34047
132.0,329.0996
88.0,89.155685
109.0,125.346886
302.0,300.53983
132.0,185.64487
137.0,131.67073
141.0,141.79977
172.0,171.32814
60.0,63.686993
500.0,324.77136
132.0,93.85934
226.0,198.6424
98.0,132.16144
106.0,125.34746
418.0,342.25763
118.0,130.98299
374.0,364.1833
132.0,132.16144
185.0,153.32039
124.0,129.8766
101.0,126.68399
180.0,182.12279
80.0,65.2263
265.0,246.14038
132.0,67.5919
139.0,168.14864
253.0,201.31808
102.0,118.14077
132.0,131.90688
206.0,201.21709
132.0,236.5793
132.0,131.74072
132.0,132.16144
132.0,132.16144
210.0,173.55081
120.0,74.81951
132.0,131.91133
252.0,241.95892
132.0,131.91133
132.0,57.650303
56.0,71.63607
137.0,136.68253
132.0,131.91133
56.0,61.16173
132.0,132.0771
125.0,134.42406
102.0,110.4083
132.0,132.16144
209.0,181.03452
132.0,132.16144
132.0,132.16144
135.0,110.43216
189.0,130.15001
74.0,91.33808
177.0,159.22557
132.0,127.89433
132.0,132.16144
83.0,99.3548
72.0,79.82998
132.0,132.16144
307.0,284.7837
222.0,221.50388
179.0,138.0764
63.0,59.063717
202.0,123.85196
59.0,86.116516
132.0,132.16144
119.0,136.32849
132.0,135.23254
98.0,74.80265
84.0,87.324554
83.0,114.087395
467.0,429.1143
500.0,374.47748
66.0,76.25743
132.0,131.72699
107.0,109.17253
118.0,122.55958
73.0,74.64617
57.0,66.50707
178.0,198.51842
134.0,129.23701
399.0,384.33807
112.0,102.86311
224.0,230.48714
166.0,136.36626
242.0,228.8959
328.0,309.22028
164.0,130.73671
468.0,442.95203
361.0,383.5505
118.0,133.11888
53.0,75.05455
97.0,132.93436
178.0,251.77202
46.0,51.259712
45.0,48.55692
97.0,92.14881
132.0,132.16144
186.0,186.44571
132.0,144.13765
430.0,421.22775
132.0,96.71857
132.0,131.90688
59.0,59.16057
71.0,66.42148
88.0,89.72342
132.0,131.80582
186.0,281.6427
132.0,132.16144
132.0,132.16144
336.0,299.2214
248.0,233.12233
78.0,81.95174
22.0,37.917156
141.0,101.22283
132.0,132.16144
230.0,269.69968
132.0,131.73352
80.0,88.66567
132.0,132.16144
51.0,59.344967
84.0,78.82251
132.0,132.16144
37.0,55.667336
254.0,227.74182
42.0,53.051105
81.0,69.12423
65.0,70.9504
79.0,86.79026
265.0,281.46204
342.0,305.4122
140.0,130.05646
92.0,93.3937
174.0,185.74611
73.0,99.538155
139.0,117.607285
42.0,62.884727
141.0,139.42578
302.0,293.8316
134.0,111.19742
235.0,213.96843
132.0,132.16144
147.0,121.2483
69.0,76.48951
132.0,127.72184
110.0,147.52565
40.0,41.468525
99.0,81.774704
150.0,229.70415
132.0,132.14624
191.0,218.62204
132.0,220.99045
342.0,341.29395
240.0,233.14307
40.0,45.92021
145.0,132.16144
33.0,55.10698
171.0,175.45898
131.0,89.71901
351.0,345.21936
309.0,329.61426
61.0,65.69169
276.0,293.79654
132.0,131.80582
339.0,344.45926
277.0,295.04916
132.0,140.10658
166.0,135.07118
386.0,361.54977
96.0,98.07904
132.0,131.78864
132.0,133.72166
132.0,131.91133
132.0,132.0771
130.0,127.82641
351.0,350.46045
132.0,131.90688
39.0,45.30692
500.0,475.63733
53.0,54.604153
132.0,132.08421
280.0,260.97263
286.0,302.58685
100.0,102.53613
76.0,77.35704
73.0,65.217155
31.0,38.040962
68.0,76.53732
132.0,132.16144
349.0,359.82318
61.0,76.362564
357.0,307.35217
238.0,237.22778
48.0,54.164963
170.0,152.7137
254.0,248.7059
173.0,132.17043
359.0,345.06818
132.0,131.80582
44.0,50.898308
373.0,346.81525
91.0,90.96522
132.0,131.5191
187.0,183.83878
146.0,156.04903
330.0,378.46487
125.0,102.69312
59.0,78.8493
172.0,183.58948
132.0,132.16144
114.0,101.66881
282.0,197.90219
109.0,95.14629
76.0,98.67482
82.0,67.65536
132.0,131.90688
87.0,100.54334
276.0,267.9813
59.0,55.864964
132.0,132.06297
73.0,81.34615
132.0,131.59586
143.0,182.70836
132.0,132.16144
132.0,132.22191
132.0,132.16144
132.0,132.16144
208.0,206.4327
117.0,134.7815
167.0,176.59566
154.0,136.64221
240.0,231.79738
168.0,197.4073
149.0,161.40434
500.0,424.59378
132.0,131.50543
168.0,171.45857
244.0,223.19417
101.0,102.21088
132.0,150.03995
43.0,106.09076
312.0,308.99875
132.0,128.4157
93.0,93.36353
335.0,352.3626
132.0,131.73352
66.0,67.37476
410.0,449.643
70.0,103.32169
102.0,110.5316
62.0,58.929676
114.0,100.371605
79.0,98.38747
263.0,238.55954
132.0,132.14624
165.0,158.43419
132.0,131.72699
237.0,255.8358
77.0,96.22113
77.0,108.64348
134.0,114.89
107.0,123.45692
71.0,75.62084
66.0,76.75386
91.0,72.13461
135.0,135.63974
62.0,67.17627
132.0,132.16144
100.0,117.784256
75.0,70.54205
271.0,229.53485
93.0,91.62593
130.0,129.01273
290.0,252.39111
118.0,121.365005
143.0,182.8966
449.0,464.0362
356.0,370.42557
132.0,133.28784
159.0,137.7846
138.0,147.84793
105.0,85.589294
127.0,143.56917
132.0,131.55214
335.0,347.39517
221.0,241.48744
132.0,132.14624
306.0,279.3603
362.0,360.81378
132.0,132.02989
132.0,132.16144
46.0,63.940025
296.0,293.75766
212.0,220.3344
343.0,331.76996
55.0,47.297623
73.0,66.8273
120.0,102.52371
132.0,128.08308
132.0,132.16144
61.0,73.41112
132.0,131.91133
30.0,42.62712
118.0,117.07041
132.0,132.16144
244.0,257.88898
70.0,90.01786
156.0,151.1148
155.0,162.50679
73.0,84.024475
73.0,72.39498
200.0,216.73877
42.0,50.113773
132.0,132.14624
132.0,72.64431
442.0,448.12204
34.0,68.79908
193.0,118.30724
283.0,238.52695
132.0,130.68625
120.0,130.78186
128.0,157.72905
201.0,181.82892
79.0,100.9852
71.0,72.953926
126.0,107.67672
132.0,81.80893
115.0,97.59343
93.0,103.98304
157.0,183.07195
324.0,297.50076
298.0,181.7515
315.0,303.6251
111.0,126.59192
68.0,62.391476
110.0,120.950485
132.0,132.16144
132.0,67.216286
65.0,60.452084
171.0,181.3433
119.0,106.59519
154.0,113.42117
232.0,269.77042
101.0,75.45934
132.0,132.16144
228.0,208.8591
132.0,131.91133
172.0,157.34024
132.0,305.6042
132.0,132.16144
293.0,255.42888
71.0,82.65171
350.0,324.2787
132.0,113.74078
93.0,92.69229
290.0,298.39175
83.0,76.930954
132.0,73.00662
203.0,240.48964
125.0,130.47871
127.0,133.94765
390.0,367.41
497.0,469.04724
132.0,112.70779
109.0,130.14453
132.0,62.655273
321.0,236.67639
132.0,132.06238
163.0,209.15764
93.0,97.72537
52.0,66.414345
50.0,89.15778
153.0,150.9913
72.0,79.44879
108.0,109.05017
132.0,131.78758
209.0,311.2087
228.0,228.2389
342.0,383.71396
274.0,295.67462
66.0,48.56519
97.0,106.334854
132.0,137.91754
141.0,114.9565
161.0,162.35469
100.0,101.173
55.0,68.83662
88.0,91.35672
91.0,82.561226
59.0,55.3026
215.0,218.02963
91.0,83.04294
500.0,476.71964
79.0,101.490814
109.0,94.23731
116.0,130.97676
128.0,143.29144
132.0,130.97299
464.0,386.86304
132.0,156.49174
321.0,302.50882
198.0,177.09567
496.0,482.11325
128.0,137.1849
155.0,141.50787
132.0,121.13745
132.0,132.0771
131.0,134.59637
327.0,290.97708
76.0,56.504505
152.0,190.53261
132.0,132.0771
125.0,110.11594
49.0,59.560535
331.0,314.55203
90.0,77.7559
60.0,74.513374
133.0,126.3824
110.0,121.23803
132.0,131.91133
80.0,94.22784
38.0,52.107906
122.0,126.137245
252.0,274.92697
132.0,162.59053
77.0,106.97214
132.0,131.90688
132.0,132.0771
93.0,101.4104
132.0,132.16144
132.0,132.16144
50.0,68.24906
405.0,389.52426
132.0,131.90688
112.0,127.03442
94.0,134.85141
66.0,77.17162
495.0,420.6397
51.0,59.481415
108.0,136.1653
132.0,131.69267
198.0,198.37335
157.0,162.39703
165.0,151.22401
109.0,122.7249
128.0,141.06366
148.0,162.76064
117.0,104.59188
86.0,96.78297
132.0,132.16144
215.0,163.02353
80.0,92.071556
144.0,162.5696
132.0,137.25204
168.0,170.49564
123.0,169.79324
104.0,108.2981
150.0,152.29274
324.0,311.30975
112.0,106.11584
117.0,130.74527
132.0,332.03802
74.0,91.493675
132.0,112.6958
132.0,131.11363
55.0,64.603165
116.0,132.2508
284.0,224.58478
132.0,122.0198
155.0,121.646065
126.0,135.72083
96.0,95.5308
27.0,37.85308
132.0,131.77237
182.0,129.81482
132.0,132.16144
116.0,139.46136
132.0,66.65575
63.0,63.60085
315.0,310.04388
354.0,383.69022
112.0,112.17332
98.0,101.244484
58.0,74.05539
330.0,304.5924
111.0,110.098976
42.0,49.030437
281.0,326.92346
154.0,147.07358
106.0,85.77152
132.0,69.02516
141.0,136.66867
83.0,84.424576
235.0,242.45912
93.0,99.97171
65.0,79.54268
132.0,201.78754
107.0,113.87666
62.0,74.980515
189.0,205.78922
100.0,104.519966
132.0,140.76439
125.0,84.9384
196.0,231.92647
132.0,136.17091
132.0,132.0771
132.0,129.69487
50.0,58.035637
132.0,138.49391
132.0,132.16144
108.0,109.22851
69.0,76.09768
289.0,269.1574
447.0,379.82248
127.0,119.926285
241.0,259.1364
261.0,271.48297
100.0,113.8005
73.0,72.3675
406.0,391.43884
48.0,54.51002
132.0,131.69267
294.0,309.36115
320.0,255.41985
137.0,235.61751
132.0,129.98653
407.0,378.23508
132.0,132.16144
108.0,123.415306
132.0,131.91133
500.0,419.9249
132.0,134.04524
132.0,131.90688
126.0,132.03108
47.0,56.381226
132.0,131.91133
130.0,118.48672
132.0,142.29965
324.0,289.06784
34.0,54.65005
132.0,131.91133
149.0,180.9952
158.0,158.20528
88.0,95.097824
76.0,84.73661
250.0,298.39523
117.0,163.71574
281.0,289.02902
272.0,329.94226
69.0,80.19346
291.0,289.7491
384.0,261.58255
104.0,90.10514
166.0,205.89566
81.0,96.95548
337.0,319.90924
205.0,242.24512
132.0,128.47849
500.0,475.77307
136.0,145.02303
149.0,160.8379
354.0,300.72186
129.0,146.33934
338.0,344.91516
94.0,117.39235
117.0,121.91792
132.0,131.02928
230.0,236.96124
132.0,132.14624
130.0,151.16402
346.0,349.6491
500.0,340.2959
132.0,131.91133
143.0,134.05455
460.0,458.84094
252.0,261.19363
96.0,76.43547
60.0,70.204926
68.0,76.535255
132.0,111.60304
132.0,132.16144
117.0,103.7179
380.0,451.38452
192.0,157.11024
132.0,132.06238
74.0,88.83887
360.0,391.57956
53.0,62.739185
132.0,132.16144
132.0,132.14624
296.0,213.33977
75.0,96.44558
74.0,93.71003
132.0,132.16144
132.0,131.14275
132.0,132.16144
62.0,84.8324
118.0,110.218216
47.0,50.312233
344.0,335.1366
132.0,126.09018
216.0,212.96468
406.0,425.1054
132.0,132.16144
153.0,187.68163
34.0,65.36563
132.0,126.379265
132.0,132.16144
71.0,63.730328
312.0,302.24966
57.0,56.551453
60.0,73.7042
132.0,132.16144
299.0,285.27985
289.0,282.48212
134.0,140.22261
70.0,72.8064
175.0,190.78218
103.0,93.89439
412.0,406.60666
168.0,112.30659
97.0,129.406
31.0,35.76339
142.0,125.90189
242.0,211.7385
108.0,107.87786
269.0,230.45657
63.0,86.903984
181.0,160.9111
132.0,128.28737
163.0,187.2096
80.0,86.804085
252.0,174.13933
73.0,79.410545
319.0,301.4273
66.0,79.343956
132.0,56.00246
132.0,131.73352
132.0,132.16144
132.0,131.47932
75.0,79.0766
57.0,60.448322
107.0,103.65236
132.0,131.68481
178.0,195.69615
333.0,324.8962
249.0,242.36002
95.0,104.351326
102.0,125.83765
132.0,132.14758
62.0,82.5118
83.0,89.42746
98.0,99.371666
286.0,252.70071
93.0,85.933075
132.0,131.62419
143.0,139.57178
115.0,129.27415
162.0,158.4008
128.0,129.88531
76.0,76.730484
459.0,453.9032
132.0,131.68481
363.0,326.74936
132.0,132.16144
146.0,146.5257
375.0,342.31436
366.0,209.22292
52.0,69.96254
103.0,118.116455
48.0,67.39979
72.0,85.93692
188.0,139.3784
146.0,162.00607
132.0,132.16144
98.0,104.48297
120.0,111.375854
164.0,97.71073
174.0,230.38097
136.0,141.4191
132.0,132.16144
55.0,65.01753
316.0,308.21902
391.0,383.22333
132.0,132.16144
168.0,154.01834
132.0,139.76768
244.0,261.99527
132.0,112.04367
100.0,99.186325
353.0,326.0121
132.0,131.91133
60.0,83.57658
189.0,121.704315
396.0,361.0584
251.0,239.60152
132.0,132.16144
68.0,72.64202
98.0,108.8575
132.0,131.73352
96.0,104.166405
98.0,82.087204
313.0,271.85306
132.0,132.16144
132.0,131.80582
134.0,90.66525
132.0,133.58807
80.0,73.33227
65.0,75.73629
132.0,131.74072
102.0,125.80771
500.0,479.00595
74.0,78.47809
270.0,283.87683
132.0,132.16144
81.0,89.24769
396.0,406.84393
85.0,152.32222
78.0,73.65908
83.0,96.34133
135.0,169.52095
378.0,387.241
88.0,72.49989
332.0,298.20535
302.0,132.16144
73.0,87.7033
278.0,223.31076
174.0,192.38754
346.0,341.8436
106.0,148.93156
353.0,437.53317
132.0,133.5192
132.0,131.91133
132.0,131.91133
90.0,80.733055
79.0,94.06709
70.0,68.62771
98.0,125.53477
190.0,147.81474
132.0,43.87323
58.0,67.413734
119.0,129.62146
390.0,402.92242
447.0,328.5314
132.0,129.40192
278.0,317.75436
306.0,262.67014
128.0,105.605896
151.0,170.22955
71.0,98.10552
114.0,101.72818
54.0,65.477936
139.0,165.92184
439.0,447.36334
32.0,45.043625
84.0,72.66407
132.0,117.31325
163.0,156.88188
74.0,78.51633
356.0,341.49942
72.0,84.81461
80.0,103.42553
132.0,132.16144
132.0,132.0771
377.0,344.30435
66.0,49.08702
84.0,68.83407
500.0,488.30475
44.0,56.97997
126.0,142.34016
56.0,72.56005
86.0,132.16144
91.0,93.72109
132.0,131.91133
113.0,127.54241
204.0,231.13475
153.0,205.30992
357.0,326.82892
465.0,400.654
78.0,82.76038
155.0,153.34904
354.0,325.95862
78.0,96.73518
206.0,186.12395
351.0,336.5356
94.0,94.14621
60.0,84.89021
500.0,435.6978
382.0,465.06018
500.0,504.98193
428.0,411.6193
231.0,194.6308
132.0,132.16144
221.0,214.30927
132.0,131.90688
89.0,86.71263
132.0,132.16144
99.0,89.29642
83.0,105.24569
458.0,409.81406
342.0,374.9714
132.0,132.16144
243.0,292.9184
132.0,132.16144
312.0,285.33395
274.0,268.62418
290.0,304.91913
118.0,135.20874
137.0,138.64133
31.0,63.142002
132.0,132.0662
252.0,251.78308
97.0,105.223076
107.0,119.92024
210.0,126.98652
414.0,417.2402
81.0,98.256165
164.0,137.07774
180.0,230.877
500.0,492.30243
392.0,370.83188
500.0,425.8601
275.0,283.55884
145.0,148.86519
334.0,333.5907
288.0,287.99423
140.0,140.30618
436.0,406.1089
343.0,301.31207
112.0,75.63676
361.0,355.6833
132.0,147.22878
18.0,38.574795
67.0,100.85067
185.0,152.8025
195.0,167.36415
132.0,108.875084
73.0,89.61464
74.0,78.55104
293.0,257.12415
132.0,133.18045
145.0,145.28508
67.0,100.349106
26.0,51.93647
96.0,103.82389
233.0,307.91968
177.0,59.16058
37.0,49.952465
132.0,131.91133
30.0,71.24512
81.0,100.84822
81.0,99.33672
91.0,89.64904
293.0,341.74796
225.0,154.76321
127.0,109.258804
449.0,441.87115
66.0,74.387024
194.0,220.08371
109.0,111.69959
132.0,131.91133
277.0,318.212
267.0,277.6158
126.0,133.51262
56.0,72.67035
482.0,468.47305
132.0,131.05638
17.0,61.809586
132.0,131.90688
130.0,111.78338
197.0,243.45093
172.0,177.50716
210.0,129.41747
186.0,196.38618
132.0,130.0354
62.0,86.73656
89.0,123.129875
132.0,131.80582
126.0,101.865906
92.0,134.96535
132.0,125.624245
329.0,317.75095
375.0,377.01468
96.0,100.29798
132.0,118.376656
77.0,89.71037
164.0,143.3337
215.0,270.4275
221.0,192.52704
132.0,121.996124
132.0,132.06845
155.0,186.90213
94.0,100.82609
293.0,248.12138
104.0,126.75532
189.0,213.0734
57.0,63.37187
132.0,132.16144
54.0,65.85051
89.0,94.487854
243.0,208.3091
80.0,80.51847
341.0,324.6902
132.0,132.16144
217.0,232.67674
132.0,141.25868
92.0,102.87421
98.0,125.4316
183.0,156.55339
54.0,57.26446
326.0,325.82373
368.0,334.2699
101.0,105.35402
120.0,112.83618
141.0,187.24336
132.0,132.16144
258.0,228.889
130.0,128.45064
177.0,149.29381
132.0,141.77287
412.0,440.58157
429.0,394.854
74.0,73.32554
62.0,79.37242
132.0,132.16144
131.0,247.81151
342.0,333.18924
376.0,372.29752
106.0,125.5907
327.0,317.3869
138.0,137.07619
91.0,92.546616
62.0,43.3904
64.0,61.705906
121.0,160.4533
178.0,122.71918
132.0,131.80582
43.0,63.580696
87.0,81.86028
68.0,83.42797
119.0,137.18036
132.0,132.16144
187.0,172.54625
132.0,132.20647
500.0,488.19955
132.0,132.16144
284.0,305.811
167.0,169.98004
132.0,131.69267
202.0,210.50786
209.0,192.05948
100.0,108.52953
57.0,66.986786
83.0,106.1374
119.0,124.05582
106.0,119.44447
337.0,319.22043
283.0,341.6533
81.0,114.643
366.0,337.71027
343.0,335.97928
81.0,96.74631
145.0,158.55478
102.0,147.94524
94.0,113.07272
122.0,128.26234
61.0,74.57077
46.0,59.012253
132.0,132.16144
108.0,102.22045
103.0,110.66942
132.0,131.72699
143.0,139.19002
136.0,118.07868
386.0,454.6177
78.0,86.81501
132.0,131.91133
113.0,111.87107
32.0,49.189037
174.0,156.75989
94.0,106.32143
328.0,333.81552
307.0,305.54648
202.0,148.28795
206.0,205.25943
132.0,330.74228
304.0,256.0736
132.0,126.39287
58.0,72.92034
314.0,299.69858
290.0,193.6486
201.0,225.3994
189.0,196.1592
132.0,132.16144
114.0,138.65627
220.0,164.15088
335.0,338.9224
78.0,116.46063
359.0,360.65314
294.0,199.63147
66.0,73.29487
69.0,74.38396
132.0,132.16144
185.0,213.63585
105.0,106.58541
94.0,102.956436
226.0,214.34943
372.0,369.7053
110.0,109.96658
123.0,93.70991
111.0,152.06255
75.0,76.40482
102.0,96.02635
132.0,132.16144
500.0,502.5712
109.0,123.01237
131.0,163.11813
132.0,132.69766
107.0,103.906715
114.0,115.95818
132.0,131.80582
209.0,225.42256
104.0,118.651054
111.0,114.22801
212.0,238.58897
101.0,97.684326
132.0,132.14624
297.0,192.55983
103.0,95.00195
310.0,310.5707
350.0,345.79428
132.0,135.09863
218.0,216.43422
351.0,358.49203
500.0,490.53107
132.0,131.91133
44.0,66.64473
164.0,83.37752
252.0,204.12968
74.0,72.17379
68.0,70.636955
132.0,140.74022
132.0,97.363106
132.0,123.90365
42.0,52.59386
132.0,132.0771
101.0,83.52966
96.0,71.38469
493.0,441.7903
132.0,319.64328
448.0,451.12314
168.0,112.96515
102.0,112.35962
213.0,200.26315
81.0,76.57695
132.0,130.4179
132.0,132.14624
76.0,76.27848
77.0,71.01658
132.0,136.63608
96.0,111.564575
36.0,45.993675
95.0,90.38947
160.0,129.64679
132.0,118.538765
106.0,123.04289
193.0,205.92441
497.0,485.80634
101.0,96.88415
412.0,389.34436
300.0,297.047
112.0,145.67601
132.0,131.91133
331.0,313.20908
104.0,86.31966
130.0,140.96336
151.0,132.85321
32.0,43.807312
143.0,149.67314
170.0,219.1634
128.0,99.08715
247.0,238.59467
360.0,345.76572
500.0,456.49182
386.0,392.3063
336.0,266.39288
92.0,85.22893
62.0,64.893364
136.0,137.44882
144.0,163.82417
162.0,157.21098
343.0,339.01318
115.0,132.80975
186.0,199.72885
132.0,132.16144
59.0,63.49507
110.0,122.899376
299.0,176.46104
402.0,394.55362
325.0,313.59384
64.0,98.24519
92.0,89.10389
387.0,321.8116
132.0,133.15013
244.0,236.78838
132.0,64.41412
63.0,132.16144
132.0,129.7555
50.0,55.55106
422.0,421.5239
319.0,263.306
173.0,118.71587
279.0,245.53752
132.0,132.16144
89.0,120.88491
74.0,81.51618
132.0,132.16144
139.0,139.06581
235.0,237.84435
191.0,144.80344
57.0,64.4237
76.0,77.14891
81.0,75.40406
132.0,133.87805
117.0,127.857025
36.0,68.12315
100.0,86.78133
309.0,305.65283
160.0,171.22398
173.0,145.26964
174.0,187.8502
51.0,68.6925
99.0,115.53554
500.0,480.05713
361.0,388.99408
353.0,312.6205
115.0,125.454384
132.0,132.0771
70.0,70.93489
66.0,76.79295
159.0,149.66782
176.0,151.94412
132.0,120.650314
132.0,139.9179
395.0,391.0054
132.0,132.16144
173.0,158.9152
89.0,110.394485
175.0,155.07072
85.0,101.11277
168.0,131.01686
324.0,320.1415
180.0,181.2065
87.0,59.792652
295.0,304.4051
132.0,132.16144
130.0,146.81212
170.0,132.69243
132.0,128.71771
113.0,112.21911
129.0,123.75476
66.0,77.0095
371.0,385.51648
417.0,424.76978
132.0,131.72699
114.0,100.61703
153.0,140.52188
328.0,314.822
65.0,75.050285
197.0,220.74777
130.0,132.97427
57.0,73.549225
315.0,151.45251
132.0,132.16144
373.0,342.15903
69.0,73.696655
314.0,311.17865
115.0,124.88245
252.0,208.6756
98.0,99.93054
68.0,71.4285
500.0,325.76877
85.0,90.101425
132.0,132.16144
112.0,111.54433
149.0,141.94077
132.0,131.69267
58.0,66.89369
132.0,132.16144
378.0,365.34637
108.0,151.84311
126.0,125.642296
135.0,134.14067
132.0,132.0771
51.0,58.60598
96.0,121.0393
500.0,504.9236
340.0,337.8367
500.0,498.5922
230.0,241.89069
274.0,289.30435
102.0,109.41
55.0,62.48244
159.0,206.96979
132.0,138.01892
80.0,91.106964
311.0,295.3318
43.0,81.892654
181.0,158.30916
133.0,115.45512
132.0,132.16144
293.0,269.70865
207.0,242.86261
132.0,132.16144
187.0,266.28058
177.0,168.3151
126.0,143.03021
104.0,109.315384
288.0,281.64648
165.0,148.13696
102.0,93.50549
132.0,132.14624
167.0,194.37756
66.0,60.2313
199.0,239.6716
99.0,112.79614
117.0,111.049355
301.0,285.62787
32.0,42.137066
167.0,175.41316
68.0,88.08702
132.0,132.16144
184.0,159.41223
132.0,132.16144
161.0,233.588
132.0,132.16144
132.0,132.16144
183.0,205.54657
132.0,130.284
132.0,131.48166
44.0,65.261696
78.0,103.75329
132.0,131.90688
121.0,119.56478
132.0,131.91133
118.0,92.333664
50.0,68.050354
373.0,370.47906
132.0,131.72699
86.0,98.44439
243.0,219.28143
116.0,125.43693
500.0,490.10965
333.0,339.13702
45.0,56.82639
73.0,84.554115
59.0,59.06552
330.0,315.5493
210.0,199.17473
108.0,108.961624
132.0,132.16144
253.0,212.19408
100.0,115.70706
91.0,84.29397
222.0,237.71472
154.0,165.83159
500.0,474.36337
240.0,206.75256
120.0,97.72818
128.0,130.82607
326.0,308.3441
318.0,315.435
132.0,132.14624
363.0,400.1997
132.0,132.16144
304.0,284.05402
84.0,91.67062
500.0,357.28806
301.0,315.6067
56.0,59.25022
46.0,65.63968
75.0,93.24843
335.0,345.9135
89.0,106.99921
82.0,82.27348
306.0,285.51242
132.0,129.60324
45.0,66.64688
330.0,309.51492
62.0,79.1488
115.0,115.20774
376.0,381.41727
144.0,191.01491
72.0,89.7338
338.0,352.53802
92.0,113.77099
178.0,132.16144
81.0,92.72704
73.0,66.45399
434.0,410.96725
360.0,338.68402
61.0,63.03994
132.0,132.16144
105.0,115.581055
132.0,132.16144
132.0,138.23215
132.0,132.16144
415.0,407.38235
129.0,142.74866
30.0,39.52044
132.0,132.16144
100.0,110.85419
101.0,336.01965
132.0,295.87216
82.0,99.43061
97.0,100.48523
132.0,137.5907
99.0,93.80956
100.0,109.57963
106.0,103.58314
84.0,116.923
128.0,151.05267
132.0,131.90688
335.0,265.42715
317.0,316.7241
60.0,53.4611
202.0,186.12927
376.0,367.48883
50.0,55.174076
330.0,301.0346
143.0,118.79406
108.0,80.15413
453.0,225.37585
132.0,131.90688
294.0,292.06662
59.0,60.47374
75.0,88.400604
160.0,171.34766
132.0,132.0771
132.0,131.90688
60.0,52.11906
270.0,263.70984
208.0,178.23172
325.0,323.54395
132.0,132.16144
321.0,339.89236
132.0,134.4631
120.0,144.0493
102.0,87.48184
182.0,200.40106
124.0,131.51102
100.0,78.00275
74.0,78.41086
94.0,103.05479
113.0,144.382
118.0,117.47401
132.0,131.91133
44.0,76.60717
93.0,83.02719
91.0,109.15283
500.0,433.67578
132.0,130.63768
83.0,100.1667
109.0,87.4576
112.0,131.99174
132.0,131.58475
327.0,320.84952
253.0,289.09412
320.0,276.79526
132.0,134.00427
77.0,103.42989
67.0,87.38218
128.0,135.7565
500.0,443.42996
111.0,124.6668
223.0,224.76335
132.0,132.16144
113.0,118.49234
336.0,235.27959
148.0,304.63617
183.0,123.90513
163.0,129.8572
132.0,132.16144
332.0,299.1514
105.0,119.3966
101.0,85.81931
135.0,143.70619
152.0,115.44461
94.0,96.24578
237.0,210.76212
132.0,132.16144
132.0,127.63989
314.0,290.46024
312.0,304.57278
110.0,104.5904
225.0,208.59798
162.0,181.72888
109.0,109.43689
500.0,499.93732
132.0,131.69267
367.0,418.27225
132.0,74.59779
267.0,266.61935
228.0,211.38493
341.0,329.1331
190.0,178.80122
319.0,300.41074
360.0,279.19543
322.0,303.54617
114.0,117.35665
320.0,317.80753
92.0,103.79455
212.0,137.11421
132.0,132.16144
96.0,105.26382
94.0,109.15993
122.0,107.992455
58.0,62.877235
146.0,167.96284
181.0,158.10625
30.0,42.250977
132.0,131.20717
246.0,220.10594
235.0,233.24947
300.0,268.31064
271.0,209.93536
132.0,114.872795
125.0,196.61238
46.0,64.89589
163.0,165.98607
314.0,303.9536
132.0,132.16144
158.0,178.36197
114.0,124.46761
132.0,131.52042
154.0,156.6916
124.0,131.79112
500.0,423.44562
141.0,130.49713
147.0,132.93289
61.0,60.758358
71.0,91.94108
132.0,132.16144
157.0,141.10823
346.0,341.40793
113.0,107.12548
132.0,132.16144
102.0,99.55091
89.0,104.47757
155.0,155.24985
147.0,155.1272
213.0,240.76875
335.0,322.19116
322.0,340.23767
266.0,238.23116
121.0,130.60318
132.0,145.54243
127.0,130.10733
84.0,88.37749
405.0,417.01022
136.0,81.12552
335.0,351.51755
48.0,52.689487
260.0,242.47466
477.0,482.8405
82.0,91.54717
311.0,321.01382
124.0,208.95514
42.0,51.37449
64.0,84.82249
104.0,127.54951
202.0,152.69992
84.0,95.48987
222.0,190.3821
132.0,132.09552
270.0,303.2894
152.0,111.39939
80.0,54.898415
132.0,133.90599
180.0,148.63632
110.0,109.607864
93.0,122.95912
68.0,77.19143
170.0,111.443405
132.0,132.16144
155.0,141.85027
380.0,352.86078
206.0,203.04509
215.0,240.38774
145.0,166.83928
354.0,315.3595
254.0,261.7247
278.0,302.75165
146.0,153.85295
50.0,62.448067
69.0,73.11051
132.0,131.72699
378.0,351.75385
56.0,58.476536
64.0,62.241207
340.0,330.0379
303.0,268.32632
167.0,179.8022
203.0,211.66432
323.0,283.7514
124.0,112.53158
132.0,132.16144
106.0,113.089424
132.0,235.60176
116.0,114.87337
142.0,158.2864
500.0,494.8537
220.0,162.2914
325.0,321.41168
67.0,77.036736
166.0,190.28137
53.0,68.27192
132.0,132.16144
353.0,372.08755
99.0,109.433975
148.0,113.10133
108.0,110.05758
132.0,129.95215
411.0,446.1626
118.0,119.38955
103.0,87.39573
404.0,294.5245
132.0,132.16144
69.0,67.08314
114.0,106.97317
132.0,114.528465
286.0,235.05388
151.0,174.89832
86.0,76.969604
139.0,153.3432
189.0,147.27716
124.0,134.86307
132.0,132.0771
61.0,63.926617
103.0,107.891754
132.0,131.91133
134.0,139.0781
48.0,52.13341
147.0,147.7036
151.0,136.80548
139.0,158.53433
230.0,275.1148
165.0,206.17075
132.0,131.90688
119.0,128.50961
100.0,110.23345
91.0,86.334496
132.0,131.65184
132.0,131.73352
81.0,58.13695
96.0,98.2467
237.0,245.42516
333.0,353.64783
234.0,241.17053
214.0,192.90997
284.0,280.00412
57.0,62.403557
132.0,131.90688
198.0,196.94206
73.0,64.893394
173.0,188.46494
77.0,76.611885
78.0,100.22082
348.0,353.4196
150.0,150.08737
132.0,132.16144
31.0,46.89096
357.0,335.2072
125.0,173.9145
282.0,301.11414
104.0,104.25195
109.0,120.663864
256.0,311.9937
60.0,55.547764
132.0,132.16144
95.0,98.319984
460.0,367.33163
282.0,296.81107
130.0,138.07666
472.0,445.57443
109.0,134.83498
132.0,132.16144
223.0,109.12745
116.0,119.64087
75.0,92.01275
254.0,281.17642
43.0,59.358788
315.0,303.38046
102.0,116.38442
109.0,112.26015
198.0,190.40514
132.0,132.16144
132.0,131.73352
100.0,104.547066
104.0,114.68672
438.0,351.32574
134.0,132.00562
107.0,129.97665
286.0,276.0545
132.0,132.16144
132.0,131.99265
330.0,305.85684
132.0,132.16144
77.0,93.51696
378.0,326.88522
132.0,132.16144
94.0,96.87052
215.0,175.59299
318.0,329.96982
243.0,247.34792
101.0,133.70988
30.0,42.948673
433.0,491.40262
276.0,237.53375
327.0,440.80582
99.0,74.008766
212.0,144.26442
112.0,122.73779
132.0,131.90688
115.0,125.51187
336.0,274.78568
185.0,166.46733
428.0,386.65057
273.0,294.03015
173.0,150.17883
93.0,109.36689
128.0,132.8735
89.0,120.78846
156.0,163.1594
124.0,128.9382
368.0,410.47318
500.0,369.58884
402.0,348.82864
180.0,174.6261
123.0,107.26181
116.0,129.18317
323.0,324.91937
101.0,103.20915
132.0,132.16144
350.0,379.67596
132.0,125.83856
341.0,349.5708
132.0,131.52042
242.0,234.52873
94.0,69.97274
132.0,131.91133
223.0,253.20004
274.0,283.77533
132.0,131.72699
441.0,447.10666
126.0,125.422424
291.0,291.22278
108.0,114.55492
500.0,490.31775
205.0,177.3051
132.0,131.52603
222.0,232.09624
498.0,451.9536
132.0,167.18333
412.0,356.28415
110.0,148.18948
112.0,127.828804
99.0,99.915985
65.0,69.41968
267.0,269.0447
60.0,65.30727
132.0,132.16144
139.0,141.99915
94.0,80.21095
213.0,236.0392
102.0,123.13226
322.0,333.61084
110.0,132.17566
126.0,155.35513
109.0,121.18846
106.0,131.71906
403.0,443.3702
132.0,131.42464
365.0,436.6888
165.0,179.74323
132.0,130.88678
132.0,131.90688
132.0,132.16144
132.0,132.14624
132.0,131.73352
147.0,148.30139
130.0,132.1145
145.0,139.83855
132.0,119.05964
357.0,327.85342
143.0,175.50345
500.0,429.66772
139.0,206.26372
132.0,127.486626
95.0,113.34467
350.0,427.60803
47.0,98.107635
103.0,124.487366
132.0,168.93489
194.0,153.4847
108.0,121.013336
254.0,238.89401
104.0,98.211945
385.0,435.099
66.0,77.21681
61.0,67.154655
328.0,318.8147
132.0,131.25137
223.0,185.49277
172.0,198.72823
132.0,131.54343
90.0,113.02012
127.0,110.73133
365.0,380.98163
61.0,79.25033
90.0,102.75406
334.0,318.18738
265.0,237.40144
182.0,210.76294
387.0,377.3527
180.0,187.62482
101.0,130.61172
228.0,220.7824
121.0,129.39537
118.0,134.35593
132.0,132.16144
97.0,110.86251
115.0,117.56741
338.0,314.55365
80.0,95.10329
500.0,431.75937
132.0,132.16144
132.0,308.78455
68.0,73.87502
132.0,132.16144
55.0,62.64721
297.0,244.69055
132.0,131.73352
313.0,239.07483
125.0,133.3122
473.0,458.6821
298.0,170.67224
132.0,131.90688
58.0,66.957504
132.0,107.91696
315.0,298.7069
339.0,285.70493
61.0,66.704285
327.0,321.83997
55.0,70.64331
322.0,239.00842
132.0,132.16144
132.0,132.16144
132.0,131.54343
188.0,174.64552
132.0,132.16144
94.0,111.695145
229.0,259.7315
132.0,131.91133
72.0,85.983345
62.0,170.13077
132.0,131.73352
270.0,259.41968
246.0,192.09067
309.0,318.94644
132.0,132.16144
500.0,496.7261
141.0,123.73759
132.0,131.91133
114.0,116.66818
213.0,163.51205
70.0,81.43506
207.0,187.85034
377.0,374.06143
154.0,148.04286
59.0,77.14997
215.0,123.88909
281.0,284.82928
178.0,168.55577
93.0,104.28225
231.0,161.91013
184.0,179.76698
132.0,130.79077
39.0,46.631966
132.0,131.90688
117.0,107.41311
348.0,440.39215
358.0,389.38483
110.0,97.92688
79.0,91.01281
102.0,100.34292
79.0,99.14491
444.0,436.88727
323.0,331.73145
154.0,224.64803
66.0,61.475517
245.0,242.38013
311.0,308.92316
160.0,183.6073
358.0,329.66458
132.0,132.06238
170.0,296.02652
137.0,128.17638
132.0,132.16144
94.0,88.04414
500.0,512.0955
44.0,47.045326
379.0,380.49774
132.0,132.16144
261.0,293.235
55.0,45.060745
106.0,94.541084
81.0,72.488884
107.0,110.66887
150.0,158.41055
85.0,96.132576
298.0,288.44547
463.0,491.05157
115.0,127.74309
304.0,291.2096
141.0,143.4906
359.0,355.98386
221.0,232.88432
132.0,132.0771
107.0,89.91286
382.0,331.18698
91.0,96.02248
123.0,134.5799
321.0,369.23807
48.0,87.4995
322.0,328.3597
345.0,338.34235
132.0,127.1881
424.0,473.64053
366.0,417.73752
31.0,44.366356
90.0,90.51739
54.0,77.67714
248.0,248.19193
132.0,259.83856
71.0,77.50933
99.0,131.48537
103.0,87.589775
132.0,131.91133
408.0,435.24457
63.0,67.81478
30.0,41.59509
64.0,70.68703
65.0,78.60522
362.0,365.5983
50.0,56.593815
168.0,115.80148
75.0,103.628944
132.0,131.95761
132.0,132.16144
65.0,74.150795
53.0,56.41783
81.0,73.2128
35.0,41.75919
132.0,101.28755
402.0,351.31302
75.0,80.02692
182.0,164.13312
75.0,80.954216
132.0,132.16144
87.0,88.756134
132.0,132.0771
132.0,132.14624
500.0,465.06918
124.0,147.5204
132.0,131.80582
47.0,80.2642
132.0,148.76164
152.0,121.9253
80.0,103.22416
115.0,116.13426
58.0,66.716965
99.0,147.95328
500.0,495.00183
218.0,226.33298
132.0,132.16144
132.0,131.33858
228.0,223.49185
493.0,459.17297
491.0,456.61435
199.0,184.81006
92.0,71.501076
74.0,62.634575
108.0,103.34945
132.0,132.16144
132.0,132.16144
118.0,106.38947
332.0,275.66183
132.0,132.16144
228.0,202.0129
145.0,162.47523
125.0,131.7197
132.0,132.16144
132.0,132.16144
132.0,260.24744
132.0,132.16144
60.0,76.28463
30.0,59.587383
77.0,77.153206
81.0,98.780876
143.0,92.38313
132.0,131.73352
70.0,77.92879
496.0,475.7118
500.0,487.23502
493.0,446.4717
105.0,112.34807
323.0,305.60483
385.0,391.27893
132.0,132.16937
102.0,117.60754
132.0,132.16144
232.0,147.93471
124.0,129.73456
150.0,179.4029
334.0,289.79355
95.0,96.055786
132.0,58.051907
132.0,131.80582
132.0,131.91133
72.0,82.625824
74.0,77.60466
128.0,139.56241
107.0,94.72277
50.0,79.54458
41.0,45.946095
110.0,112.88589
307.0,263.28302
210.0,225.25562
247.0,231.70662
58.0,54.747543
132.0,132.16144
212.0,203.95448
119.0,126.94534
132.0,135.02838
126.0,135.909
85.0,80.35545
157.0,147.83592
500.0,489.83838
132.0,132.16144
164.0,122.33729
102.0,107.319954
198.0,170.35933
132.0,132.16144
132.0,132.16144
347.0,365.0581
132.0,132.16144
339.0,332.3822
92.0,96.90443
132.0,131.80582
352.0,324.71082
327.0,316.81427
161.0,183.60986
404.0,396.96152
36.0,47.145206
132.0,131.69267
360.0,339.60037
65.0,67.933304
132.0,132.16144
157.0,122.675735
132.0,131.90688
162.0,149.79619
132.0,132.16144
132.0,241.38986
167.0,118.17656
132.0,132.16144
132.0,392.43542
91.0,99.633575
123.0,127.81643
132.0,129.09628
67.0,62.771175
107.0,121.849724
132.0,127.4903
102.0,101.615486
120.0,138.5708
95.0,114.77669
70.0,79.88673
93.0,104.604576
97.0,91.79993
132.0,132.11504
52.0,53.009995
85.0,86.97931
47.0,54.137707
247.0,144.8576
107.0,97.734505
500.0,491.2709
338.0,335.0212
156.0,143.80096
500.0,502.41525
237.0,211.05151
77.0,82.29774
132.0,131.72699
132.0,132.06238
116.0,102.02711
132.0,132.16144
116.0,107.715195
81.0,78.53627
320.0,324.69116
68.0,81.3997
114.0,111.01439
82.0,89.48251
35.0,40.63558
94.0,102.34135
117.0,129.36156
132.0,131.52042
73.0,91.69432
115.0,124.853455
132.0,132.16144
194.0,142.47955
132.0,133.14915
132.0,132.16144
132.0,124.53308
110.0,109.43606
136.0,104.69749
140.0,153.80498
53.0,52.516388
98.0,79.52813
99.0,83.96824
60.0,75.40818
149.0,161.32057
130.0,111.3998
222.0,171.05527
126.0,134.40543
200.0,193.82747
148.0,139.77116
132.0,132.16144
91.0,80.96477
271.0,280.67215
127.0,151.6867
106.0,125.53565
128.0,136.94818
237.0,221.38843
153.0,188.75662
87.0,92.39768
83.0,93.04027
318.0,299.79697
380.0,390.112
193.0,161.75832
97.0,117.27571
132.0,132.16144
132.0,129.70656
69.0,89.77997
412.0,398.7907
388.0,371.39526
112.0,101.32129
132.0,131.91133
125.0,118.57078
108.0,103.20014
136.0,116.41258
105.0,113.384445
132.0,132.16144
74.0,67.15786
259.0,312.12808
301.0,277.51108
70.0,83.73989
304.0,306.5751
132.0,132.16937
132.0,131.91133
359.0,346.5132
61.0,62.157627
226.0,160.81206
92.0,118.769035
132.0,132.16144
495.0,401.7047
209.0,236.92162
76.0,82.349724
108.0,118.16753
160.0,189.92036
217.0,170.76761
99.0,59.496265
79.0,80.54607
132.0,132.16144
161.0,163.83597
437.0,389.4612
500.0,480.0399
151.0,141.28148
245.0,117.57962
389.0,357.0436
94.0,71.50842
132.0,274.34647
280.0,298.63528
107.0,109.6415
103.0,125.60643
139.0,140.97691
500.0,373.84793
132.0,118.694435
90.0,99.93177
286.0,306.07562
132.0,132.16144
223.0,192.88744
43.0,51.123367
185.0,224.98227
101.0,104.92353
81.0,79.747345
96.0,77.67219
132.0,131.73352
132.0,260.7021
62.0,58.957832
191.0,194.83945
155.0,153.16425
132.0,130.02534
132.0,132.16144
75.0,84.83599
489.0,410.6658
75.0,97.99126
140.0,140.0442
97.0,99.048035
117.0,81.719
118.0,126.3541
40.0,48.72744
132.0,134.26569
93.0,72.39344
229.0,186.76643
132.0,81.59602
212.0,204.1473
74.0,72.65892
81.0,91.62473
338.0,329.0841
104.0,125.29868
132.0,132.16144
132.0,100.509705
188.0,202.72395
133.0,169.06758
307.0,320.93103
101.0,117.242455
500.0,500.52863
60.0,56.432663
325.0,317.46957
132.0,132.16144
468.0,470.3017
132.0,123.46182
132.0,132.16144
119.0,111.93482
262.0,200.3144
109.0,111.84456
132.0,134.58592
56.0,57.32396
160.0,127.7265
405.0,422.82315
51.0,387.56802
500.0,482.84756
98.0,106.40818
61.0,61.037586
120.0,131.97655
132.0,145.34064
160.0,268.12357
132.0,137.1473
296.0,343.4724
464.0,416.33087
222.0,228.03806
323.0,356.93707
132.0,132.16937
336.0,314.83267
500.0,495.5047
190.0,167.04872
132.0,84.68448
500.0,496.9755
237.0,251.51205
500.0,430.33093
354.0,378.37207
52.0,52.68463
315.0,311.69986
132.0,134.02885
84.0,92.627785
71.0,72.03883
43.0,45.058224
98.0,116.826706
107.0,107.69327
143.0,157.27681
34.0,51.671616
30.0,43.505108
43.0,53.604984
132.0,138.46783
132.0,132.16144
404.0,437.4942
275.0,232.65309
40.0,42.431644
132.0,132.14624
500.0,499.7744
317.0,309.17722
280.0,274.1739
74.0,77.058716
122.0,136.14204
51.0,50.47556
305.0,279.5041
154.0,166.60834
431.0,425.13354
132.0,132.16144
132.0,132.16144
83.0,100.01714
321.0,318.0092
132.0,131.59329
80.0,91.78999
107.0,114.35903
116.0,138.60127
489.0,477.69568
384.0,398.5647
125.0,151.95018
126.0,125.072716
315.0,238.50536
87.0,85.09134
132.0,132.14624
174.0,174.2282
92.0,83.74679
78.0,98.52191
365.0,370.1851
132.0,132.16144
107.0,76.15462
132.0,193.21202
277.0,278.50543
379.0,371.9867
344.0,329.80496
218.0,221.62561
79.0,62.073185
248.0,272.15686
256.0,170.27354
132.0,131.91133
74.0,95.29318
225.0,231.24364
82.0,100.461815
132.0,131.71811
63.0,62.17111
230.0,235.85757
74.0,79.28484
174.0,186.16261
132.0,131.90688
132.0,97.40346
104.0,103.19584
132.0,131.91133
218.0,305.8328
180.0,161.7702
126.0,127.1496
132.0,132.16144
13.0,61.01063
116.0,119.009094
381.0,401.82837
97.0,93.059875
413.0,400.43237
79.0,88.47082
73.0,63.477287
358.0,355.41992
55.0,74.29374
300.0,225.54822
57.0,63.025146
390.0,434.23804
111.0,117.01309
74.0,172.81999
132.0,132.16937
105.0,97.20572
47.0,55.271336
131.0,143.75179
347.0,321.84567
46.0,50.279415
312.0,314.68277
71.0,75.41688
132.0,132.16144
137.0,152.50037
67.0,70.03721
349.0,353.19125
340.0,347.47974
227.0,237.90259
291.0,287.53128
88.0,81.80083
132.0,126.93441
188.0,205.3243
50.0,54.484314
186.0,138.10161
132.0,132.14624
85.0,140.17918
81.0,95.44189
315.0,295.73428
251.0,256.7571
321.0,325.84726
62.0,67.06037
97.0,105.68685
356.0,327.64343
177.0,190.92712
71.0,71.783325
132.0,128.55478
132.0,211.74704
412.0,330.52103
117.0,113.73014
428.0,430.01456
92.0,94.81212
469.0,372.79648
328.0,314.4043
103.0,100.39108
314.0,297.1446
116.0,112.20444
350.0,368.9858
175.0,156.2089
239.0,253.3821
58.0,75.87433
44.0,59.263836
132.0,131.73352
147.0,181.42029
82.0,82.26892
108.0,98.10268
222.0,242.38724
381.0,372.01935
94.0,105.54546
132.0,71.0842
108.0,94.38482
74.0,75.45669
123.0,126.89632
73.0,84.23677
64.0,53.845863
63.0,69.29719
132.0,132.16144
248.0,226.71573
91.0,112.79034
199.0,223.53522
82.0,59.894154
132.0,132.0771
132.0,131.91133
46.0,57.564007
79.0,101.655045
132.0,197.13635
413.0,383.22372
113.0,118.46061
132.0,132.16144
132.0,132.16144
113.0,106.36588
228.0,258.79465
202.0,277.76584
159.0,138.58817
88.0,86.63056
88.0,115.578674
132.0,132.16144
139.0,152.3643
132.0,132.16144
220.0,258.57767
215.0,238.82385
169.0,172.28734
233.0,320.9277
88.0,109.42861
45.0,57.515755
114.0,110.25331
500.0,494.46207
47.0,73.817215
450.0,442.5645
73.0,90.48276
100.0,100.79106
358.0,326.51935
53.0,61.06024
121.0,146.27184
132.0,131.91133
500.0,320.77017
130.0,141.92001
22.0,36.775673
206.0,191.60048
55.0,69.81742
267.0,239.42325
347.0,373.75012
130.0,141.25325
30.0,42.80072
73.0,70.47924
140.0,142.6152
215.0,238.49832
301.0,245.67926
170.0,148.69093
200.0,211.55357
234.0,229.85535
97.0,111.40951
132.0,132.0771
56.0,60.11357
381.0,433.07797
173.0,142.65297
94.0,117.408485
102.0,86.45629
239.0,317.56155
46.0,47.58074
120.0,101.53226
225.0,196.46245
46.0,53.056248
383.0,401.23602
81.0,65.799576
90.0,103.48631
77.0,69.35303
224.0,218.11217
168.0,209.53624
83.0,95.298615
52.0,54.927853
164.0,136.7542
176.0,117.19625
132.0,131.91133
458.0,427.63364
155.0,154.99182
78.0,76.107666
276.0,279.6936
98.0,112.5246
56.0,47.813046
296.0,298.30505
132.0,131.67535
132.0,132.16144
247.0,200.27596
51.0,64.68922
132.0,136.2739
132.0,132.0771
44.0,61.932903
132.0,131.69267
355.0,367.06357
296.0,272.37552
500.0,485.30502
287.0,268.46
94.0,99.73568
228.0,214.54889
113.0,97.52535
307.0,235.2228
132.0,131.90688
123.0,104.43959
353.0,312.64258
132.0,137.2184
295.0,282.27652
219.0,207.19391
132.0,132.03873
77.0,87.75657
132.0,132.0771
132.0,132.14624
187.0,216.95107
132.0,136.29799
337.0,306.14536
196.0,139.34015
132.0,132.16144
69.0,72.90365
205.0,230.18011
142.0,150.13011
113.0,121.30646
132.0,132.16144
273.0,262.8934
342.0,338.13687
158.0,153.5637
140.0,118.64999
414.0,432.2476
314.0,289.59198
325.0,299.96384
62.0,67.5809
204.0,213.57149
337.0,324.5443
301.0,331.18997
132.0,129.76407
195.0,200.26668
27.0,40.22248
156.0,208.54514
137.0,151.0842
78.0,92.08434
175.0,199.61284
107.0,87.48974
132.0,118.39498
132.0,129.1332
249.0,219.46217
132.0,247.75694
42.0,51.069378
238.0,299.38116
132.0,132.0771
66.0,59.111332
132.0,61.61585
324.0,353.63147
87.0,101.654274
441.0,447.3384
132.0,132.16144
60.0,70.97929
132.0,133.74355
235.0,234.63617
66.0,78.27245
34.0,52.296642
115.0,136.62633
102.0,107.70793
132.0,131.90688
496.0,480.06876
339.0,334.36563
130.0,130.6546
132.0,132.16144
96.0,91.22945
98.0,108.41217
108.0,109.7317
188.0,159.79979
80.0,97.40098
61.0,75.085075
244.0,224.96994
132.0,132.16144
96.0,102.216965
230.0,276.49243
244.0,191.30585
132.0,131.91133
132.0,131.73352
112.0,113.3171
114.0,146.19737
132.0,132.0771
64.0,85.36412
109.0,132.16144
41.0,48.702694
67.0,70.92532
212.0,223.2396
40.0,43.470036
58.0,58.3286
132.0,131.91133
96.0,104.69872
87.0,103.71118
132.0,145.63457
328.0,317.57776
132.0,131.80582
240.0,253.69086
170.0,191.9828
132.0,132.16144
30.0,53.499954
84.0,109.41269
132.0,159.77359
500.0,466.95123
64.0,81.0618
188.0,188.57526
77.0,88.21413
100.0,112.02015
48.0,59.967533
132.0,132.16144
53.0,71.849174
316.0,311.0178
326.0,287.72534
293.0,304.02054
342.0,316.95102
124.0,154.03935
92.0,117.36478
88.0,65.3945
88.0,92.9811
114.0,119.82601
119.0,139.22328
53.0,74.158424
60.0,63.401585
64.0,76.64449
75.0,88.71396
234.0,294.32336
141.0,148.5634
132.0,132.14624
302.0,299.24316
166.0,184.71458
177.0,163.18947
290.0,283.49875
132.0,136.90254
145.0,205.63356
219.0,224.02504
87.0,89.75025
68.0,79.86099
82.0,107.48938
132.0,132.0771
103.0,106.09809
363.0,367.54037
88.0,85.4991
132.0,138.65488
124.0,130.753
373.0,380.99985
309.0,309.16965
196.0,197.83505
285.0,279.39896
132.0,131.91133
290.0,275.096
208.0,221.2297
114.0,114.81366
146.0,129.50703
132.0,127.0711
341.0,352.8518
69.0,88.077
132.0,117.95126
305.0,290.46893
95.0,108.58903
46.0,60.21802
168.0,148.8058
370.0,345.27866
54.0,87.738434
132.0,131.05597
132.0,132.16144
132.0,132.09038
132.0,132.16144
77.0,92.90528
411.0,310.0732
35.0,54.823105
131.0,119.61858
70.0,74.54271
87.0,76.07663
332.0,334.28757
88.0,86.04148
161.0,154.17934
90.0,74.351494
435.0,446.52676
132.0,132.16144
201.0,220.95456
132.0,132.16144
46.0,65.84492
89.0,114.037025
321.0,331.01398
43.0,54.080524
63.0,75.706436
65.0,78.33138
216.0,221.43147
184.0,189.929
69.0,75.677605
155.0,152.934
102.0,121.224724
401.0,419.3368
104.0,163.20476
301.0,225.0241
154.0,130.65262
132.0,133.99446
417.0,420.95468
84.0,107.21153
201.0,142.10666
132.0,132.16144
102.0,99.32401
249.0,281.42526
315.0,328.31003
132.0,131.91133
118.0,148.01732
125.0,130.57275
237.0,274.72455
32.0,44.328655
289.0,284.32745
247.0,185.79901
99.0,122.06132
132.0,132.16144
132.0,132.16144
65.0,70.57929
91.0,83.682396
105.0,114.0984
276.0,279.3095
313.0,211.02655
83.0,95.85837
358.0,361.16974
467.0,438.39175
255.0,290.98532
60.0,67.28513
133.0,140.31111
172.0,253.3627
104.0,104.411
87.0,106.75514
83.0,103.14522
330.0,350.46054
296.0,289.94687
39.0,56.35629
67.0,70.92156
142.0,155.40193
123.0,95.471664
102.0,107.92225
132.0,131.91133
77.0,109.21825
211.0,198.05006
50.0,58.212906
213.0,218.44373
401.0,392.9878
132.0,131.90688
151.0,173.0991
369.0,371.64694
314.0,350.69727
132.0,116.3225
302.0,276.20435
106.0,103.1869
64.0,51.311054
55.0,59.45269
114.0,105.953476
58.0,64.26864
117.0,114.71583
78.0,86.99193
132.0,127.58861
132.0,136.2784
84.0,99.56788
122.0,145.48152
132.0,131.73352
394.0,327.4133
111.0,117.05558
132.0,132.16144
293.0,293.0885
49.0,64.561615
192.0,247.96213
341.0,285.36343
31.0,40.226418
147.0,153.59657
352.0,279.98843
67.0,80.803925
39.0,65.58565
132.0,132.16144
235.0,229.56836
66.0,59.37445
87.0,83.73268
132.0,131.72699
132.0,132.0771
118.0,134.03133
47.0,68.50944
317.0,281.51477
49.0,50.205338
68.0,48.010876
107.0,116.554344
157.0,105.95509
70.0,84.82957
300.0,283.9642
132.0,131.91133
132.0,131.91133
132.0,127.63829
164.0,205.23721
59.0,55.260384
362.0,397.61115
277.0,305.83197
434.0,372.27667
370.0,317.4721
132.0,131.91133
132.0,81.82014
67.0,77.45567
198.0,92.93515
65.0,66.91788
366.0,333.51566
140.0,148.18741
55.0,64.03565
69.0,75.18961
32.0,54.352573
281.0,265.21982
132.0,132.0771
141.0,146.38252
500.0,387.71912
132.0,86.56843
96.0,116.992645
500.0,449.51846
61.0,59.234116
