Actual_AQI,Predicted_AQI
276.0,250.51706
296.0,301.3657
54.0,62.181923
56.0,65.54674
298.0,305.6699
49.0,68.64884
132.0,132.20042
58.0,60.77724
168.0,153.75476
270.0,254.09428
118.0,146.12712
212.0,170.98628
303.0,282.09637
188.0,188.65349
146.0,160.2086
69.0,72.93405
132.0,127.83193
279.0,293.34747
339.0,352.53265
97.0,98.61425
132.0,131.90591
373.0,349.54135
132.0,131.90591
132.0,132.20042
60.0,57.282207
240.0,290.922
376.0,392.47925
334.0,367.28568
132.0,131.75452
132.0,113.9247
156.0,198.61542
336.0,300.80588
430.0,395.32965
127.0,99.32364
132.0,96.95567
322.0,307.33472
85.0,89.12246
169.0,162.00389
149.0,125.991585
185.0,171.8674
132.0,235.57184
101.0,101.44736
93.0,105.97769
178.0,171.63663
104.0,107.70811
189.0,248.27577
171.0,178.49591
67.0,77.00358
90.0,127.70281
40.0,58.62045
342.0,285.92593
65.0,79.04299
117.0,126.66538
132.0,425.68463
84.0,93.98009
132.0,168.95157
132.0,243.51184
88.0,74.85915
361.0,311.80432
106.0,128.98564
162.0,239.53621
65.0,75.87848
142.0,171.02248
96.0,102.58286
303.0,277.35312
118.0,120.88394
56.0,57.440926
62.0,66.771996
132.0,132.20042
103.0,127.980865
42.0,48.804783
382.0,331.77118
124.0,125.125046
160.0,169.85907
347.0,340.41284
100.0,93.23737
433.0,435.7348
132.0,131.77528
132.0,131.77528
417.0,402.363
90.0,93.026375
74.0,78.68783
132.0,131.90591
150.0,149.81711
84.0,84.94297
92.0,101.27753
327.0,325.724
335.0,306.36176
63.0,62.534115
90.0,113.09595
210.0,145.6007
64.0,73.38408
223.0,200.27881
500.0,489.5807
383.0,358.03342
149.0,154.74045
144.0,136.62816
84.0,78.47067
132.0,132.20042
105.0,112.06427
161.0,195.05031
114.0,142.52492
179.0,198.91
132.0,132.20042
132.0,132.20042
108.0,103.59846
86.0,88.779366
333.0,329.2233
88.0,95.98789
132.0,127.56329
248.0,210.938
221.0,225.36185
132.0,126.33913
139.0,131.16501
91.0,91.27318
40.0,47.55914
68.0,72.03465
179.0,184.64548
332.0,347.797
75.0,72.42931
163.0,135.4183
132.0,132.07416
322.0,292.94742
131.0,102.11361
27.0,42.577465
101.0,105.78778
105.0,93.70558
66.0,74.34105
131.0,144.03175
122.0,112.44491
110.0,107.88394
425.0,409.66403
140.0,103.74048
348.0,325.48157
132.0,132.20042
174.0,188.09225
132.0,132.20042
242.0,259.42746
98.0,82.17935
25.0,55.66741
249.0,228.15176
132.0,73.504555
132.0,131.69958
162.0,145.90938
67.0,80.35392
132.0,132.20042
363.0,343.07678
88.0,86.85861
128.0,126.05771
90.0,81.29653
412.0,396.34845
390.0,375.53128
132.0,132.20042
66.0,55.46634
274.0,303.23602
169.0,184.22116
132.0,132.20042
368.0,316.70004
57.0,70.65198
480.0,490.00607
132.0,146.5422
420.0,387.9837
82.0,103.083855
201.0,144.71698
317.0,307.6108
140.0,142.98251
247.0,285.6308
132.0,131.77528
128.0,97.41334
132.0,147.68217
116.0,165.86414
107.0,93.99488
167.0,157.19133
436.0,423.26947
124.0,121.68497
124.0,130.8626
118.0,125.83079
339.0,356.19452
238.0,262.65594
130.0,129.66908
354.0,341.48917
348.0,319.52594
132.0,117.34647
296.0,291.405
135.0,149.4518
83.0,92.20418
89.0,93.161285
71.0,66.96729
132.0,131.90591
79.0,72.64918
133.0,142.96437
30.0,43.873497
243.0,245.3566
101.0,103.53383
500.0,494.99042
132.0,397.0714
383.0,388.3318
422.0,415.4835
88.0,68.943634
132.0,131.90591
138.0,104.07692
84.0,80.54327
50.0,47.624073
104.0,100.78079
425.0,397.6858
132.0,132.07416
407.0,371.25348
109.0,76.973495
455.0,447.71783
70.0,125.226715
60.0,60.134388
102.0,120.463394
307.0,301.277
469.0,474.00397
132.0,149.94804
44.0,85.565735
48.0,56.648357
92.0,101.94988
106.0,114.49925
101.0,97.05223
277.0,250.686
241.0,278.1409
59.0,84.10349
132.0,132.20042
38.0,49.51356
132.0,127.78449
330.0,337.18463
316.0,286.07953
242.0,235.07774
91.0,98.89556
218.0,235.80396
327.0,140.39786
277.0,272.75388
29.0,40.742653
149.0,125.27726
157.0,184.84648
132.0,131.77434
337.0,329.52188
348.0,355.4168
140.0,153.30182
213.0,240.00389
477.0,477.27576
127.0,106.06627
170.0,177.06516
276.0,258.87265
104.0,124.6785
358.0,319.3404
126.0,158.85425
339.0,336.7026
132.0,132.20042
161.0,188.46935
100.0,134.0065
104.0,118.82097
102.0,123.60563
201.0,207.32709
107.0,109.877464
104.0,128.30891
177.0,156.88461
121.0,128.79385
53.0,58.130245
74.0,80.50433
317.0,308.23492
127.0,102.23048
315.0,295.45932
166.0,135.21767
74.0,50.673756
73.0,95.074844
317.0,298.75504
209.0,227.01498
132.0,132.20042
196.0,168.88506
349.0,353.52646
132.0,133.40256
460.0,440.82886
143.0,139.76445
72.0,95.66851
103.0,115.17955
132.0,131.6951
132.0,132.20042
69.0,67.83507
73.0,80.33021
212.0,270.42453
73.0,93.8299
62.0,70.003654
132.0,131.90591
337.0,363.3944
53.0,72.3477
230.0,273.969
65.0,61.209293
126.0,144.8452
132.0,132.1599
154.0,118.55591
102.0,111.843735
250.0,230.83554
132.0,131.90591
252.0,236.16486
85.0,126.416145
92.0,93.31419
117.0,150.0833
53.0,80.463936
83.0,74.023506
309.0,301.3107
144.0,138.38799
280.0,285.2769
41.0,43.21552
295.0,329.64603
113.0,125.56736
350.0,328.60388
132.0,132.20042
295.0,297.85712
184.0,207.703
127.0,125.3081
104.0,110.59535
114.0,112.229546
132.0,132.20042
132.0,132.20042
156.0,160.73111
149.0,132.95154
309.0,311.90356
132.0,131.90591
140.0,152.74504
156.0,138.29848
164.0,156.70268
132.0,131.90591
351.0,359.70163
57.0,62.446613
315.0,319.8128
145.0,158.31787
52.0,61.125664
132.0,132.1599
98.0,83.15688
110.0,119.86518
132.0,131.90591
19.0,36.45964
88.0,77.549995
112.0,103.6299
132.0,131.77528
191.0,203.07806
132.0,132.20042
35.0,47.4097
224.0,234.86801
137.0,153.15901
81.0,88.14576
118.0,110.113106
115.0,86.35251
149.0,161.90594
65.0,77.79935
141.0,150.2044
132.0,131.73962
67.0,56.82497
95.0,88.61243
366.0,405.2302
132.0,145.08339
237.0,197.55179
64.0,78.85109
500.0,421.0133
64.0,61.158264
132.0,132.20042
132.0,132.20042
112.0,105.91328
98.0,318.73264
94.0,114.935005
216.0,209.10876
132.0,131.90591
357.0,347.0713
296.0,299.11667
132.0,126.13148
117.0,108.4265
132.0,132.20042
94.0,96.30442
280.0,286.9607
136.0,131.34113
132.0,154.61693
78.0,78.20089
331.0,288.85733
59.0,65.4767
130.0,118.87313
88.0,107.408005
146.0,157.24118
41.0,50.099224
222.0,306.49237
500.0,453.3784
214.0,231.03204
52.0,60.76845
73.0,75.40498
274.0,281.40033
85.0,82.47567
132.0,132.20042
123.0,145.45137
102.0,108.07686
364.0,362.5803
132.0,148.76968
132.0,131.5222
403.0,367.1076
103.0,88.42276
132.0,242.29277
96.0,84.81943
122.0,129.88367
132.0,131.90591
35.0,64.20883
140.0,137.91263
80.0,77.307175
141.0,159.87964
132.0,238.93716
132.0,132.20042
209.0,218.22397
132.0,184.3208
500.0,463.5179
132.0,131.6951
124.0,133.68811
105.0,119.8149
322.0,329.40012
132.0,136.87802
44.0,43.206585
282.0,249.80878
137.0,122.89389
176.0,82.64265
115.0,127.65058
166.0,122.26319
116.0,121.930984
108.0,86.47054
43.0,51.97047
131.0,162.79509
231.0,231.50845
135.0,147.05966
213.0,229.7399
371.0,379.09998
69.0,88.32872
186.0,161.83774
95.0,85.15531
132.0,131.90591
141.0,137.88373
246.0,243.06618
132.0,132.20042
133.0,127.95668
320.0,316.83173
328.0,341.14072
160.0,142.74933
76.0,93.20704
316.0,336.96613
404.0,402.16656
53.0,76.3928
203.0,195.21149
163.0,150.93924
132.0,131.90591
114.0,96.62061
82.0,69.38832
228.0,198.58615
260.0,274.80603
350.0,269.85318
83.0,76.409615
97.0,100.84472
500.0,500.47803
309.0,335.60535
132.0,131.77528
384.0,379.40463
166.0,195.94722
132.0,85.94344
212.0,249.21796
290.0,209.58922
82.0,90.67436
271.0,267.64435
186.0,182.40044
117.0,120.760506
207.0,237.5885
36.0,54.187836
132.0,131.77528
118.0,126.104416
45.0,51.226463
125.0,108.65312
316.0,282.758
104.0,105.3973
267.0,263.20987
132.0,142.83432
53.0,55.471817
95.0,90.59449
91.0,100.00249
134.0,133.24585
100.0,111.34353
57.0,69.58809
100.0,88.80975
59.0,64.97491
500.0,415.38095
366.0,386.66837
84.0,78.27208
115.0,123.0479
107.0,94.31502
459.0,416.4918
132.0,70.36003
133.0,133.9646
94.0,99.43095
277.0,333.31686
238.0,239.90894
132.0,139.94057
500.0,480.22168
182.0,183.36034
132.0,147.68217
132.0,116.19163
126.0,118.322334
361.0,308.5274
97.0,101.11608
132.0,132.20042
199.0,210.23524
229.0,334.4568
54.0,72.33001
85.0,76.892334
211.0,178.6184
52.0,59.495777
132.0,132.20042
54.0,69.895676
130.0,139.12325
90.0,134.92152
132.0,118.65405
107.0,112.07742
500.0,498.71692
324.0,325.35446
132.0,132.20042
299.0,309.0595
327.0,338.49637
114.0,102.97511
49.0,63.59819
132.0,131.9903
85.0,76.50756
220.0,226.6683
179.0,218.66466
131.0,136.76253
132.0,129.10422
69.0,87.95059
161.0,166.45978
132.0,132.20042
79.0,84.21424
102.0,181.52011
148.0,161.90958
478.0,420.3486
45.0,58.840527
132.0,113.09774
105.0,100.49395
130.0,159.88382
132.0,162.91557
194.0,201.58134
258.0,244.68628
294.0,238.74333
250.0,240.3854
132.0,127.77406
132.0,124.540565
92.0,125.44513
132.0,132.20042
108.0,105.06156
188.0,133.56836
49.0,60.85589
81.0,73.072556
69.0,73.5691
72.0,91.44165
266.0,249.53827
39.0,59.505302
83.0,81.42923
138.0,130.94696
96.0,98.34263
132.0,131.90591
55.0,56.676456
217.0,205.45735
121.0,127.48848
105.0,108.73346
215.0,184.65707
147.0,167.4592
215.0,219.10272
192.0,176.94896
129.0,168.51282
62.0,60.885303
45.0,59.53859
132.0,132.20042
132.0,140.33936
56.0,54.604294
136.0,135.46979
234.0,225.94678
42.0,51.220028
79.0,83.6142
370.0,369.9026
81.0,82.80172
500.0,499.63113
132.0,131.90591
126.0,96.08479
88.0,94.49448
132.0,95.90778
194.0,195.30646
113.0,126.590515
68.0,93.02182
132.0,131.90591
126.0,128.84921
118.0,118.13037
132.0,132.20042
55.0,62.305347
334.0,324.8398
421.0,412.97873
132.0,126.32927
26.0,39.859325
62.0,65.95885
219.0,202.14827
446.0,412.5713
256.0,232.36133
181.0,185.93788
215.0,226.27885
305.0,291.27072
467.0,422.95447
87.0,103.650925
153.0,172.5781
132.0,132.20042
99.0,95.445526
132.0,133.78181
308.0,297.48837
59.0,75.96089
106.0,111.657974
140.0,144.98576
322.0,299.7934
196.0,197.08707
62.0,83.848305
235.0,232.62685
108.0,118.73987
132.0,132.1599
198.0,210.65277
350.0,375.99533
179.0,171.16843
79.0,86.00645
94.0,113.50981
65.0,85.64579
298.0,292.4134
107.0,83.91987
134.0,193.84221
132.0,132.1599
109.0,138.47946
114.0,135.15005
132.0,132.07416
132.0,132.20042
129.0,94.78314
79.0,81.37527
132.0,131.77528
132.0,132.20042
132.0,131.90591
500.0,479.0471
132.0,131.70436
132.0,132.07416
226.0,187.7962
108.0,124.78341
102.0,90.688194
321.0,411.18933
170.0,101.5774
387.0,345.19177
41.0,50.690117
50.0,60.051414
111.0,144.28261
132.0,137.74207
96.0,99.81416
132.0,139.35547
164.0,135.80191
324.0,305.0739
88.0,102.11125
139.0,140.67628
55.0,64.62276
220.0,180.60872
132.0,131.71863
334.0,351.2656
93.0,100.08734
62.0,57.891838
196.0,168.93916
200.0,239.27872
126.0,176.941
53.0,72.862076
210.0,193.88135
99.0,142.66975
54.0,62.300293
248.0,260.65848
156.0,125.788475
123.0,126.05389
248.0,274.9216
89.0,113.26475
131.0,141.58105
96.0,120.3305
191.0,214.2596
177.0,176.65622
53.0,63.05864
77.0,80.62821
221.0,247.83966
374.0,332.86432
132.0,78.24364
132.0,132.20042
140.0,150.08665
77.0,89.213135
173.0,154.0086
408.0,263.93277
132.0,132.1599
109.0,108.68236
142.0,140.43967
40.0,52.031673
132.0,134.35118
132.0,132.20042
108.0,141.78355
171.0,114.74178
158.0,131.88509
71.0,74.233406
29.0,36.402412
132.0,132.20042
310.0,285.54037
270.0,244.41054
84.0,78.63592
132.0,131.9903
262.0,257.09192
228.0,260.75314
188.0,109.37241
132.0,132.49658
322.0,308.20316
109.0,109.00376
60.0,67.69749
104.0,103.3611
174.0,198.96777
130.0,135.48474
93.0,91.22646
130.0,109.18444
112.0,114.27135
132.0,117.16412
298.0,323.73212
320.0,318.73837
62.0,73.558754
361.0,357.41837
244.0,226.84068
132.0,289.9533
168.0,183.38034
32.0,66.784935
63.0,74.20316
132.0,148.06496
301.0,277.96075
76.0,105.21682
286.0,301.9496
64.0,75.622
95.0,107.02469
132.0,132.20042
86.0,106.83365
224.0,268.70844
64.0,77.83871
98.0,121.864944
214.0,209.00505
75.0,85.669235
55.0,77.13679
500.0,444.0614
351.0,379.1741
46.0,67.731865
70.0,68.19434
55.0,63.468704
132.0,122.791565
76.0,80.955826
66.0,67.95305
67.0,105.40472
101.0,136.85045
127.0,119.173256
132.0,133.86215
180.0,88.49161
360.0,357.34494
67.0,96.51919
63.0,74.266716
83.0,104.07945
96.0,90.78591
132.0,132.20042
132.0,131.8032
407.0,260.41205
132.0,132.20042
327.0,321.7987
132.0,132.20042
311.0,243.20512
70.0,82.57047
132.0,131.90591
132.0,131.32716
64.0,69.90093
132.0,132.27292
280.0,244.04596
73.0,65.104904
317.0,312.8885
118.0,129.94473
373.0,289.2809
484.0,359.0359
354.0,352.583
69.0,69.7875
357.0,383.26425
132.0,132.20042
101.0,99.790825
205.0,272.7216
76.0,84.541695
132.0,137.46498
168.0,186.02669
124.0,145.45976
297.0,309.95868
67.0,60.00781
112.0,132.11996
132.0,131.90591
122.0,153.84485
36.0,43.731255
95.0,71.86463
76.0,69.571526
89.0,106.065834
105.0,138.63171
132.0,132.20042
142.0,130.40944
132.0,132.20042
186.0,156.18625
170.0,225.65695
78.0,142.4161
95.0,107.828285
430.0,379.07776
132.0,131.90591
317.0,260.98355
263.0,256.57175
243.0,205.63531
69.0,72.073845
63.0,67.32987
159.0,147.0677
286.0,265.9325
132.0,132.20042
132.0,132.20042
101.0,119.2355
45.0,73.38343
107.0,116.64048
80.0,90.742966
50.0,58.796886
306.0,340.3962
248.0,287.68753
30.0,37.472813
84.0,103.58645
318.0,284.33362
450.0,429.3839
146.0,154.9204
62.0,83.622856
48.0,62.73031
132.0,132.07416
370.0,389.8331
80.0,80.59321
132.0,480.30408
81.0,76.65223
267.0,207.94536
122.0,144.5193
132.0,132.20042
77.0,55.91116
345.0,336.01855
106.0,111.29886
500.0,489.4927
167.0,171.69028
132.0,131.32716
119.0,132.62312
132.0,132.20042
215.0,216.49532
75.0,88.181915
132.0,132.20042
300.0,268.46677
318.0,320.9494
207.0,188.8137
109.0,131.40738
30.0,41.27823
162.0,120.907135
132.0,132.20042
112.0,99.45472
62.0,88.9841
61.0,81.172
66.0,76.76545
113.0,126.85605
339.0,332.61105
124.0,114.224396
102.0,101.16972
90.0,90.88937
132.0,131.67947
208.0,178.11804
159.0,141.97816
57.0,60.60884
472.0,462.79865
62.0,61.346962
270.0,310.86646
98.0,99.069214
158.0,215.51244
141.0,123.766624
379.0,411.82794
156.0,156.43242
132.0,128.45593
488.0,477.121
199.0,223.1258
196.0,227.17674
132.0,132.20042
307.0,286.22867
131.0,67.16602
111.0,142.94844
219.0,169.36842
30.0,59.795853
79.0,69.10038
135.0,160.2197
68.0,58.16002
132.0,294.8451
132.0,132.07416
500.0,462.5911
230.0,219.48492
133.0,143.78925
121.0,124.27916
167.0,173.5471
259.0,158.48126
96.0,105.80106
107.0,99.197365
130.0,111.08256
373.0,391.44754
259.0,255.1818
124.0,141.04639
356.0,327.69217
132.0,131.90591
85.0,84.61003
299.0,221.45314
318.0,249.3807
96.0,101.464554
308.0,301.79245
52.0,71.60121
102.0,114.91125
157.0,154.25768
132.0,131.90591
188.0,128.88347
132.0,321.00534
123.0,102.23401
76.0,68.454834
132.0,132.20042
465.0,383.14847
132.0,132.20042
82.0,95.84316
379.0,375.07574
48.0,60.641747
124.0,118.12696
152.0,113.473724
132.0,132.20042
414.0,469.99084
394.0,374.5861
137.0,112.12251
60.0,56.22058
252.0,232.35791
132.0,138.4778
132.0,86.71161
132.0,131.71173
226.0,200.17365
235.0,131.96815
132.0,131.67947
59.0,83.19089
45.0,59.578056
112.0,124.47675
107.0,143.57643
96.0,84.29253
156.0,170.65517
80.0,75.31049
350.0,346.7947
108.0,98.899025
130.0,123.946556
113.0,151.84314
132.0,131.8972
102.0,114.227745
141.0,131.53355
122.0,74.58792
78.0,81.142914
132.0,132.20042
132.0,179.82957
338.0,292.1884
322.0,319.5117
132.0,132.20042
215.0,212.03891
267.0,249.81335
95.0,73.4084
66.0,75.29475
140.0,111.20333
392.0,396.32166
104.0,135.6203
272.0,302.47025
116.0,129.11314
84.0,96.671616
132.0,46.682793
334.0,350.6367
103.0,97.42289
132.0,271.32245
65.0,59.092857
41.0,59.616474
420.0,389.73364
54.0,58.190823
132.0,131.90591
132.0,131.30952
345.0,338.29153
75.0,93.364105
352.0,282.64618
78.0,77.347206
122.0,127.48711
109.0,137.96443
84.0,65.71929
325.0,324.43677
92.0,104.48849
127.0,121.59229
62.0,74.680466
98.0,80.98072
185.0,194.52792
119.0,119.29006
146.0,143.02179
92.0,102.09182
180.0,138.96867
54.0,73.67561
300.0,306.03085
301.0,307.35913
120.0,123.30703
60.0,83.882256
83.0,78.67101
129.0,99.18675
134.0,137.34666
88.0,115.30589
70.0,77.04652
57.0,79.98613
353.0,338.59467
132.0,110.086266
132.0,132.20042
208.0,333.8906
132.0,148.75174
54.0,68.99087
165.0,127.40585
48.0,49.139614
129.0,146.73859
132.0,131.90591
85.0,79.54008
213.0,244.07991
138.0,129.77272
323.0,396.6014
90.0,92.541
132.0,119.89899
79.0,94.79171
166.0,113.279724
123.0,78.7205
180.0,212.9794
118.0,92.28238
39.0,43.191742
28.0,45.172344
132.0,132.4101
500.0,463.347
197.0,218.03642
132.0,132.20042
132.0,131.90591
132.0,140.77022
109.0,105.40589
248.0,246.10857
132.0,132.20042
78.0,75.68514
159.0,144.16602
132.0,130.33139
123.0,170.95235
94.0,104.4124
210.0,238.59651
67.0,69.42011
152.0,133.78708
445.0,472.08316
42.0,45.50357
164.0,152.71399
137.0,148.54799
382.0,393.65402
293.0,298.02972
168.0,199.60486
50.0,65.72044
88.0,104.763115
132.0,132.20042
132.0,131.90591
158.0,132.96921
500.0,496.98996
118.0,125.83984
101.0,96.48226
132.0,131.90591
398.0,342.9789
92.0,94.208855
132.0,119.67983
121.0,139.92482
62.0,67.31201
30.0,61.04967
229.0,245.27425
79.0,97.925026
250.0,257.16595
89.0,76.92845
61.0,62.44436
76.0,76.3121
132.0,132.20042
132.0,132.20042
232.0,224.14207
132.0,138.5195
76.0,76.85452
238.0,258.00446
132.0,132.07416
71.0,78.14518
106.0,106.07942
132.0,130.6422
67.0,78.18186
152.0,132.1973
51.0,66.37795
132.0,132.20042
106.0,114.45422
132.0,120.64497
83.0,84.769226
346.0,331.53067
109.0,113.98219
170.0,149.40094
132.0,125.36449
192.0,194.18837
283.0,174.3564
139.0,153.53905
78.0,114.51094
301.0,273.0941
141.0,87.972565
268.0,282.8279
347.0,339.14624
133.0,121.974174
132.0,132.20042
292.0,261.0826
165.0,117.51704
101.0,102.33944
150.0,151.05064
102.0,113.04643
370.0,385.31207
101.0,128.1367
87.0,77.86226
284.0,288.9247
385.0,369.01733
132.0,133.167
342.0,373.9954
55.0,69.52114
106.0,93.46331
218.0,185.18811
162.0,149.25247
311.0,288.7849
453.0,386.44742
195.0,166.0297
168.0,174.66724
211.0,216.29852
132.0,132.20042
456.0,460.36542
101.0,110.93169
500.0,479.99515
416.0,448.29703
253.0,277.44766
252.0,169.54578
298.0,258.60233
112.0,107.746124
132.0,131.90591
132.0,132.20042
132.0,127.61259
108.0,132.17662
72.0,96.53651
33.0,61.390026
132.0,117.2073
72.0,76.26007
132.0,131.9903
138.0,134.43256
132.0,132.20042
358.0,365.27704
132.0,141.07254
132.0,121.9867
124.0,104.82594
500.0,484.71625
59.0,63.773705
183.0,247.89056
170.0,150.94804
306.0,295.58054
184.0,225.03061
297.0,292.55682
83.0,98.31389
124.0,142.58478
132.0,66.481926
132.0,129.72746
132.0,132.20042
132.0,128.36589
128.0,101.97483
36.0,57.83604
44.0,45.103477
121.0,111.022316
132.0,101.81079
132.0,95.031136
385.0,402.93326
132.0,129.3
132.0,97.125435
473.0,238.65996
130.0,130.32726
78.0,97.712845
288.0,310.97186
76.0,90.49522
75.0,85.77022
149.0,144.52458
74.0,58.11539
30.0,68.47952
98.0,104.20976
144.0,166.93376
106.0,98.06463
53.0,58.22698
90.0,97.72671
299.0,297.37598
301.0,324.76236
148.0,137.02837
132.0,62.14862
119.0,107.72155
132.0,131.90591
96.0,93.75212
334.0,324.27057
171.0,176.486
132.0,131.90591
99.0,108.207954
106.0,134.04723
132.0,132.20042
132.0,132.20042
132.0,132.20042
191.0,224.22443
99.0,112.770706
316.0,297.35565
64.0,69.74341
350.0,324.07068
111.0,104.852745
146.0,125.57751
111.0,122.047966
93.0,115.013176
134.0,110.004684
132.0,131.9903
137.0,167.10971
99.0,104.19081
91.0,89.7518
61.0,69.02244
412.0,417.30045
330.0,400.71515
138.0,130.10947
149.0,117.316124
132.0,235.97322
245.0,196.6443
180.0,182.13695
102.0,120.42015
132.0,132.20042
317.0,304.72284
51.0,61.448875
46.0,58.424095
168.0,143.2858
48.0,62.169052
232.0,222.7907
132.0,132.20042
20.0,56.059628
132.0,132.20042
49.0,73.56076
97.0,94.75387
166.0,168.96729
167.0,176.4366
88.0,95.57482
80.0,89.824005
60.0,88.35576
228.0,227.85435
92.0,82.32461
127.0,172.21585
132.0,132.20042
132.0,123.8013
159.0,166.65588
218.0,282.6802
132.0,131.90591
132.0,131.9903
102.0,96.73235
79.0,85.026505
342.0,295.78336
117.0,113.54814
453.0,429.23587
132.0,228.52908
132.0,132.49658
132.0,142.32347
132.0,131.77528
132.0,133.86215
116.0,133.38995
341.0,319.4315
132.0,135.06308
63.0,82.320465
273.0,290.8074
63.0,60.149807
228.0,206.0852
101.0,107.45274
132.0,132.20042
83.0,102.62419
500.0,452.30948
132.0,131.8972
132.0,124.731224
52.0,64.455055
109.0,108.52348
110.0,107.72795
62.0,71.62168
288.0,214.41937
69.0,73.4746
358.0,363.8988
341.0,363.7907
205.0,191.29729
271.0,220.6475
165.0,151.4981
101.0,95.971886
411.0,367.56952
406.0,444.14014
52.0,68.091125
232.0,168.13895
344.0,236.90967
88.0,89.63945
171.0,129.49873
45.0,43.091827
140.0,149.418
327.0,295.79495
52.0,60.696583
35.0,61.50838
132.0,131.38446
326.0,343.53897
189.0,207.78188
136.0,93.309265
132.0,132.20042
132.0,132.20042
220.0,214.10085
132.0,131.9903
382.0,389.40756
132.0,137.87054
315.0,333.40503
306.0,283.82333
149.0,153.45567
132.0,138.69916
93.0,112.967926
178.0,185.91429
132.0,131.90591
292.0,248.79912
105.0,111.50777
56.0,68.26927
69.0,72.58825
364.0,320.70123
350.0,299.37277
42.0,70.5492
67.0,71.57763
132.0,132.20042
445.0,445.7437
289.0,294.87827
28.0,69.82476
500.0,501.7883
269.0,264.24673
262.0,258.3914
500.0,490.52533
101.0,110.19821
132.0,132.20042
157.0,150.64964
132.0,132.20042
132.0,131.77528
213.0,219.88542
145.0,140.16068
44.0,76.43986
373.0,370.35257
152.0,147.7483
132.0,132.20042
127.0,151.4067
268.0,283.115
84.0,81.7595
132.0,130.79636
92.0,65.66761
101.0,122.30641
93.0,94.89821
132.0,131.90591
210.0,220.92961
62.0,83.34646
96.0,103.736916
59.0,68.10089
363.0,362.8407
384.0,401.5572
186.0,164.82373
132.0,132.20042
132.0,132.20042
132.0,117.81614
88.0,97.38819
132.0,132.07416
239.0,180.36934
132.0,131.90591
215.0,247.1405
77.0,82.49829
43.0,68.920105
45.0,49.132423
291.0,270.62625
500.0,488.2881
132.0,132.20042
132.0,132.20042
142.0,134.55351
439.0,428.81308
110.0,112.76949
154.0,170.54756
132.0,131.77528
107.0,106.08907
132.0,93.67939
67.0,67.125046
91.0,91.97365
58.0,71.15225
311.0,297.2129
44.0,74.46174
141.0,83.62534
118.0,131.54692
75.0,74.91161
244.0,247.01181
156.0,165.48071
132.0,131.90591
331.0,313.02637
356.0,386.1668
83.0,97.58744
112.0,168.51646
325.0,357.18027
91.0,266.2775
138.0,159.08589
252.0,139.73737
362.0,368.2228
80.0,67.67289
63.0,71.24114
105.0,115.19627
423.0,407.06918
391.0,401.6996
207.0,234.08218
121.0,127.3175
161.0,161.29889
365.0,350.3003
79.0,99.38566
500.0,479.10602
46.0,68.20441
185.0,151.54677
330.0,324.6973
79.0,84.55034
68.0,79.85494
107.0,88.66737
401.0,384.02295
236.0,233.51688
42.0,48.013393
276.0,263.7574
132.0,131.77528
433.0,482.9317
94.0,83.35749
25.0,113.37473
132.0,132.20042
132.0,132.20042
167.0,150.21938
315.0,323.65204
81.0,88.033806
57.0,65.27465
110.0,136.39288
238.0,171.64384
41.0,45.470062
62.0,84.30059
195.0,177.01389
303.0,250.84816
203.0,218.72543
384.0,413.43817
106.0,101.40398
132.0,131.90591
136.0,188.13358
365.0,361.5761
153.0,157.03677
133.0,122.89932
124.0,118.25558
114.0,127.01036
73.0,68.68728
101.0,116.165375
289.0,320.3383
132.0,132.20042
421.0,401.37128
132.0,131.09918
372.0,364.97495
287.0,208.52534
148.0,159.31876
140.0,159.99011
132.0,118.99456
53.0,61.372246
118.0,119.91717
329.0,317.32578
320.0,306.50443
125.0,106.90446
132.0,132.07416
44.0,57.090714
94.0,114.76226
214.0,126.17148
260.0,319.7187
132.0,126.013275
333.0,333.4186
132.0,132.20042
120.0,96.74134
99.0,98.96316
132.0,129.46237
132.0,132.20042
132.0,129.24309
197.0,147.3443
238.0,249.08133
42.0,51.793926
64.0,68.61729
51.0,53.34933
145.0,140.23161
132.0,131.69958
132.0,131.77528
132.0,132.20042
42.0,56.48722
129.0,117.43417
125.0,125.477165
225.0,220.27423
78.0,78.96917
132.0,131.77528
132.0,132.1599
294.0,283.87274
218.0,210.69589
152.0,153.29973
81.0,81.34477
367.0,351.40182
226.0,197.70712
163.0,164.35658
158.0,160.2663
366.0,376.92453
384.0,351.85593
264.0,231.769
74.0,75.55535
64.0,75.80172
118.0,92.54356
108.0,120.97362
286.0,327.88922
62.0,72.0159
163.0,175.22362
319.0,293.6274
110.0,107.92221
96.0,107.78781
159.0,225.63481
257.0,311.6056
132.0,131.77528
101.0,92.87272
86.0,105.13815
168.0,199.02106
133.0,120.62284
110.0,132.44652
143.0,71.266525
158.0,192.95708
392.0,369.1285
425.0,441.73663
128.0,157.03511
327.0,281.63837
132.0,132.20042
85.0,81.39688
103.0,116.02266
54.0,75.198326
106.0,89.30319
132.0,132.20042
28.0,41.616882
249.0,264.04926
53.0,64.17464
187.0,141.67436
50.0,68.873726
353.0,228.20692
218.0,201.22351
169.0,156.06668
111.0,121.19419
39.0,51.915882
313.0,317.25177
279.0,309.42325
49.0,106.85639
131.0,136.48164
288.0,261.5046
132.0,131.77528
248.0,144.61592
132.0,132.20042
363.0,330.42926
132.0,132.07416
267.0,260.17014
298.0,313.60367
29.0,61.81317
117.0,152.8822
105.0,88.2987
132.0,132.20042
381.0,366.2408
47.0,43.50503
132.0,132.20042
282.0,204.17587
142.0,176.53029
166.0,153.91373
132.0,88.96724
132.0,131.90591
184.0,141.5127
403.0,385.7892
331.0,331.13675
132.0,137.24966
174.0,226.3964
72.0,81.673195
64.0,65.022545
96.0,119.27742
317.0,301.46918
500.0,431.84018
173.0,192.12866
33.0,38.028877
147.0,137.65874
247.0,240.37732
140.0,110.17997
94.0,77.31842
167.0,124.36726
123.0,129.4359
189.0,226.92073
327.0,248.36472
323.0,279.47382
279.0,269.85196
500.0,491.7407
193.0,155.32913
78.0,88.33256
38.0,39.64418
132.0,131.90591
354.0,393.66028
171.0,186.20673
95.0,89.08615
132.0,136.897
114.0,92.08657
132.0,132.20042
58.0,90.896454
157.0,140.58008
148.0,132.20042
458.0,495.35144
165.0,161.60432
132.0,129.38544
132.0,64.61353
131.0,146.17589
114.0,128.94252
212.0,190.38925
95.0,83.15465
77.0,82.43815
49.0,63.49509
202.0,208.46973
62.0,60.143116
120.0,119.06814
143.0,112.758644
346.0,360.00113
132.0,132.20042
359.0,371.97986
132.0,132.07416
104.0,112.79733
284.0,257.96008
132.0,134.56396
321.0,299.5995
146.0,146.13281
167.0,159.76921
132.0,132.20042
132.0,132.20042
49.0,60.83173
341.0,341.99057
133.0,157.30975
162.0,175.01295
200.0,169.8093
250.0,232.21696
77.0,65.759605
119.0,123.94025
280.0,277.987
132.0,229.55746
256.0,298.46637
131.0,135.29605
184.0,214.64288
132.0,131.90591
132.0,131.77528
103.0,83.6127
66.0,78.42111
132.0,131.9903
132.0,131.90591
132.0,131.68916
117.0,118.06766
155.0,153.2986
71.0,89.44829
132.0,147.7044
132.0,132.20042
209.0,216.79512
144.0,175.84981
49.0,55.82269
346.0,351.3145
68.0,83.546005
349.0,350.06897
398.0,431.62808
75.0,81.65556
72.0,82.19387
174.0,132.02122
303.0,256.89743
132.0,129.1645
132.0,113.61436
55.0,56.769844
57.0,60.96
233.0,238.88417
121.0,127.7929
124.0,114.539444
98.0,117.9802
500.0,461.8159
101.0,126.73425
136.0,165.09549
74.0,62.552654
53.0,95.88357
132.0,132.20042
132.0,132.07416
89.0,99.15705
110.0,92.56221
500.0,473.29163
93.0,93.18289
64.0,82.47287
107.0,127.81813
344.0,366.95685
73.0,69.16626
132.0,131.90591
433.0,397.00452
221.0,155.21863
82.0,80.12384
104.0,135.50586
49.0,48.285755
132.0,132.20042
92.0,102.67048
83.0,71.01564
500.0,481.67102
61.0,62.053047
130.0,124.47931
180.0,197.70462
79.0,87.309395
132.0,132.20042
450.0,429.16483
127.0,179.83772
200.0,148.79912
212.0,216.94429
132.0,132.20042
124.0,132.13525
132.0,75.71527
129.0,137.28523
296.0,264.90118
55.0,68.08877
169.0,169.55006
168.0,147.27104
81.0,77.224525
132.0,350.11258
122.0,115.0449
132.0,132.20042
132.0,131.77528
132.0,131.6951
451.0,476.16583
64.0,61.43505
114.0,98.601944
331.0,278.3136
132.0,132.20042
312.0,304.4894
106.0,110.745186
289.0,255.33553
132.0,132.20042
340.0,291.0545
132.0,127.61143
316.0,256.415
74.0,76.838326
314.0,320.40668
132.0,130.85562
132.0,131.90591
306.0,297.56772
119.0,123.37486
145.0,131.66043
67.0,83.41631
132.0,132.07416
132.0,125.04244
132.0,131.69958
409.0,369.37332
246.0,288.98068
80.0,91.73101
16.0,58.90162
138.0,162.06456
299.0,241.6474
132.0,132.20042
68.0,72.57983
43.0,52.55291
367.0,308.6841
182.0,176.54324
75.0,85.48913
82.0,85.46111
80.0,86.11754
37.0,40.439342
132.0,86.44427
132.0,132.20042
51.0,73.2952
174.0,164.77565
341.0,350.0102
132.0,133.99394
132.0,52.08912
373.0,354.0225
86.0,72.5947
132.0,130.07945
75.0,92.072845
38.0,48.97372
90.0,78.367096
132.0,226.33574
192.0,197.31409
88.0,110.09811
54.0,90.75109
126.0,126.809235
90.0,95.423584
91.0,63.946655
79.0,93.506996
122.0,117.12708
132.0,131.90591
42.0,45.570538
132.0,146.03381
91.0,105.05359
209.0,107.84567
44.0,48.819763
95.0,86.71447
88.0,86.78807
68.0,79.26204
206.0,192.78026
94.0,137.02599
132.0,111.19455
407.0,408.72305
132.0,132.1599
187.0,159.3103
81.0,96.61037
132.0,132.20042
94.0,97.56309
170.0,176.28555
270.0,230.29784
73.0,101.114555
91.0,107.06764
105.0,108.84954
402.0,311.57007
126.0,127.7735
160.0,153.96275
170.0,197.2813
280.0,303.459
168.0,174.55789
192.0,222.19226
132.0,132.07416
365.0,374.4264
358.0,377.70306
106.0,253.94417
132.0,132.20042
132.0,131.4702
437.0,401.51166
133.0,162.63614
151.0,164.427
156.0,130.99615
132.0,131.90591
243.0,241.15181
69.0,69.46373
103.0,103.09181
46.0,52.619938
132.0,132.07416
85.0,101.280304
165.0,166.7635
85.0,85.2338
105.0,80.88858
77.0,90.96388
128.0,125.56711
293.0,274.20154
46.0,61.25976
60.0,65.29276
132.0,109.569565
104.0,90.90835
159.0,181.0962
243.0,283.18338
266.0,276.3882
132.0,106.79474
294.0,329.53296
60.0,73.81889
132.0,132.07416
132.0,132.20042
160.0,164.99716
330.0,326.1594
91.0,134.5184
206.0,185.80095
132.0,131.77528
296.0,295.68286
38.0,54.155403
317.0,339.93237
57.0,63.57926
163.0,174.787
420.0,325.5257
58.0,53.66307
132.0,132.20042
125.0,126.71716
112.0,119.70102
132.0,132.20042
93.0,109.946465
67.0,77.02839
132.0,131.76216
148.0,156.11398
182.0,162.9907
132.0,132.20042
151.0,176.91925
245.0,219.68857
199.0,239.59546
57.0,58.424614
256.0,338.1573
72.0,82.63632
127.0,150.44644
243.0,234.64305
162.0,139.46588
298.0,281.09915
77.0,83.19562
61.0,66.64927
361.0,391.20126
131.0,97.266655
91.0,119.27354
415.0,427.20682
187.0,188.13634
91.0,86.37672
77.0,92.07764
218.0,216.74066
311.0,303.5432
132.0,133.1148
205.0,233.15256
108.0,106.65984
81.0,104.53072
308.0,326.24237
436.0,366.33002
500.0,503.25476
132.0,122.021324
79.0,77.39301
132.0,136.2766
110.0,123.61289
381.0,375.16006
132.0,132.20042
327.0,332.141
132.0,132.55786
132.0,132.20042
340.0,315.22327
100.0,132.20042
330.0,333.3031
55.0,69.50338
394.0,412.44077
60.0,65.24122
132.0,132.07416
132.0,131.90591
262.0,130.35211
452.0,453.18677
85.0,96.22165
36.0,58.77316
77.0,102.80098
58.0,68.645744
43.0,59.3738
380.0,362.82706
46.0,67.517944
104.0,133.58116
45.0,57.552288
82.0,76.4934
73.0,92.31655
103.0,110.037285
89.0,93.93308
477.0,430.97412
124.0,146.39963
312.0,302.1336
132.0,132.07416
125.0,141.27435
83.0,94.14275
73.0,63.998775
388.0,387.1375
39.0,48.660625
319.0,333.17087
331.0,267.14255
500.0,484.62857
363.0,338.0903
114.0,140.82962
125.0,102.88898
262.0,247.68785
352.0,329.97745
167.0,150.16003
94.0,112.265785
168.0,120.03729
133.0,124.78125
64.0,77.763374
182.0,160.62834
75.0,75.81918
188.0,132.20042
94.0,154.96117
132.0,133.23607
130.0,128.89926
101.0,95.24928
85.0,103.362465
90.0,85.51477
127.0,203.1635
132.0,132.20042
274.0,268.641
446.0,420.1257
132.0,98.45646
155.0,146.7381
174.0,111.06887
132.0,132.20042
132.0,67.64159
466.0,440.26013
198.0,185.05656
100.0,100.09448
219.0,211.8971
277.0,261.70746
126.0,138.05415
152.0,182.17912
67.0,60.12733
118.0,120.69857
345.0,274.60083
66.0,73.387375
266.0,209.546
70.0,70.85857
87.0,90.83707
223.0,167.53903
119.0,129.38525
80.0,94.55968
132.0,132.20042
183.0,194.58292
137.0,147.3494
90.0,105.0888
183.0,181.00787
27.0,35.62399
118.0,103.05425
132.0,132.20042
214.0,197.8691
70.0,73.04182
126.0,112.84741
63.0,66.861435
318.0,334.59436
59.0,61.433796
57.0,65.79325
132.0,62.861046
292.0,272.11456
183.0,172.58318
108.0,102.11507
46.0,52.724407
132.0,131.90591
372.0,283.73785
71.0,94.09285
132.0,132.20042
132.0,132.20042
86.0,108.92908
51.0,60.44651
317.0,311.6161
475.0,384.6627
106.0,105.29163
202.0,158.99146
93.0,106.4665
111.0,104.34369
123.0,198.42982
164.0,173.51035
156.0,128.84468
132.0,132.07416
63.0,67.15825
132.0,116.107155
132.0,131.8972
132.0,132.1599
103.0,133.72218
158.0,179.1057
118.0,100.52377
132.0,159.45026
73.0,96.2498
132.0,149.82181
121.0,111.26222
84.0,119.025314
356.0,357.8605
93.0,106.975494
44.0,58.77252
346.0,347.6108
132.0,451.93954
132.0,131.90591
162.0,135.962
91.0,86.50351
164.0,148.95369
49.0,70.20973
132.0,132.1599
131.0,127.25125
174.0,177.47249
116.0,110.51385
178.0,141.65869
237.0,228.55527
132.0,115.74472
95.0,79.379944
140.0,116.79882
374.0,356.75653
71.0,74.80822
84.0,78.36504
113.0,146.27678
272.0,241.83456
249.0,196.73473
103.0,151.39268
202.0,141.82158
78.0,84.9485
500.0,429.33023
120.0,115.652565
152.0,182.98828
119.0,117.17506
132.0,115.155655
105.0,119.829994
132.0,132.20042
257.0,248.40488
95.0,93.73397
195.0,208.04773
305.0,311.38577
132.0,132.3263
94.0,95.321594
327.0,300.8628
132.0,132.18155
132.0,150.8494
188.0,220.62466
143.0,157.13718
154.0,157.59721
192.0,132.20042
113.0,137.46289
71.0,83.44219
44.0,49.24492
96.0,88.440506
333.0,329.36752
104.0,125.3013
101.0,84.60812
132.0,131.99161
305.0,290.88602
176.0,159.01366
132.0,131.90591
132.0,131.77528
98.0,93.26178
261.0,270.81546
118.0,114.81654
132.0,132.20042
24.0,52.832718
349.0,319.5564
170.0,132.20042
102.0,124.018745
277.0,254.50952
96.0,88.463585
132.0,129.70486
73.0,102.61519
79.0,94.26012
61.0,57.858883
351.0,348.70184
244.0,239.13054
88.0,95.49089
197.0,154.85933
50.0,75.95805
205.0,195.31006
39.0,69.19808
132.0,132.07416
164.0,153.5132
132.0,132.07416
104.0,113.46103
168.0,168.10472
158.0,145.9896
47.0,38.679848
132.0,132.20042
52.0,53.784397
195.0,186.0806
111.0,75.46793
89.0,101.130516
132.0,132.20042
132.0,132.20042
237.0,272.75516
154.0,195.52686
132.0,90.04067
84.0,74.01077
343.0,247.99423
66.0,79.134735
55.0,59.290184
37.0,46.142273
184.0,174.82855
99.0,87.87017
67.0,78.30754
96.0,113.95487
71.0,81.11464
274.0,288.74854
78.0,94.20499
132.0,132.20042
131.0,109.172325
87.0,92.08972
132.0,130.99217
114.0,107.8847
153.0,175.0644
248.0,226.12163
59.0,71.006775
132.0,132.20042
115.0,124.76542
251.0,257.80103
96.0,88.402245
132.0,132.20042
332.0,132.20042
286.0,268.26416
66.0,72.235085
43.0,55.156773
23.0,75.96901
412.0,440.49518
132.0,132.20042
110.0,99.91453
128.0,138.07848
74.0,95.2656
132.0,132.49658
116.0,126.0171
269.0,242.59584
461.0,481.9972
95.0,90.5099
38.0,73.31969
62.0,71.36337
132.0,131.90591
132.0,132.1599
139.0,95.518715
50.0,49.919086
90.0,108.60083
149.0,96.81458
132.0,128.32161
142.0,134.41962
324.0,232.57458
420.0,439.70535
61.0,78.07218
132.0,255.69008
156.0,145.71547
142.0,167.73816
132.0,131.32716
132.0,132.07416
107.0,101.23008
138.0,108.163376
110.0,104.35264
119.0,82.17192
62.0,69.0316
103.0,80.4113
186.0,175.4886
132.0,130.97202
51.0,64.58145
54.0,60.09154
20.0,52.551147
132.0,132.20042
132.0,131.69958
99.0,89.1859
281.0,244.14508
132.0,124.247574
132.0,132.20042
48.0,70.183334
211.0,186.10748
164.0,173.1607
311.0,317.8755
261.0,223.88168
105.0,116.87688
150.0,148.67476
284.0,280.619
61.0,50.401974
75.0,76.5867
146.0,126.23595
132.0,131.77528
79.0,103.738785
72.0,88.49717
350.0,366.82013
246.0,310.71292
340.0,334.1389
343.0,384.44315
39.0,59.225723
207.0,313.11948
205.0,251.6929
132.0,85.87116
44.0,50.092667
86.0,93.979485
132.0,132.20042
111.0,105.72762
132.0,133.18358
132.0,132.20042
110.0,113.888954
374.0,386.98636
77.0,66.29419
309.0,268.7549
69.0,80.929375
114.0,127.25251
267.0,210.01274
348.0,204.98532
124.0,93.84067
111.0,123.07248
306.0,330.992
132.0,132.20042
185.0,202.19179
84.0,94.26398
225.0,188.94444
242.0,278.19904
157.0,143.01466
38.0,46.135296
124.0,123.92451
132.0,109.23773
115.0,115.7549
132.0,132.20042
196.0,200.06947
318.0,316.68924
169.0,162.99368
32.0,40.544743
500.0,473.8284
348.0,344.12585
133.0,120.49672
145.0,143.858
132.0,131.77274
90.0,90.7865
132.0,131.90591
242.0,351.49365
62.0,56.117733
116.0,96.08999
238.0,224.79065
201.0,166.77127
132.0,111.38
69.0,63.13192
102.0,81.04902
118.0,112.19235
121.0,128.14894
362.0,383.7896
153.0,157.7319
132.0,131.90591
49.0,58.40348
132.0,131.90591
62.0,63.523056
112.0,128.9014
134.0,113.869514
133.0,88.695045
430.0,486.9683
126.0,112.80413
84.0,118.19498
132.0,135.23587
27.0,40.04405
367.0,326.9109
132.0,131.90591
82.0,92.94879
132.0,130.43729
62.0,51.87758
132.0,131.9903
88.0,96.80917
92.0,96.717186
108.0,104.79075
132.0,130.52112
164.0,164.71828
121.0,106.473335
22.0,37.51268
132.0,132.20042
192.0,206.27844
315.0,325.75845
188.0,237.36089
493.0,394.531
106.0,101.42834
500.0,410.8728
107.0,101.71431
132.0,131.90591
127.0,130.02263
244.0,227.5164
162.0,239.28156
71.0,73.3813
82.0,98.1733
500.0,401.13577
132.0,132.1599
500.0,468.69205
63.0,68.446915
121.0,83.92031
314.0,305.1042
72.0,100.33794
154.0,215.87302
255.0,243.16342
296.0,298.64786
132.0,100.46055
203.0,185.4503
136.0,124.23856
500.0,481.67822
161.0,174.41539
344.0,274.47406
76.0,73.58876
50.0,73.04142
80.0,67.91169
132.0,125.428116
132.0,132.20042
126.0,132.99352
138.0,141.11115
212.0,199.48254
136.0,154.95564
217.0,254.77275
289.0,324.80484
126.0,90.6236
410.0,418.25742
273.0,248.80487
119.0,123.2982
52.0,59.98365
89.0,91.38256
165.0,141.67207
184.0,199.29222
297.0,323.6802
56.0,60.48731
325.0,362.7538
296.0,257.6421
138.0,207.06784
64.0,74.35997
132.0,124.569115
174.0,142.2631
106.0,74.93583
275.0,215.72725
284.0,392.1494
292.0,171.00429
364.0,347.18616
176.0,90.58083
132.0,132.20042
351.0,346.96674
48.0,56.76061
44.0,55.576824
35.0,37.74988
110.0,130.7233
112.0,124.48082
381.0,383.6174
115.0,80.491806
132.0,130.70496
213.0,210.08446
108.0,112.6946
375.0,401.10052
56.0,67.50834
67.0,64.98859
130.0,110.15004
60.0,65.018684
92.0,92.37871
91.0,90.66774
76.0,75.66577
92.0,75.612915
149.0,149.05573
172.0,143.86401
462.0,439.2413
71.0,78.9753
203.0,258.58017
129.0,91.875175
320.0,310.0721
130.0,130.40977
132.0,132.20042
230.0,259.87775
132.0,132.20042
135.0,131.70963
424.0,387.98892
132.0,132.20042
138.0,140.83075
500.0,499.81418
111.0,124.4449
132.0,132.20042
132.0,132.20042
137.0,147.51335
50.0,132.20042
257.0,216.85883
66.0,63.73835
77.0,85.150185
469.0,451.14258
132.0,129.2769
103.0,112.01029
112.0,88.928665
78.0,74.167404
117.0,122.842766
85.0,79.997345
119.0,129.6323
49.0,52.763668
132.0,128.82294
132.0,131.77528
56.0,58.374485
113.0,128.69107
105.0,125.60396
126.0,135.5567
44.0,43.15693
418.0,397.94067
116.0,132.47005
225.0,220.4378
205.0,184.61342
361.0,334.9764
293.0,208.42784
132.0,131.9903
161.0,159.78123
63.0,55.261417
241.0,253.61847
132.0,130.12564
214.0,240.35031
134.0,152.1762
103.0,105.12054
129.0,126.79474
39.0,50.933994
101.0,72.04155
94.0,93.39419
338.0,349.6121
143.0,160.88155
84.0,101.31477
132.0,132.07416
323.0,326.20242
68.0,63.60378
132.0,128.20781
199.0,153.28796
75.0,67.41091
147.0,152.63477
132.0,132.20042
132.0,132.20042
56.0,66.252594
75.0,97.6409
194.0,193.82376
81.0,70.18666
275.0,239.45992
138.0,136.01292
30.0,44.26214
441.0,409.96414
102.0,102.264915
96.0,88.10664
176.0,183.1586
55.0,65.59544
67.0,64.28336
104.0,103.92515
72.0,95.65516
132.0,138.81728
96.0,94.4846
24.0,55.126987
367.0,400.8219
71.0,83.59928
138.0,126.65518
132.0,132.07416
207.0,156.56711
96.0,102.786644
304.0,292.03378
167.0,168.04272
107.0,107.33404
375.0,413.5985
132.0,132.20042
132.0,128.85416
98.0,99.381325
99.0,292.83755
132.0,44.28762
251.0,196.7628
104.0,97.519424
132.0,132.20042
155.0,122.02119
127.0,135.56076
133.0,119.5619
132.0,124.65892
53.0,66.09211
143.0,167.24028
104.0,67.594505
151.0,163.36172
50.0,47.87301
88.0,101.77075
132.0,139.06818
41.0,63.241535
132.0,132.20042
259.0,183.84175
87.0,128.11116
56.0,72.609985
364.0,365.04938
56.0,63.026882
102.0,84.93654
389.0,385.38382
91.0,88.207146
132.0,132.07416
95.0,107.96792
132.0,131.81737
174.0,176.36635
132.0,132.07416
30.0,44.252407
202.0,222.35732
222.0,274.19156
132.0,131.69958
132.0,132.20042
148.0,175.93916
124.0,119.084435
132.0,131.90591
233.0,262.46518
113.0,131.3152
297.0,278.8851
426.0,398.4883
106.0,133.86916
145.0,135.71776
67.0,67.1212
100.0,115.85558
267.0,257.60544
59.0,64.632576
58.0,59.893917
353.0,301.62482
90.0,104.48615
88.0,91.75797
160.0,128.3699
132.0,131.32716
190.0,173.96483
340.0,351.42288
295.0,286.06277
108.0,96.75404
500.0,371.22147
91.0,102.081436
162.0,187.03163
59.0,81.05629
43.0,60.647514
285.0,194.86674
492.0,481.4752
134.0,135.22218
247.0,212.17232
132.0,132.20042
329.0,313.33994
132.0,132.20042
500.0,486.44785
141.0,157.69844
241.0,210.89865
82.0,122.23709
153.0,219.27075
124.0,111.93076
84.0,100.66852
218.0,196.51569
335.0,330.2728
138.0,127.72106
314.0,308.15875
388.0,412.70526
132.0,132.07416
91.0,87.350075
190.0,154.9602
132.0,131.90591
148.0,150.21442
59.0,65.57975
194.0,173.95998
324.0,315.53397
36.0,64.23626
132.0,131.90591
336.0,316.57098
132.0,308.13028
126.0,90.47249
132.0,132.07416
500.0,483.7434
132.0,133.0593
267.0,134.5469
70.0,86.76439
199.0,186.16127
103.0,117.82582
110.0,150.43642
88.0,83.57545
109.0,121.284645
136.0,141.26167
132.0,132.20042
58.0,54.017918
128.0,156.32889
500.0,467.53546
303.0,285.5591
41.0,62.069992
43.0,65.21922
77.0,82.99788
102.0,104.17474
132.0,124.84949
248.0,128.64357
52.0,58.40425
80.0,94.31693
132.0,132.07416
136.0,144.78148
119.0,116.19402
132.0,79.848495
335.0,313.4499
172.0,165.11479
106.0,130.13817
324.0,324.85403
189.0,194.85065
93.0,103.42436
97.0,114.69037
87.0,78.4352
132.0,132.1599
199.0,233.1096
80.0,73.408195
323.0,337.65884
97.0,118.941444
394.0,418.1513
322.0,301.8915
59.0,47.293736
105.0,130.91502
158.0,150.4172
132.0,132.20042
64.0,54.419296
269.0,295.14017
118.0,110.06953
355.0,318.71158
315.0,273.88446
346.0,350.92648
84.0,79.799614
321.0,323.42395
132.0,132.20042
135.0,137.41542
100.0,100.43143
132.0,132.07416
102.0,138.45859
73.0,80.28387
138.0,134.36751
281.0,293.26483
101.0,86.66145
132.0,114.96965
69.0,93.50932
91.0,109.941826
107.0,127.077126
155.0,178.64085
41.0,63.633144
160.0,152.55743
363.0,365.72702
369.0,342.38675
113.0,125.353584
240.0,236.17908
132.0,131.69958
88.0,87.76734
80.0,108.939766
134.0,90.51876
29.0,39.806633
132.0,131.97598
132.0,132.20042
112.0,113.05964
25.0,39.71399
132.0,93.372375
274.0,287.8364
132.0,132.20042
421.0,389.78314
137.0,163.97444
129.0,117.84975
45.0,45.568104
132.0,132.20042
434.0,343.769
105.0,107.947876
51.0,56.306656
322.0,317.06076
132.0,132.20042
102.0,100.88832
92.0,87.114296
182.0,148.80083
257.0,166.1744
338.0,299.5367
56.0,66.31032
27.0,61.42204
403.0,317.82968
70.0,82.635445
132.0,132.20042
435.0,492.64868
132.0,131.90591
132.0,147.75954
165.0,137.59894
132.0,132.20042
72.0,72.13035
132.0,129.50424
186.0,135.32321
67.0,80.39991
166.0,113.65694
132.0,132.20042
132.0,308.03876
132.0,131.69958
135.0,138.04816
57.0,56.858433
260.0,288.39398
132.0,132.20042
500.0,478.96033
253.0,238.42813
389.0,354.29025
187.0,214.6382
132.0,131.69958
269.0,203.9393
132.0,122.99047
281.0,259.35138
427.0,409.49567
151.0,180.67798
103.0,105.50143
303.0,291.3814
83.0,95.0316
91.0,89.48103
76.0,75.36946
132.0,131.90591
325.0,289.68744
348.0,350.2757
500.0,497.37582
82.0,78.055244
474.0,438.1494
256.0,294.64465
134.0,178.63733
46.0,67.57966
74.0,96.49129
331.0,330.5205
137.0,106.18381
36.0,48.79893
92.0,100.22845
80.0,89.01968
127.0,204.007
109.0,111.44879
178.0,92.86217
119.0,122.15913
313.0,291.63315
191.0,178.78732
174.0,177.31934
465.0,393.6492
256.0,232.80873
122.0,109.187065
318.0,262.9442
40.0,58.23376
322.0,307.54037
366.0,359.04413
91.0,90.23798
132.0,132.20042
331.0,343.63962
56.0,60.476826
93.0,103.36337
90.0,102.10018
431.0,399.89746
56.0,70.798706
132.0,132.07416
132.0,371.2884
98.0,91.67431
286.0,463.37396
500.0,474.39725
132.0,139.65665
136.0,98.87238
47.0,54.522293
99.0,108.575645
132.0,132.20042
132.0,132.20042
124.0,135.87361
132.0,66.40718
86.0,99.31711
258.0,241.25578
145.0,132.591
385.0,378.35037
346.0,312.16476
132.0,131.48776
123.0,158.33076
132.0,132.1599
226.0,204.68071
116.0,114.751785
139.0,127.05017
102.0,118.416725
123.0,95.1315
138.0,148.69522
85.0,80.23342
80.0,97.68761
83.0,98.18455
131.0,141.89482
260.0,242.72556
132.0,132.07416
60.0,64.134315
56.0,62.322342
289.0,273.0494
61.0,87.330795
109.0,115.91792
433.0,451.05505
132.0,132.20042
122.0,107.1642
132.0,131.90591
132.0,131.69958
132.0,133.16216
261.0,194.12852
109.0,110.84062
273.0,264.64407
140.0,139.6951
44.0,73.35242
192.0,182.9191
132.0,107.16065
134.0,114.074036
132.0,132.20042
132.0,61.030968
159.0,231.65596
94.0,102.05794
500.0,499.04446
124.0,109.95961
318.0,256.6045
132.0,142.91133
34.0,44.797
50.0,62.11571
132.0,131.77528
201.0,201.82072
99.0,106.10584
74.0,67.224815
149.0,166.61069
120.0,120.38377
132.0,131.77528
315.0,294.54636
119.0,103.24005
376.0,371.7128
229.0,224.4819
80.0,69.48515
122.0,90.8895
28.0,40.802685
189.0,192.29413
132.0,191.16
336.0,318.4852
132.0,351.5575
103.0,91.19943
348.0,338.97528
132.0,132.20042
132.0,169.4851
61.0,99.24005
68.0,92.33876
226.0,199.45404
52.0,52.907295
132.0,174.3515
89.0,87.30381
500.0,475.01126
114.0,107.51822
350.0,308.76578
142.0,116.527145
84.0,80.99765
91.0,84.914734
107.0,110.10783
132.0,131.4748
35.0,45.712963
201.0,172.33333
127.0,112.42496
98.0,97.406075
41.0,57.976128
428.0,393.05045
110.0,123.571884
49.0,58.116737
99.0,117.297615
84.0,98.870605
132.0,131.90591
96.0,106.364044
73.0,90.5044
345.0,360.4231
222.0,233.66011
254.0,228.04979
361.0,370.36215
192.0,165.36217
157.0,163.80711
91.0,91.5034
230.0,216.33194
123.0,141.9983
427.0,400.3533
101.0,113.61024
47.0,85.545204
337.0,327.45206
82.0,103.61606
132.0,125.24171
132.0,131.90591
132.0,132.20042
198.0,220.63158
329.0,250.11935
304.0,283.32166
500.0,486.98135
132.0,131.90591
86.0,87.0107
55.0,50.649616
159.0,167.74333
14.0,65.756386
132.0,110.44724
19.0,65.50582
60.0,54.35453
85.0,79.0685
135.0,130.6781
132.0,132.20042
124.0,129.48607
132.0,131.68916
38.0,43.266823
375.0,400.02087
99.0,97.72341
370.0,400.98593
161.0,158.12866
43.0,47.54654
88.0,116.69259
132.0,63.83041
102.0,103.62029
97.0,116.20505
482.0,461.89105
110.0,113.76751
132.0,131.77528
132.0,132.20042
38.0,40.934612
170.0,182.21332
88.0,84.44735
92.0,100.623474
132.0,132.1599
124.0,120.40957
104.0,97.112915
132.0,129.68233
101.0,97.51724
132.0,131.6951
94.0,112.72821
52.0,47.748676
174.0,206.98056
76.0,81.592834
186.0,124.82054
229.0,230.74767
170.0,174.88191
132.0,132.20042
228.0,249.07227
77.0,79.101524
136.0,144.02571
75.0,88.068825
132.0,124.73386
78.0,99.58474
89.0,103.69146
133.0,115.170074
194.0,160.14362
132.0,130.60976
132.0,123.30817
137.0,150.048
128.0,106.36058
212.0,205.60056
129.0,118.72928
175.0,155.35863
81.0,102.29055
500.0,414.0113
89.0,99.632805
89.0,95.22927
45.0,54.09316
98.0,110.73416
97.0,95.00697
81.0,106.71555
195.0,194.49475
67.0,72.93295
112.0,106.304634
392.0,380.8358
263.0,200.735
27.0,38.677177
172.0,121.884445
91.0,70.50005
43.0,54.560703
132.0,131.32716
288.0,220.49843
500.0,486.5426
74.0,82.4553
419.0,482.80734
378.0,281.2376
250.0,239.94057
89.0,69.560135
32.0,39.2531
132.0,132.20042
167.0,152.75507
115.0,124.9601
194.0,157.68762
422.0,429.68713
132.0,131.9903
146.0,138.23009
132.0,132.20042
94.0,92.72596
412.0,389.20856
338.0,363.4075
129.0,141.84499
322.0,320.37048
99.0,112.586105
147.0,136.26819
500.0,354.25232
132.0,121.1954
109.0,107.217064
312.0,299.00516
132.0,131.90506
132.0,135.70403
109.0,118.323685
120.0,130.74289
107.0,113.076744
132.0,109.784454
98.0,87.55196
132.0,134.029
49.0,47.76879
61.0,83.47905
61.0,68.14993
132.0,132.1599
362.0,337.05838
132.0,132.1599
100.0,95.80997
500.0,495.6113
284.0,146.1879
113.0,110.29578
72.0,80.51501
132.0,131.98524
97.0,125.36978
72.0,79.29927
33.0,132.20042
85.0,108.42666
161.0,136.8667
132.0,132.1599
136.0,141.19916
233.0,278.41748
137.0,136.34526
85.0,119.08272
108.0,109.42797
327.0,339.0145
122.0,126.73587
51.0,54.543125
132.0,132.1599
53.0,60.735836
175.0,175.7434
132.0,132.20042
171.0,200.62695
170.0,194.09293
132.0,132.20042
399.0,391.65695
132.0,132.20042
132.0,132.07416
132.0,244.33337
132.0,132.20042
246.0,125.45964
93.0,108.844154
141.0,149.29854
132.0,132.20042
77.0,71.90768
132.0,132.20042
242.0,277.03308
101.0,101.4168
56.0,77.67982
122.0,135.81717
98.0,96.079666
132.0,132.07416
263.0,273.03204
390.0,377.49442
132.0,76.223885
168.0,128.25632
186.0,186.52484
84.0,94.58137
109.0,90.77415
336.0,330.75815
333.0,330.16418
142.0,138.02348
132.0,129.74426
132.0,132.20042
132.0,132.20042
114.0,128.4598
116.0,137.19478
181.0,188.69801
52.0,49.37988
98.0,92.82272
418.0,460.88602
132.0,131.77528
171.0,176.76797
72.0,81.37255
252.0,273.65762
103.0,94.58878
34.0,37.617676
211.0,208.08212
293.0,279.06754
500.0,447.4566
112.0,119.17923
107.0,117.45315
132.0,132.20042
298.0,291.2102
65.0,72.78214
394.0,367.00418
135.0,72.31092
91.0,81.35099
315.0,252.75659
105.0,124.3871
78.0,125.99036
84.0,77.11197
132.0,131.90591
70.0,84.7364
85.0,90.37466
94.0,92.96864
132.0,199.41655
313.0,272.08356
132.0,131.90591
403.0,416.6488
132.0,132.20042
67.0,85.79248
270.0,201.1445
132.0,308.0803
62.0,85.324615
132.0,132.20042
91.0,106.467674
132.0,131.90591
124.0,146.4579
132.0,132.73468
191.0,220.1422
308.0,312.95517
36.0,161.49754
132.0,115.283966
132.0,132.20042
345.0,370.96448
132.0,131.90591
50.0,66.66908
121.0,145.77167
77.0,80.362854
50.0,69.81119
132.0,131.98524
152.0,159.29218
321.0,341.64252
132.0,312.3919
64.0,76.3867
136.0,150.53383
66.0,85.33825
132.0,132.20042
118.0,106.81466
259.0,297.13672
353.0,345.50604
132.0,132.20042
215.0,233.5802
120.0,105.141914
84.0,87.90562
88.0,105.90889
114.0,122.84022
438.0,416.06152
195.0,219.04617
76.0,69.341095
83.0,71.71108
132.0,131.98093
42.0,52.795033
45.0,53.622204
315.0,388.8229
346.0,347.4086
266.0,248.26683
403.0,403.87817
447.0,439.21063
71.0,82.252556
96.0,91.46181
120.0,128.21773
132.0,132.20042
100.0,99.99258
47.0,55.749924
84.0,98.255905
76.0,71.90041
132.0,128.38885
244.0,283.3997
71.0,77.65024
132.0,132.20042
44.0,54.21883
247.0,257.63547
66.0,52.304157
257.0,129.93669
378.0,335.8077
48.0,65.20124
132.0,122.69636
132.0,118.58164
59.0,67.419586
132.0,132.20042
121.0,144.0349
397.0,356.31134
111.0,99.11129
103.0,108.121796
340.0,344.30383
341.0,320.6814
120.0,120.349
303.0,319.62088
132.0,132.20042
115.0,94.28169
225.0,282.16342
132.0,132.20042
61.0,81.04141
52.0,49.46459
350.0,361.3543
60.0,63.601383
198.0,122.7898
299.0,285.4873
132.0,132.1599
132.0,132.1599
242.0,235.03581
202.0,192.57123
466.0,391.74774
399.0,360.0133
138.0,129.12106
132.0,132.20042
132.0,148.56766
132.0,132.07416
140.0,202.02554
113.0,106.58492
170.0,144.62276
225.0,168.41649
132.0,132.20042
133.0,126.60532
334.0,315.2605
139.0,137.1715
30.0,53.35554
321.0,307.08246
87.0,93.588356
92.0,107.968666
388.0,366.34964
90.0,91.987915
288.0,290.89468
388.0,415.59335
100.0,125.15767
372.0,380.74844
132.0,131.90591
327.0,352.12094
132.0,132.20042
93.0,103.00843
46.0,58.257977
96.0,96.00302
155.0,182.16205
132.0,132.07416
461.0,466.00772
159.0,188.7841
274.0,286.96793
132.0,124.78746
337.0,349.82785
142.0,104.558174
98.0,100.18614
302.0,271.90955
246.0,243.64189
378.0,406.79877
342.0,360.76434
115.0,123.1374
287.0,226.2403
104.0,115.028946
325.0,293.18304
103.0,92.90168
37.0,58.56144
153.0,158.96877
124.0,114.21767
132.0,131.90591
100.0,106.67749
35.0,44.47016
298.0,289.01895
275.0,284.2153
132.0,83.13006
79.0,99.16554
128.0,164.47336
225.0,201.74591
176.0,180.14908
94.0,82.73428
83.0,128.90027
500.0,495.70047
268.0,268.43106
237.0,245.04802
349.0,319.67194
132.0,132.20042
132.0,312.6812
75.0,88.746155
214.0,208.17317
367.0,337.3264
500.0,470.98566
418.0,391.93335
292.0,268.9594
45.0,48.26098
107.0,105.5873
132.0,131.69958
132.0,130.52682
60.0,71.983826
94.0,112.77274
326.0,312.94763
273.0,213.55539
88.0,86.78232
132.0,132.20042
388.0,410.62128
87.0,114.77853
132.0,132.20042
146.0,90.3503
139.0,125.850105
262.0,258.4323
130.0,179.1518
40.0,50.765575
336.0,306.95496
63.0,58.00226
198.0,206.31549
78.0,69.37623
60.0,63.455734
88.0,102.37271
266.0,265.32803
25.0,57.827698
196.0,208.25256
80.0,82.517044
293.0,277.44183
287.0,273.36823
132.0,132.07416
131.0,131.99072
99.0,124.76337
132.0,132.20042
500.0,398.30768
97.0,100.130264
68.0,61.480328
56.0,78.96935
132.0,132.07416
450.0,464.4306
132.0,132.20042
221.0,212.87093
95.0,89.54151
132.0,131.53435
206.0,174.04759
178.0,183.03123
124.0,138.03185
70.0,72.2771
111.0,132.20042
132.0,131.90591
161.0,176.70093
132.0,131.73962
107.0,130.11205
146.0,131.10402
40.0,67.136024
132.0,132.20042
54.0,56.90187
183.0,183.13733
132.0,132.20042
132.0,105.445
162.0,157.01799
427.0,382.99994
132.0,128.26071
132.0,132.20042
53.0,54.379173
113.0,100.10613
215.0,210.73224
132.0,118.77529
297.0,272.83673
132.0,132.20042
497.0,480.3336
132.0,132.20042
72.0,77.275536
52.0,70.087906
102.0,102.77409
75.0,92.35715
500.0,476.72418
247.0,273.75574
136.0,136.21516
106.0,99.139854
363.0,321.7081
45.0,56.38449
31.0,66.35631
132.0,129.26999
132.0,75.27878
132.0,130.72617
113.0,126.78583
232.0,229.54427
134.0,108.38532
304.0,282.5952
75.0,92.921074
102.0,113.46407
99.0,108.12336
132.0,131.77528
132.0,68.905815
270.0,273.47003
358.0,336.6642
400.0,355.68823
112.0,157.3287
63.0,82.88668
132.0,131.16664
134.0,143.652
246.0,245.44719
102.0,106.6441
73.0,80.63771
93.0,88.82133
288.0,264.15308
175.0,198.73474
178.0,156.77628
138.0,174.55333
101.0,118.17633
77.0,76.876015
136.0,127.010445
439.0,460.6849
126.0,149.62347
100.0,95.61595
255.0,244.81819
171.0,170.05333
58.0,74.41867
132.0,132.07416
248.0,164.84615
132.0,132.07416
134.0,133.49042
231.0,212.09761
132.0,131.90591
47.0,59.18359
351.0,339.25122
132.0,132.20042
132.0,132.20042
320.0,303.15134
140.0,166.89302
132.0,131.6951
139.0,184.55606
103.0,90.653694
359.0,317.53268
337.0,323.27554
208.0,219.37766
56.0,67.358246
379.0,400.62054
132.0,132.272
481.0,437.06296
327.0,303.6764
64.0,74.08698
315.0,354.82758
103.0,126.990204
107.0,112.404686
255.0,288.7376
88.0,91.33902
87.0,60.732365
132.0,110.87574
56.0,91.34773
101.0,109.02802
64.0,73.616196
156.0,166.8731
118.0,125.77842
35.0,45.18916
98.0,76.04544
132.0,132.20042
71.0,72.3261
89.0,77.40199
110.0,121.030556
65.0,79.31971
348.0,342.42902
209.0,224.13403
80.0,101.24745
137.0,135.84813
132.0,137.24326
79.0,66.14274
132.0,131.2397
57.0,68.223274
117.0,116.03814
312.0,302.03467
117.0,112.988014
149.0,169.88376
338.0,361.192
66.0,75.754745
92.0,118.47057
132.0,63.21575
58.0,64.43713
132.0,131.05113
116.0,112.798485
132.0,131.086
368.0,302.32065
132.0,132.07416
156.0,117.73868
84.0,97.291504
330.0,369.70578
20.0,34.84815
79.0,73.1151
82.0,120.57802
132.0,246.07764
86.0,103.19812
58.0,63.788708
132.0,131.90591
132.0,135.61357
138.0,143.93524
231.0,240.89725
132.0,120.45106
132.0,130.40773
438.0,373.25854
143.0,130.17781
144.0,124.78848
102.0,77.61097
132.0,132.07416
132.0,131.90591
98.0,97.4643
350.0,324.0999
132.0,131.7417
258.0,238.51549
110.0,110.93704
151.0,157.99728
368.0,394.34387
398.0,457.597
99.0,87.68244
68.0,83.07552
500.0,432.42624
363.0,321.26804
146.0,134.81987
33.0,40.004128
283.0,224.31828
132.0,132.20042
149.0,138.39227
137.0,148.63354
319.0,357.19098
363.0,403.8652
108.0,117.52184
42.0,56.554317
138.0,157.2579
132.0,131.47852
338.0,309.41574
500.0,440.6681
500.0,439.91812
190.0,210.23946
111.0,128.64789
132.0,132.1599
331.0,318.65845
131.0,163.6335
203.0,166.29205
71.0,62.616783
101.0,88.20772
65.0,65.07093
120.0,124.3853
175.0,139.91403
299.0,315.62186
132.0,132.20042
107.0,127.43196
132.0,132.20042
132.0,134.8615
331.0,327.1842
132.0,132.20042
60.0,76.31991
179.0,211.2856
119.0,105.72647
175.0,205.89528
132.0,121.72102
48.0,46.452103
132.0,131.23027
134.0,118.28254
217.0,209.40926
77.0,55.432465
37.0,50.64224
353.0,384.88437
107.0,131.74695
82.0,137.17401
66.0,132.20042
160.0,180.01688
132.0,132.20042
476.0,430.19107
318.0,310.68906
142.0,139.2142
311.0,290.75668
140.0,136.83215
132.0,127.88061
132.0,142.62816
167.0,195.06679
76.0,76.796616
73.0,79.66204
132.0,130.72202
132.0,132.20042
92.0,93.5474
59.0,71.17197
400.0,397.0284
114.0,127.56843
122.0,116.500916
138.0,129.37238
63.0,54.328175
67.0,65.8021
132.0,124.85986
131.0,141.48859
328.0,316.97586
290.0,296.8985
132.0,52.86869
151.0,171.49966
94.0,81.14249
181.0,198.30318
132.0,138.28445
132.0,132.20042
320.0,259.40582
127.0,118.52944
119.0,144.98555
143.0,178.73303
104.0,96.75495
139.0,165.94516
132.0,139.43262
228.0,133.19308
132.0,132.70401
338.0,341.87277
43.0,62.78846
324.0,284.09903
93.0,82.8966
204.0,196.2288
330.0,318.85956
103.0,114.393486
132.0,131.90591
110.0,111.93484
95.0,130.527
195.0,218.61804
270.0,259.49347
161.0,156.04362
236.0,250.0436
132.0,176.13231
132.0,132.20042
280.0,262.84705
169.0,182.70296
132.0,132.20042
69.0,108.63328
132.0,119.871826
93.0,95.422104
100.0,104.561066
129.0,132.1558
51.0,55.41034
132.0,132.20042
132.0,132.20042
38.0,44.65633
132.0,109.84319
98.0,108.86648
106.0,116.764854
62.0,75.49279
133.0,136.80928
188.0,208.96739
235.0,259.8037
215.0,217.57089
35.0,47.116383
500.0,479.59335
132.0,132.20042
255.0,257.84824
161.0,177.20604
207.0,147.0262
132.0,132.49658
305.0,313.44077
255.0,222.50394
183.0,167.16695
414.0,424.46518
115.0,117.34629
132.0,122.59365
398.0,385.30136
88.0,101.81609
216.0,178.02429
58.0,70.28909
96.0,101.69614
113.0,134.31944
61.0,66.82007
374.0,350.2264
150.0,200.86467
158.0,160.13101
132.0,132.20042
95.0,114.57854
183.0,185.33073
55.0,77.244934
107.0,116.924446
129.0,83.23356
500.0,485.3426
76.0,82.63808
104.0,120.49719
77.0,66.387314
63.0,69.126595
246.0,228.03963
113.0,105.674934
83.0,71.698044
247.0,246.68008
266.0,271.98288
352.0,319.14908
381.0,382.4593
121.0,123.217575
111.0,91.38239
348.0,310.49054
82.0,63.062027
303.0,274.9492
111.0,123.14971
132.0,132.20042
132.0,116.06051
122.0,118.60066
170.0,158.50128
69.0,84.17404
402.0,382.36215
100.0,121.3904
500.0,465.38443
52.0,49.119072
298.0,321.522
46.0,75.04464
500.0,485.7671
107.0,113.03672
116.0,127.45299
112.0,109.089005
356.0,321.35666
126.0,117.78886
162.0,163.2253
244.0,283.2717
132.0,132.20042
95.0,107.79518
432.0,455.5567
232.0,327.25705
111.0,107.8232
132.0,124.83183
49.0,66.78213
104.0,80.24646
297.0,132.20042
216.0,217.27274
132.0,131.9903
390.0,356.04382
129.0,191.69037
129.0,129.57477
87.0,134.3445
64.0,73.19803
500.0,454.9141
140.0,145.82117
62.0,59.185402
35.0,80.05998
500.0,473.9465
305.0,234.02039
415.0,414.27463
132.0,132.20042
83.0,99.464294
125.0,134.98753
100.0,101.79919
180.0,198.15852
123.0,106.53955
346.0,305.61487
122.0,131.6644
120.0,119.74296
72.0,66.62828
500.0,428.71115
182.0,206.97702
87.0,69.56051
410.0,415.91626
173.0,184.26675
132.0,132.20042
132.0,131.90591
77.0,96.66942
500.0,501.9241
34.0,45.10663
364.0,312.75766
477.0,478.35242
132.0,132.79358
132.0,132.20042
219.0,169.20656
103.0,107.88669
45.0,59.83891
133.0,130.30464
162.0,169.88689
132.0,132.20042
431.0,414.77472
121.0,116.95509
325.0,358.06058
27.0,42.825394
171.0,166.77133
111.0,84.67453
132.0,122.11085
75.0,92.8541
147.0,149.12415
132.0,132.1599
300.0,324.52228
123.0,136.39458
99.0,128.29951
83.0,94.61195
323.0,341.59576
224.0,243.36687
257.0,305.6868
102.0,117.55897
336.0,347.14047
59.0,62.311974
287.0,280.77386
132.0,132.20042
334.0,233.67139
132.0,132.20042
234.0,189.40497
132.0,132.20042
134.0,138.11827
132.0,131.90591
415.0,427.3154
214.0,178.36783
132.0,132.20042
101.0,58.310406
296.0,289.8711
132.0,127.990425
54.0,71.60027
500.0,487.1698
311.0,311.20825
42.0,55.044044
103.0,98.96845
88.0,94.25723
220.0,242.97784
110.0,114.78896
58.0,74.39491
153.0,161.6326
198.0,241.18364
147.0,158.43831
143.0,172.4774
291.0,249.08769
262.0,247.62439
73.0,98.505844
124.0,117.325775
132.0,132.20042
132.0,132.1599
132.0,131.69958
218.0,226.02135
300.0,292.85608
95.0,97.47738
362.0,357.9567
104.0,116.52286
300.0,338.20554
89.0,72.09731
112.0,117.37957
278.0,263.7958
99.0,95.08897
155.0,152.03279
139.0,152.66234
334.0,304.87643
108.0,116.58559
172.0,189.08574
132.0,368.1746
132.0,131.9903
164.0,170.35779
86.0,110.202995
173.0,199.60927
130.0,148.46155
105.0,126.48212
107.0,128.81827
84.0,89.654625
132.0,132.33644
131.0,135.62816
149.0,173.52304
100.0,112.48415
112.0,104.06707
319.0,258.50616
132.0,131.9903
132.0,110.98733
368.0,365.9432
98.0,111.69521
35.0,44.903778
378.0,357.90665
132.0,131.77528
457.0,401.1554
172.0,98.293106
180.0,134.26282
132.0,132.20042
34.0,42.02449
360.0,328.1454
356.0,333.61597
56.0,69.65616
206.0,185.87794
86.0,94.86946
220.0,208.05684
113.0,119.80832
149.0,106.14333
118.0,134.971
54.0,60.84495
143.0,142.58026
90.0,75.06031
137.0,161.1106
238.0,271.79837
132.0,206.98805
321.0,331.4988
132.0,131.3124
132.0,132.20042
73.0,67.056946
99.0,120.25917
276.0,287.79218
132.0,131.9903
72.0,111.469345
132.0,131.01918
199.0,262.73395
36.0,46.641045
366.0,353.29105
97.0,80.59321
132.0,132.20042
297.0,239.70831
341.0,331.69125
98.0,118.8466
306.0,291.44138
213.0,190.25746
295.0,298.30304
183.0,176.65819
132.0,133.71454
309.0,326.64725
249.0,218.21065
91.0,93.05696
112.0,84.895164
252.0,192.47072
78.0,70.65009
79.0,86.84853
174.0,168.58574
132.0,132.20042
358.0,384.12366
79.0,103.34907
73.0,98.245155
309.0,306.4498
123.0,139.48016
87.0,70.50325
76.0,79.62598
112.0,106.050354
74.0,110.50678
330.0,324.51932
171.0,171.52701
361.0,355.47067
189.0,199.4064
287.0,215.6537
320.0,287.43625
236.0,131.57733
157.0,154.07016
98.0,106.5836
399.0,397.77078
132.0,134.88081
149.0,146.10533
234.0,223.04951
132.0,132.20042
132.0,134.69232
51.0,54.96019
73.0,79.53851
297.0,275.57532
84.0,102.851204
132.0,132.07416
132.0,132.20042
135.0,145.69658
49.0,54.83993
460.0,406.12613
132.0,212.51405
84.0,79.55912
235.0,234.43874
82.0,85.97375
155.0,127.71556
98.0,86.22611
298.0,326.8569
132.0,63.870518
54.0,62.711163
500.0,472.34714
132.0,132.20042
117.0,110.97396
54.0,79.26224
94.0,90.54592
170.0,143.31479
132.0,140.64055
132.0,132.20042
115.0,104.99718
500.0,340.20654
97.0,111.3829
192.0,149.75195
136.0,149.34596
388.0,376.22775
132.0,130.7502
102.0,110.196236
112.0,109.94526
76.0,72.25386
170.0,204.99268
90.0,84.08868
84.0,128.39261
61.0,68.36387
62.0,74.789604
132.0,140.412
285.0,301.70984
305.0,288.18808
170.0,171.02657
102.0,122.84444
72.0,83.935844
94.0,139.81125
132.0,92.829254
74.0,80.99015
60.0,86.32812
106.0,119.14447
267.0,283.90494
312.0,288.6469
132.0,114.904976
231.0,263.32013
188.0,178.84842
132.0,116.24037
52.0,73.11841
95.0,88.84419
148.0,159.94708
130.0,145.80952
255.0,222.71454
320.0,318.5749
41.0,70.05744
134.0,160.43356
59.0,73.02947
33.0,45.265244
109.0,106.48597
132.0,116.26459
78.0,113.85786
170.0,143.21205
71.0,73.60795
67.0,58.758343
35.0,40.551888
132.0,131.90591
161.0,277.41913
391.0,400.27313
132.0,131.90591
176.0,212.00362
132.0,108.77607
107.0,125.47451
103.0,125.85781
279.0,231.01448
99.0,106.305435
152.0,138.17004
74.0,57.51522
147.0,160.87167
102.0,91.538925
54.0,73.722374
272.0,346.93716
147.0,142.26425
59.0,59.77721
498.0,437.31577
199.0,192.98938
318.0,288.47153
132.0,132.1599
94.0,76.3534
113.0,65.14634
93.0,95.71413
250.0,243.71939
100.0,108.98842
46.0,61.88141
53.0,65.05002
132.0,132.07416
132.0,62.99415
49.0,57.83354
179.0,209.10905
109.0,118.06149
369.0,343.6324
346.0,338.18555
65.0,73.92405
132.0,129.6652
134.0,140.6102
158.0,94.59735
326.0,376.47128
190.0,201.27896
132.0,132.20042
115.0,126.04371
57.0,69.415016
132.0,131.90591
93.0,107.33557
125.0,104.88673
163.0,165.54622
132.0,136.91367
134.0,87.90521
132.0,106.36698
189.0,200.95395
500.0,132.20042
95.0,117.90949
120.0,113.99336
132.0,134.14713
114.0,113.544075
200.0,169.37448
202.0,207.72255
79.0,75.473404
314.0,323.80884
247.0,189.36186
87.0,96.26536
269.0,264.7099
168.0,204.97653
158.0,153.1566
71.0,92.922905
102.0,130.16568
149.0,140.69934
224.0,234.23239
186.0,195.06627
153.0,165.58395
167.0,174.5462
132.0,262.742
142.0,134.41307
94.0,95.26897
132.0,131.9903
362.0,376.9886
407.0,363.681
324.0,353.03384
158.0,156.15697
132.0,132.20042
111.0,116.78931
333.0,316.70364
99.0,93.392365
162.0,156.58862
250.0,230.57277
120.0,168.0719
132.0,132.20042
121.0,149.2091
128.0,157.46507
141.0,214.8983
98.0,95.51322
185.0,127.6776
47.0,66.50734
94.0,137.19116
250.0,315.29422
132.0,131.90591
113.0,124.19528
121.0,123.95048
308.0,282.28882
92.0,72.81938
90.0,94.22381
132.0,123.98107
69.0,63.30073
176.0,137.67627
113.0,115.46736
132.0,128.24734
111.0,99.38785
394.0,468.4026
107.0,122.882904
132.0,131.90591
111.0,111.5329
299.0,277.41116
52.0,69.636795
379.0,354.15652
132.0,131.3856
225.0,217.54715
339.0,353.08038
62.0,79.160645
210.0,184.5581
354.0,368.8646
137.0,142.90381
132.0,140.21405
148.0,106.80818
165.0,152.19112
146.0,132.43646
500.0,431.72125
132.0,131.24664
88.0,87.23462
132.0,131.90591
216.0,244.03667
66.0,86.25078
119.0,121.97966
43.0,77.46362
213.0,218.54396
355.0,352.07156
128.0,147.52203
132.0,133.82796
132.0,131.69958
43.0,61.298546
66.0,68.53024
97.0,82.06691
92.0,136.80869
132.0,132.07416
56.0,69.0422
161.0,159.99182
375.0,377.39185
153.0,136.65903
211.0,179.95619
94.0,93.33921
240.0,245.5434
87.0,118.88281
208.0,213.24098
250.0,273.64188
112.0,129.32317
132.0,131.69958
76.0,76.37954
132.0,131.90591
132.0,397.65213
133.0,139.05965
235.0,242.81223
91.0,89.648094
132.0,131.90591
132.0,131.90591
71.0,83.04201
132.0,127.0004
156.0,165.34969
88.0,98.8029
89.0,104.658966
190.0,173.90851
179.0,202.45891
136.0,70.8736
70.0,74.332306
284.0,236.90582
50.0,62.51407
185.0,88.25726
122.0,138.22008
194.0,228.70299
61.0,86.69052
335.0,309.75092
132.0,131.69958
131.0,108.17335
118.0,104.13736
235.0,300.89243
80.0,83.03961
132.0,131.69958
132.0,115.9882
228.0,216.50333
213.0,230.63594
243.0,256.56723
119.0,116.27742
61.0,68.97558
132.0,131.90591
83.0,120.934845
132.0,132.20042
132.0,131.90591
18.0,132.20042
476.0,472.60834
111.0,119.242714
257.0,236.71466
498.0,484.8631
132.0,132.20042
337.0,347.133
174.0,173.42337
347.0,319.94574
60.0,68.902054
118.0,137.4223
132.0,132.20042
74.0,65.02124
98.0,120.82275
132.0,131.77528
132.0,333.07455
32.0,64.00011
108.0,109.080536
132.0,137.7704
132.0,132.20042
123.0,143.66373
132.0,132.20042
128.0,132.02473
106.0,115.4546
65.0,67.31694
321.0,409.3911
117.0,106.73219
132.0,137.8323
43.0,57.08083
36.0,44.53953
132.0,125.790825
50.0,53.739277
132.0,132.20042
56.0,73.49422
66.0,70.38191
91.0,96.239456
132.0,131.90591
315.0,307.6345
56.0,56.661266
135.0,235.64687
385.0,430.71704
92.0,95.02697
80.0,104.39719
141.0,118.97372
132.0,132.20042
34.0,45.797768
109.0,105.03345
224.0,230.88803
184.0,230.30655
92.0,96.839806
84.0,78.85939
252.0,226.29529
132.0,156.31322
54.0,54.359974
172.0,159.17206
193.0,163.54504
133.0,110.96064
156.0,158.45544
132.0,131.69958
82.0,96.98827
125.0,119.92104
217.0,139.51654
132.0,132.20042
107.0,111.59674
132.0,123.12707
120.0,77.515
324.0,306.43
500.0,475.71494
155.0,162.11223
167.0,142.96463
117.0,137.867
132.0,131.77528
99.0,113.270836
132.0,131.9903
137.0,164.3635
80.0,85.563255
132.0,132.20042
278.0,258.36835
94.0,94.60793
75.0,81.31094
132.0,132.20042
52.0,67.3784
127.0,149.52197
132.0,131.77528
44.0,59.004894
284.0,256.2408
89.0,118.18845
103.0,134.46051
294.0,272.2568
56.0,60.85076
324.0,305.743
71.0,76.95911
366.0,408.63388
132.0,132.20042
108.0,107.151054
132.0,131.90591
132.0,132.20042
420.0,432.4046
202.0,218.7798
314.0,294.42426
129.0,107.79832
158.0,177.03639
69.0,92.55356
92.0,117.81876
132.0,100.476456
336.0,256.9866
114.0,87.793495
132.0,131.90591
168.0,135.33916
132.0,139.54683
102.0,116.546906
132.0,208.44327
62.0,42.152477
132.0,131.90591
10.0,65.477356
341.0,304.8511
226.0,238.20676
132.0,154.4582
219.0,209.16391
132.0,132.20042
115.0,105.03947
412.0,430.48975
319.0,297.6733
132.0,132.20042
349.0,368.7232
481.0,487.92126
184.0,200.4725
132.0,131.77528
60.0,73.25556
157.0,159.88156
132.0,132.20042
276.0,190.79854
132.0,122.94235
173.0,162.58118
216.0,210.60948
85.0,97.46637
362.0,428.06934
163.0,139.2847
47.0,59.59933
117.0,113.321556
112.0,69.47096
84.0,105.55064
171.0,159.61899
64.0,67.29101
68.0,70.66095
98.0,105.86396
122.0,122.37681
132.0,293.89877
66.0,84.38165
162.0,109.64744
284.0,235.58481
132.0,129.16838
132.0,132.20042
132.0,131.9903
397.0,385.9916
314.0,228.43796
467.0,497.89258
100.0,116.416756
92.0,100.1416
342.0,298.81525
237.0,184.81969
109.0,122.1262
30.0,39.25976
74.0,72.44038
132.0,131.90591
262.0,288.22208
43.0,52.97504
294.0,303.59406
132.0,132.07416
177.0,154.59805
161.0,149.29036
192.0,203.70802
153.0,147.31177
109.0,107.92038
132.0,131.95718
142.0,171.91116
132.0,132.20042
279.0,251.16783
316.0,324.8969
97.0,103.53015
136.0,123.78009
70.0,78.64596
71.0,63.37874
68.0,86.78053
132.0,74.861404
186.0,188.50014
168.0,206.3838
132.0,132.58742
132.0,132.20042
232.0,175.48663
310.0,283.57492
268.0,197.67973
309.0,305.8256
132.0,132.20042
80.0,92.67245
120.0,148.26445
313.0,316.65076
301.0,313.92407
342.0,297.641
120.0,120.472435
93.0,123.944046
132.0,131.90591
195.0,203.79236
345.0,315.1174
370.0,364.69897
184.0,193.60783
142.0,135.89323
144.0,71.42922
44.0,54.977993
294.0,235.85515
280.0,245.53589
163.0,173.22737
227.0,245.64636
132.0,132.20042
102.0,109.62063
148.0,284.92004
112.0,121.87543
139.0,157.21696
186.0,142.17671
333.0,372.2844
362.0,352.7506
116.0,128.20969
320.0,301.6949
132.0,132.07416
299.0,290.79147
132.0,70.24072
132.0,132.49658
33.0,42.8868
84.0,80.35891
73.0,72.48865
98.0,115.2097
132.0,78.60434
49.0,67.08509
85.0,112.29752
328.0,260.19342
304.0,268.21725
139.0,112.12478
156.0,135.76236
180.0,179.5167
53.0,57.977795
132.0,184.25911
444.0,408.0585
195.0,195.47237
361.0,332.24747
216.0,172.85011
425.0,423.12393
97.0,107.63723
396.0,372.22302
169.0,158.08562
344.0,276.3773
119.0,125.074234
132.0,133.48611
132.0,132.20042
99.0,92.338234
112.0,116.881325
52.0,56.386242
301.0,277.5133
307.0,305.49637
137.0,157.40955
134.0,139.3102
117.0,74.36003
243.0,210.80658
280.0,280.09967
201.0,192.49672
78.0,78.25678
93.0,196.34732
90.0,116.76305
114.0,109.83282
103.0,101.76626
70.0,119.21684
132.0,132.1599
73.0,96.314995
132.0,132.20042
123.0,116.454094
132.0,132.20042
93.0,108.92538
132.0,132.20042
132.0,126.48527
110.0,91.43943
104.0,109.67595
112.0,94.2736
94.0,99.05336
222.0,258.72052
117.0,136.18936
117.0,100.33089
59.0,66.53484
30.0,36.238785
109.0,84.82847
434.0,410.41803
120.0,125.94842
102.0,126.41429
127.0,111.3648
52.0,63.87696
277.0,247.03957
65.0,83.34354
127.0,104.37581
132.0,132.20042
132.0,132.26305
214.0,109.991035
154.0,140.69496
97.0,94.666176
302.0,286.61118
60.0,72.83268
87.0,67.87763
147.0,151.23087
132.0,131.90591
305.0,285.42142
60.0,109.235
136.0,112.46039
500.0,446.0424
132.0,131.77528
108.0,87.39586
48.0,61.786602
271.0,353.58398
99.0,97.58691
325.0,303.38272
284.0,306.18887
132.0,131.15143
70.0,95.8599
77.0,76.936455
132.0,128.02692
132.0,132.20042
47.0,70.806915
261.0,291.50333
132.0,140.68962
97.0,105.410774
150.0,211.70663
132.0,122.33019
189.0,203.43616
96.0,121.39776
123.0,102.9814
314.0,357.78967
106.0,108.63679
82.0,82.07639
132.0,131.90591
132.0,80.580185
103.0,119.72209
132.0,131.90591
168.0,151.56508
483.0,434.56497
259.0,203.88702
132.0,131.90591
73.0,69.33618
166.0,172.84747
68.0,66.42868
460.0,453.23752
322.0,349.52316
134.0,138.193
132.0,132.90761
42.0,65.13346
282.0,255.96623
153.0,164.25186
132.0,132.1599
58.0,59.32114
132.0,132.20042
68.0,65.05536
72.0,76.69027
297.0,302.33572
132.0,132.20042
100.0,122.12949
253.0,211.04114
87.0,87.14245
91.0,69.99364
66.0,79.80204
90.0,104.90228
205.0,190.45468
192.0,131.96501
82.0,98.80355
114.0,123.67049
53.0,63.925877
83.0,118.17117
39.0,55.568985
126.0,94.51639
133.0,130.18347
48.0,60.868073
325.0,308.49988
132.0,132.07416
154.0,133.07756
132.0,132.20042
128.0,131.27228
132.0,132.20042
77.0,101.382355
108.0,122.65374
46.0,48.001175
92.0,84.69901
219.0,222.47987
142.0,172.76741
356.0,351.20197
129.0,122.011185
439.0,372.81738
224.0,107.32629
50.0,67.94399
283.0,325.44946
302.0,412.32608
286.0,262.62018
143.0,145.80597
105.0,110.36552
132.0,131.1703
132.0,126.106
246.0,285.1293
269.0,234.01163
119.0,120.76729
166.0,147.86226
76.0,117.64894
45.0,46.728252
283.0,284.40604
152.0,167.92378
317.0,315.59555
51.0,59.465206
122.0,107.60606
439.0,396.71573
319.0,293.46466
133.0,155.44893
303.0,246.8715
99.0,89.94023
131.0,153.25446
47.0,117.89656
358.0,372.18738
132.0,131.77528
132.0,132.20042
500.0,496.4619
448.0,462.84775
132.0,304.76205
159.0,131.90016
132.0,131.90591
68.0,74.24826
438.0,432.99878
132.0,131.77528
103.0,115.01199
48.0,53.586246
70.0,69.004715
68.0,87.26725
132.0,129.59293
49.0,60.47322
87.0,90.35182
500.0,464.56143
184.0,167.88573
500.0,503.0109
83.0,69.03957
319.0,234.69592
135.0,116.653786
73.0,92.79978
104.0,109.85427
372.0,380.37845
63.0,70.677574
132.0,97.148384
132.0,341.12195
132.0,132.1599
105.0,113.33312
50.0,91.15229
219.0,209.4653
258.0,210.57268
85.0,106.6414
300.0,282.71658
159.0,124.181816
137.0,87.19975
132.0,131.90541
500.0,439.73294
366.0,296.96863
157.0,154.27783
132.0,132.49658
43.0,54.112434
128.0,112.68748
335.0,276.1733
46.0,57.77467
341.0,298.52573
105.0,106.78783
323.0,297.62088
42.0,54.673866
182.0,195.91396
343.0,143.28508
132.0,132.1599
132.0,132.20042
132.0,132.20042
118.0,128.07928
104.0,130.95506
195.0,69.413055
129.0,176.98784
77.0,80.646645
279.0,315.92642
112.0,143.10942
376.0,356.25735
110.0,123.654976
61.0,62.8296
288.0,294.1588
299.0,297.81732
135.0,92.84218
48.0,50.145947
146.0,171.9718
92.0,94.468315
73.0,88.685326
94.0,97.25568
72.0,78.24489
270.0,282.39993
164.0,157.57549
106.0,128.53206
127.0,136.58409
147.0,135.50615
97.0,102.852585
196.0,136.15761
277.0,275.36673
57.0,73.1778
132.0,132.49658
106.0,117.79661
136.0,155.76239
326.0,330.55554
173.0,190.40623
306.0,280.46674
195.0,104.810165
57.0,60.2756
132.0,132.20042
253.0,293.0359
346.0,318.2858
222.0,252.68787
73.0,74.03274
40.0,53.48142
64.0,79.62672
132.0,132.20042
18.0,34.730278
87.0,100.83914
76.0,80.10076
132.0,131.90591
101.0,98.77891
103.0,97.48414
132.0,132.20042
132.0,118.94537
132.0,131.26918
234.0,187.90855
62.0,82.11301
184.0,192.27374
132.0,118.87177
132.0,142.92969
104.0,102.48874
71.0,75.26649
195.0,199.58995
144.0,148.33655
58.0,105.70032
153.0,172.15157
132.0,137.14568
168.0,175.70102
64.0,79.13417
155.0,162.62929
87.0,90.8925
129.0,127.48772
112.0,111.091774
199.0,234.92009
95.0,141.17651
132.0,152.97104
153.0,221.39294
224.0,192.27849
122.0,92.26648
68.0,87.99103
80.0,102.37728
257.0,223.4788
500.0,474.7088
37.0,65.17479
132.0,132.20042
42.0,53.507977
49.0,55.101402
189.0,226.55414
98.0,102.47258
132.0,131.69958
366.0,380.7061
181.0,222.87204
150.0,163.33434
146.0,111.76077
85.0,64.51743
357.0,425.8029
343.0,327.18048
50.0,70.38189
145.0,159.63702
132.0,131.77528
128.0,115.80941
347.0,353.4137
147.0,163.29193
163.0,179.18918
324.0,336.3132
142.0,145.73837
108.0,134.18431
328.0,336.89206
141.0,126.950035
327.0,308.39716
132.0,132.20042
451.0,404.9601
38.0,40.48585
135.0,124.354195
312.0,277.48868
183.0,160.93427
132.0,99.35879
311.0,314.05795
263.0,257.19275
132.0,132.20042
132.0,160.17497
236.0,233.2365
54.0,81.46063
34.0,52.783436
132.0,132.07416
213.0,168.56184
48.0,48.16825
320.0,309.20197
205.0,213.38391
115.0,117.016685
48.0,65.243965
132.0,132.20042
500.0,460.26535
112.0,136.97691
193.0,237.2674
416.0,436.65668
80.0,101.89284
188.0,189.4547
347.0,372.52112
160.0,170.74239
218.0,227.98273
132.0,132.20042
132.0,132.07416
73.0,92.57528
143.0,138.33995
255.0,216.2637
78.0,64.37995
74.0,86.62728
137.0,98.11526
92.0,86.46004
68.0,129.77835
132.0,132.20042
100.0,77.68872
59.0,72.22351
407.0,426.8508
78.0,93.20458
203.0,223.97224
250.0,249.71605
286.0,285.1091
246.0,233.66956
429.0,430.829
92.0,99.982086
264.0,232.75546
404.0,423.99374
67.0,74.55993
144.0,149.42429
29.0,53.13473
171.0,176.74416
132.0,131.90591
132.0,132.20042
115.0,124.71134
132.0,132.20042
138.0,125.25019
120.0,103.513725
132.0,131.90591
132.0,132.20042
200.0,169.49063
210.0,229.29211
337.0,319.28662
255.0,223.35007
64.0,78.39236
228.0,149.92702
101.0,91.859795
360.0,315.7791
148.0,181.9502
121.0,140.04099
207.0,170.9368
132.0,131.9903
132.0,131.9903
262.0,266.20645
132.0,132.20042
62.0,56.393444
175.0,183.84755
62.0,64.76288
103.0,103.63623
121.0,137.1975
174.0,154.72401
45.0,52.314796
174.0,170.94963
70.0,71.88904
61.0,72.91129
41.0,60.62896
132.0,132.07416
132.0,132.07416
102.0,93.27086
68.0,82.64876
303.0,229.44452
132.0,223.18509
228.0,225.34741
104.0,103.46579
132.0,131.73962
132.0,131.77528
117.0,124.01824
50.0,56.915287
404.0,357.51764
81.0,78.66086
89.0,103.30209
132.0,131.9903
161.0,132.20042
106.0,119.96655
78.0,73.65566
132.0,139.15724
91.0,99.55211
78.0,83.432014
132.0,132.20042
377.0,374.8121
48.0,58.603252
146.0,133.47687
302.0,300.06897
64.0,85.17088
89.0,101.46815
283.0,217.61278
136.0,139.599
131.0,155.96086
124.0,120.370125
247.0,272.04904
306.0,132.59898
88.0,98.797325
132.0,61.006786
132.0,131.69958
100.0,81.631256
307.0,319.52087
132.0,132.20042
302.0,280.70282
154.0,269.90952
132.0,119.2486
183.0,110.639915
66.0,72.21204
132.0,132.65578
132.0,132.20042
76.0,65.04927
74.0,91.90544
305.0,269.1224
132.0,132.20042
370.0,373.89102
26.0,59.4995
333.0,276.31708
83.0,77.03654
165.0,200.58899
318.0,330.46017
188.0,192.11359
96.0,100.13514
477.0,443.2947
45.0,59.042915
50.0,47.249744
187.0,165.60959
132.0,126.31118
352.0,343.18448
500.0,483.9717
338.0,266.6112
132.0,132.20042
149.0,143.24521
450.0,372.36868
289.0,272.76797
80.0,137.61813
83.0,87.38219
340.0,308.00592
132.0,122.88412
72.0,72.66332
79.0,89.59303
132.0,129.70132
67.0,91.26001
361.0,344.2403
313.0,315.06357
156.0,191.65828
105.0,138.94308
102.0,115.08994
132.0,125.798
113.0,123.27836
46.0,63.08375
98.0,86.69473
123.0,141.78535
154.0,148.79619
73.0,80.94303
339.0,309.99896
312.0,326.16907
337.0,337.25186
132.0,132.20042
171.0,124.56826
342.0,346.5085
101.0,96.703255
78.0,80.651566
193.0,196.72275
256.0,246.30872
67.0,68.948906
120.0,114.0241
132.0,131.47852
132.0,132.07416
197.0,204.71907
19.0,34.96433
337.0,230.34262
150.0,154.12059
62.0,75.88469
48.0,67.57037
53.0,49.276394
132.0,132.20042
90.0,102.447205
114.0,117.07522
153.0,170.98257
85.0,80.278755
170.0,196.15372
64.0,61.74195
149.0,185.61884
145.0,137.53679
171.0,141.7648
319.0,249.25595
252.0,264.2063
106.0,114.61726
117.0,118.41461
111.0,110.732834
47.0,63.708225
132.0,127.825966
131.0,119.14596
300.0,270.8417
132.0,128.9426
132.0,132.20042
132.0,131.77528
164.0,170.49733
86.0,92.01108
84.0,94.15381
161.0,167.3245
319.0,336.66504
500.0,466.97192
150.0,141.0366
117.0,113.69483
132.0,131.77528
77.0,65.81484
96.0,95.47745
100.0,114.09284
303.0,294.32895
336.0,332.75357
312.0,310.94217
204.0,180.9439
207.0,132.16269
256.0,284.21207
95.0,73.70287
51.0,67.993355
264.0,220.65106
39.0,51.40334
132.0,119.53342
75.0,99.93644
132.0,114.548134
237.0,241.06412
141.0,123.4806
204.0,215.51707
229.0,136.59827
396.0,298.5927
204.0,193.74591
413.0,359.56696
78.0,68.35506
316.0,294.1222
325.0,296.14673
132.0,131.90591
178.0,197.91086
76.0,71.784904
132.0,131.98524
163.0,168.54555
136.0,131.30951
194.0,147.79312
132.0,146.10626
46.0,49.73803
73.0,145.53465
132.0,169.95137
132.0,84.227455
313.0,300.32587
42.0,62.899483
132.0,132.6754
297.0,280.18802
120.0,145.33685
32.0,69.937225
127.0,125.317345
282.0,245.49452
167.0,263.84943
25.0,46.990437
119.0,137.50047
326.0,332.7595
136.0,128.7582
132.0,132.20042
74.0,104.55672
132.0,132.20042
135.0,145.42146
36.0,63.368214
104.0,136.61736
132.0,132.20042
114.0,101.639366
132.0,96.31514
132.0,131.90591
231.0,201.5864
132.0,131.98315
118.0,123.17916
488.0,409.54404
336.0,291.08804
104.0,91.59555
145.0,123.429016
132.0,132.07416
384.0,387.97906
500.0,493.4243
227.0,230.37038
104.0,102.40037
146.0,151.08887
158.0,167.30896
94.0,116.05512
190.0,174.14735
255.0,241.96149
218.0,242.232
57.0,68.045815
78.0,65.443016
55.0,81.924385
181.0,171.79645
99.0,102.20402
61.0,67.28304
119.0,106.5784
185.0,192.16223
394.0,438.7275
72.0,124.86575
305.0,267.75122
48.0,51.929043
132.0,131.90591
100.0,95.40425
96.0,141.16307
115.0,129.69688
198.0,193.6535
108.0,136.58838
85.0,90.1039
78.0,68.719025
294.0,286.31177
348.0,347.6869
500.0,468.82065
132.0,132.1599
132.0,131.90591
427.0,401.0837
190.0,95.78265
122.0,102.29956
132.0,136.46506
350.0,322.83972
158.0,150.83374
86.0,74.97133
170.0,150.69855
87.0,128.98763
25.0,37.680077
132.0,132.20042
132.0,132.20042
96.0,95.75776
228.0,279.62354
87.0,88.716095
395.0,382.85007
262.0,244.50049
264.0,199.63715
128.0,116.212975
154.0,108.62068
89.0,116.752045
55.0,58.222523
132.0,131.90591
78.0,101.36935
129.0,118.147285
82.0,100.63645
132.0,132.20042
371.0,313.84705
270.0,202.90453
38.0,45.70537
57.0,60.097294
396.0,431.41803
86.0,93.51405
142.0,127.02722
335.0,337.50156
54.0,63.177628
82.0,105.90854
250.0,200.42143
291.0,310.0215
74.0,78.198044
132.0,132.20042
132.0,132.20042
491.0,446.41235
132.0,129.02864
238.0,309.97693
132.0,132.20042
381.0,371.57285
132.0,132.20042
90.0,100.89089
106.0,105.65239
108.0,98.19631
500.0,494.04938
60.0,63.24993
323.0,347.05045
135.0,148.91188
467.0,419.69833
208.0,185.01933
401.0,368.96448
71.0,89.059204
500.0,385.44934
105.0,108.9709
114.0,137.86703
396.0,396.42703
79.0,81.30958
132.0,131.90591
298.0,256.45227
90.0,91.5442
237.0,212.01065
350.0,385.3441
88.0,108.01025
132.0,132.1599
132.0,131.90591
148.0,149.20981
70.0,84.1156
113.0,113.61334
314.0,273.729
149.0,77.318054
220.0,233.60327
298.0,287.9289
132.0,270.76007
132.0,132.20042
340.0,332.31348
330.0,327.13443
345.0,346.7714
209.0,271.12173
61.0,60.14033
321.0,305.9935
402.0,375.60516
132.0,132.20042
60.0,103.78763
156.0,163.31958
72.0,80.62172
51.0,64.21043
263.0,234.65549
244.0,194.00774
164.0,150.22981
84.0,89.64669
132.0,132.20042
132.0,196.11456
107.0,102.6079
132.0,131.69958
500.0,465.42825
164.0,116.284744
49.0,54.460754
255.0,198.80087
500.0,488.77402
132.0,131.9903
132.0,111.195984
318.0,297.3942
404.0,364.14948
95.0,124.18655
82.0,138.77534
83.0,87.561485
49.0,55.221413
347.0,347.5066
132.0,127.70562
88.0,100.60756
224.0,175.88724
132.0,132.20042
393.0,400.37982
98.0,113.97369
135.0,143.33784
111.0,101.44485
152.0,137.74792
152.0,160.45946
132.0,132.20042
209.0,199.6084
372.0,340.45572
388.0,391.21353
132.0,116.84091
129.0,122.59922
332.0,323.7035
132.0,132.20042
151.0,160.35266
102.0,104.49607
132.0,131.90591
132.0,82.79911
170.0,205.5774
132.0,96.2763
144.0,135.39563
132.0,131.77528
132.0,125.95466
150.0,140.2955
323.0,336.14395
132.0,132.20042
124.0,131.83519
253.0,287.25613
95.0,113.463326
343.0,267.2563
418.0,418.09677
132.0,126.66231
132.0,131.90591
79.0,95.07001
154.0,171.05385
132.0,131.69958
261.0,244.14803
86.0,90.47956
227.0,233.74995
343.0,327.2977
348.0,351.9638
77.0,88.69775
396.0,340.3211
329.0,328.21854
100.0,133.45566
44.0,57.74541
439.0,400.9052
71.0,87.089386
103.0,101.938736
129.0,122.43056
109.0,98.63703
139.0,138.27327
273.0,291.89764
73.0,99.19346
101.0,105.27856
116.0,118.07632
330.0,313.35883
60.0,78.47989
318.0,330.52972
132.0,132.20042
180.0,195.39706
99.0,94.246605
500.0,393.06805
209.0,221.87952
54.0,65.74554
360.0,366.515
117.0,83.224915
92.0,102.621574
132.0,128.07948
185.0,178.67616
127.0,134.54607
163.0,156.04036
49.0,71.22719
134.0,145.84546
62.0,82.072945
114.0,114.91312
67.0,69.06374
69.0,82.82725
94.0,116.380165
118.0,87.85824
362.0,386.07874
59.0,54.1618
329.0,337.49738
53.0,56.73685
104.0,107.79784
347.0,328.17545
232.0,272.87122
161.0,146.05632
122.0,136.1634
55.0,47.287064
204.0,181.40529
106.0,101.804375
87.0,107.8186
132.0,132.07416
132.0,125.59317
80.0,103.182465
132.0,95.3235
86.0,118.13806
132.0,131.8972
64.0,57.49956
220.0,254.80063
120.0,154.06564
132.0,157.60408
399.0,435.07227
309.0,316.8256
132.0,156.38843
48.0,63.903378
119.0,143.74881
112.0,109.28499
43.0,56.419853
114.0,137.45154
47.0,56.923996
214.0,246.15382
94.0,113.80725
132.0,132.47246
102.0,116.754745
118.0,137.35901
234.0,227.44379
217.0,186.91017
132.0,137.46498
257.0,240.75098
359.0,345.84982
170.0,141.41565
132.0,132.20042
446.0,418.6809
56.0,60.49327
305.0,293.2749
284.0,302.375
132.0,131.90591
132.0,57.211334
232.0,236.8668
43.0,58.70996
50.0,60.032463
174.0,185.02892
132.0,131.90591
161.0,147.871
137.0,136.3702
172.0,186.13498
109.0,115.657906
96.0,139.7486
119.0,134.82945
87.0,117.57849
135.0,115.6793
132.0,132.20042
119.0,137.37794
237.0,284.46048
88.0,64.33466
181.0,166.7781
117.0,144.39493
260.0,272.4412
116.0,116.17489
175.0,212.57439
86.0,77.13349
112.0,127.0215
132.0,132.20042
337.0,370.7483
132.0,132.1599
156.0,130.20389
132.0,131.77528
100.0,98.285446
80.0,94.21525
117.0,110.89286
138.0,152.76048
295.0,285.83893
321.0,280.80865
312.0,274.63956
182.0,226.73752
109.0,106.32992
287.0,173.87256
132.0,131.90591
107.0,118.21185
127.0,144.16052
163.0,106.08709
126.0,128.38316
139.0,137.39119
74.0,83.61399
411.0,332.56134
132.0,133.80106
94.0,86.83321
297.0,314.972
125.0,124.73857
86.0,114.49761
202.0,209.5584
132.0,131.77528
137.0,133.10359
38.0,47.523224
108.0,109.59572
132.0,132.20042
114.0,106.64491
132.0,131.90591
66.0,68.73889
132.0,131.77528
132.0,64.5081
209.0,215.45036
444.0,405.94397
299.0,285.45145
301.0,286.67285
132.0,135.28825
313.0,289.45566
132.0,100.371475
40.0,51.978516
74.0,72.083435
180.0,123.956024
131.0,111.43084
56.0,66.28008
275.0,249.91293
132.0,96.6852
253.0,288.4218
47.0,45.543736
229.0,258.0087
59.0,73.661415
132.0,102.76657
132.0,131.9903
302.0,266.48758
62.0,73.655464
223.0,260.8847
82.0,94.08755
328.0,337.6876
132.0,131.90591
146.0,157.83131
301.0,270.19598
327.0,358.43396
153.0,167.81303
73.0,76.933426
132.0,130.82434
132.0,136.03615
118.0,133.68958
48.0,64.39474
132.0,118.99949
59.0,59.361378
272.0,267.63605
70.0,103.7193
198.0,209.47517
82.0,95.17479
116.0,122.34913
132.0,132.20042
477.0,357.7687
205.0,169.26949
105.0,108.91846
302.0,235.41074
397.0,476.41113
364.0,347.51514
164.0,106.1778
180.0,193.81828
122.0,133.97478
122.0,104.38717
151.0,155.68672
279.0,289.9436
293.0,304.75842
372.0,359.42422
111.0,98.055725
132.0,132.20042
322.0,322.91418
52.0,81.76242
128.0,132.20042
132.0,132.07416
268.0,298.7891
48.0,61.776802
132.0,117.619545
228.0,136.57365
373.0,363.39825
34.0,59.07442
132.0,146.11821
132.0,132.07416
198.0,222.35527
46.0,95.96683
312.0,301.22986
386.0,363.4332
299.0,295.90903
79.0,83.55003
200.0,230.30745
64.0,82.24002
132.0,132.49658
132.0,137.45564
93.0,96.65189
40.0,58.081043
144.0,123.190735
310.0,299.03915
113.0,129.93842
286.0,277.9284
65.0,71.759415
118.0,124.60928
128.0,129.42416
132.0,132.20042
133.0,144.71368
178.0,157.3712
57.0,71.871086
49.0,69.97005
213.0,166.91838
132.0,132.20042
294.0,319.25247
58.0,71.680664
162.0,184.4214
132.0,154.70973
202.0,287.4709
132.0,131.77528
83.0,63.83295
357.0,321.62747
54.0,67.66155
151.0,151.4391
87.0,97.008415
132.0,131.90591
351.0,348.34393
29.0,37.03902
116.0,141.3698
219.0,262.4613
54.0,71.6165
126.0,117.88319
101.0,119.996216
132.0,81.52497
178.0,182.49754
88.0,83.94093
302.0,319.2288
336.0,357.712
392.0,381.76633
73.0,92.10242
233.0,258.35394
76.0,85.63176
61.0,56.35641
154.0,142.72322
132.0,131.90591
132.0,215.3487
40.0,50.569927
53.0,66.356606
371.0,355.7734
62.0,77.63664
88.0,79.57817
214.0,186.04153
176.0,165.35094
500.0,470.4918
66.0,68.00715
92.0,100.09431
357.0,365.11755
55.0,67.385
51.0,44.602627
132.0,131.90591
190.0,189.83948
228.0,190.48656
101.0,93.59065
68.0,84.52587
93.0,95.85131
105.0,109.00628
149.0,132.83896
112.0,112.80962
150.0,146.51714
134.0,131.45955
198.0,231.07506
115.0,127.224884
374.0,436.37656
115.0,128.67905
86.0,91.02401
31.0,44.3602
29.0,39.011772
132.0,132.20042
62.0,75.93101
72.0,83.56702
132.0,126.15661
119.0,129.22926
175.0,119.43044
134.0,119.65834
181.0,207.14897
132.0,131.9903
63.0,67.96494
89.0,91.777016
132.0,132.20042
132.0,122.72996
321.0,327.61072
132.0,74.499626
120.0,95.50661
201.0,229.31836
48.0,69.08791
147.0,148.11911
107.0,111.8461
243.0,216.7733
117.0,122.58617
356.0,290.97595
132.0,111.91492
83.0,55.30977
108.0,104.5969
316.0,283.56274
132.0,95.65529
168.0,141.26411
132.0,131.90591
55.0,72.97385
401.0,405.75043
140.0,152.26027
330.0,233.25957
322.0,314.38565
132.0,132.20042
98.0,84.66606
331.0,304.64734
100.0,158.92456
77.0,88.06435
142.0,107.97464
132.0,131.69958
166.0,168.80774
97.0,70.1528
244.0,272.90335
120.0,112.76295
161.0,155.74036
132.0,131.69958
103.0,122.95597
143.0,133.72833
215.0,218.27922
319.0,320.08475
132.0,132.20042
353.0,362.56296
224.0,178.63109
132.0,132.20042
132.0,131.77528
132.0,131.90591
179.0,134.11517
81.0,69.88288
83.0,93.741005
42.0,50.84686
181.0,180.50937
102.0,103.94961
48.0,71.17458
132.0,132.20042
132.0,132.88184
132.0,132.20042
180.0,263.99255
60.0,89.155426
253.0,120.48994
176.0,202.9372
457.0,381.2535
132.0,131.68916
132.0,132.07416
68.0,73.36968
115.0,99.94376
117.0,139.23874
132.0,139.18283
288.0,257.2518
500.0,454.512
122.0,136.27376
58.0,63.76776
122.0,132.32587
197.0,246.19476
402.0,349.68893
127.0,148.24947
58.0,62.172836
310.0,288.85806
291.0,281.8748
132.0,132.20042
166.0,174.01024
50.0,59.873825
126.0,104.61287
464.0,452.19073
184.0,163.95638
160.0,295.44748
115.0,119.79223
150.0,158.22278
96.0,72.619965
110.0,115.28748
36.0,50.173637
120.0,98.449875
287.0,293.134
76.0,69.34327
132.0,132.1599
132.0,113.15921
47.0,53.279083
132.0,132.07416
53.0,69.0262
132.0,132.07416
82.0,88.78234
132.0,132.20042
119.0,160.73613
180.0,150.82806
174.0,167.93063
500.0,412.91595
146.0,155.72687
195.0,227.6743
132.0,132.07416
53.0,48.592102
132.0,128.14793
50.0,71.435234
348.0,294.21698
466.0,461.04724
59.0,76.56733
164.0,176.50832
244.0,329.4172
71.0,92.35265
500.0,463.3763
500.0,483.05188
125.0,138.21172
221.0,178.79007
142.0,153.22072
148.0,128.9969
81.0,100.893845
97.0,115.47538
68.0,79.652985
198.0,203.19684
167.0,155.36343
45.0,55.0526
106.0,120.37608
286.0,230.48576
67.0,72.829666
207.0,196.62038
308.0,312.5661
37.0,43.17099
322.0,319.41605
175.0,155.44133
293.0,281.11798
325.0,323.13635
132.0,132.07416
500.0,494.41257
103.0,104.463745
74.0,78.9348
144.0,176.39253
132.0,131.77528
141.0,191.15462
93.0,94.56506
132.0,131.9903
202.0,222.48285
132.0,131.90591
126.0,174.42119
53.0,68.903076
346.0,355.80273
132.0,132.20042
83.0,85.326126
110.0,91.97366
47.0,56.21883
500.0,459.1994
294.0,290.59952
306.0,308.9932
108.0,133.49913
326.0,355.44684
119.0,97.98783
277.0,239.14781
101.0,66.02833
132.0,129.90645
132.0,132.20042
78.0,98.35825
209.0,241.49469
154.0,149.5121
158.0,180.89334
132.0,131.8972
98.0,89.72639
85.0,85.679565
133.0,134.48944
132.0,132.20042
88.0,77.772766
233.0,273.93466
116.0,113.086235
110.0,111.01703
90.0,88.26461
132.0,132.20042
132.0,132.20042
54.0,68.5385
373.0,358.51312
170.0,166.13695
81.0,84.874886
172.0,167.32622
31.0,43.436966
132.0,109.90657
49.0,64.77272
95.0,115.46081
203.0,174.71402
134.0,132.08603
91.0,95.844955
266.0,293.35956
235.0,221.7164
94.0,87.27427
171.0,140.805
390.0,399.28458
88.0,78.51221
113.0,132.92789
225.0,218.66559
61.0,71.70777
109.0,105.18259
122.0,133.37341
348.0,324.30405
172.0,71.62461
500.0,492.81445
202.0,222.74869
93.0,107.12263
132.0,132.20042
135.0,118.92514
132.0,131.69958
132.0,132.20042
53.0,70.02402
132.0,132.20042
175.0,201.61682
132.0,108.87568
132.0,131.90591
90.0,115.14761
132.0,123.511246
94.0,94.79776
500.0,495.36655
166.0,141.081
63.0,72.281525
138.0,148.54037
77.0,86.724556
69.0,74.96194
103.0,117.41814
132.0,120.13827
120.0,70.04717
132.0,122.77246
118.0,147.7306
132.0,82.64811
132.0,132.20042
132.0,131.90591
121.0,90.390564
58.0,60.067947
303.0,341.77393
46.0,59.68077
183.0,189.05923
132.0,108.134834
317.0,270.09128
92.0,92.78024
48.0,53.05409
131.0,103.42388
500.0,461.5541
96.0,102.53451
386.0,414.42847
392.0,341.56998
149.0,166.09981
132.0,132.20042
81.0,90.96223
132.0,145.53802
98.0,117.112526
34.0,55.961445
243.0,220.96439
193.0,201.90181
132.0,131.90591
132.0,131.2657
480.0,453.35156
132.0,113.180984
175.0,155.80948
132.0,132.20042
99.0,117.59763
132.0,131.90591
70.0,91.24127
137.0,139.06325
60.0,79.89136
132.0,132.20042
103.0,102.10012
81.0,77.039375
142.0,139.94391
209.0,242.3111
376.0,370.34946
373.0,302.52313
132.0,131.90591
295.0,246.94774
225.0,228.46132
132.0,131.90591
132.0,124.81853
154.0,131.25313
80.0,81.62943
61.0,76.30129
40.0,46.43219
104.0,116.73955
318.0,290.35992
132.0,132.20042
107.0,85.80676
72.0,86.21623
194.0,183.63033
111.0,104.75631
132.0,129.37375
150.0,178.9921
345.0,377.5063
70.0,76.69757
142.0,87.3845
311.0,316.8285
99.0,80.68413
102.0,105.40905
276.0,237.2789
135.0,124.31399
298.0,299.3105
398.0,381.5175
30.0,37.127895
132.0,132.20042
94.0,108.47643
118.0,112.04109
132.0,131.72952
147.0,117.45884
346.0,341.07742
53.0,50.442585
86.0,85.62901
244.0,173.53377
148.0,162.46698
52.0,45.567276
236.0,262.366
73.0,74.00827
132.0,131.90591
261.0,358.03888
344.0,393.58182
56.0,62.639606
96.0,119.26409
83.0,96.13965
364.0,352.99515
387.0,198.61578
132.0,132.20042
500.0,447.73074
461.0,431.53003
419.0,358.1164
304.0,255.3004
143.0,127.96917
298.0,306.80783
90.0,94.62877
143.0,142.40048
144.0,134.20349
181.0,147.21078
500.0,462.2544
290.0,275.2544
72.0,90.81918
105.0,112.276474
89.0,90.04917
220.0,217.17706
315.0,322.1853
310.0,324.02695
312.0,320.50806
243.0,203.76697
69.0,82.96496
74.0,80.16031
104.0,120.08721
82.0,89.22596
241.0,243.00163
173.0,178.0506
59.0,73.88194
80.0,82.23937
40.0,46.965706
105.0,100.85131
106.0,108.30181
409.0,389.54343
337.0,233.0155
84.0,79.633545
68.0,86.69456
180.0,258.94464
200.0,235.59929
367.0,360.31073
88.0,99.937126
79.0,85.08936
148.0,166.8807
335.0,339.82632
132.0,132.20042
379.0,363.53763
300.0,296.43872
78.0,83.74201
170.0,127.7428
305.0,125.19952
73.0,91.290276
88.0,92.31821
132.0,125.22607
65.0,68.80011
132.0,132.20042
109.0,112.2668
250.0,256.2466
320.0,261.9427
132.0,131.47852
95.0,96.74822
70.0,111.9509
79.0,71.31083
336.0,328.81543
107.0,108.12549
278.0,152.05437
129.0,107.30721
126.0,119.4152
368.0,344.2384
55.0,61.51875
99.0,80.9644
150.0,136.19019
132.0,131.90591
132.0,79.5543
226.0,292.78204
132.0,132.20042
132.0,124.67654
147.0,123.254265
139.0,169.90134
252.0,214.8662
55.0,87.86414
107.0,97.34904
132.0,128.08269
105.0,107.87664
102.0,92.87695
152.0,162.53032
132.0,382.75208
85.0,87.3482
73.0,93.59865
265.0,263.77438
134.0,130.42221
162.0,141.42201
333.0,343.15295
361.0,132.20042
132.0,132.20042
361.0,367.6726
90.0,93.28501
76.0,79.33418
317.0,221.13544
361.0,352.74918
132.0,145.35164
286.0,274.74048
132.0,132.20042
44.0,61.19619
132.0,71.46532
123.0,127.12476
420.0,460.7398
142.0,154.12881
132.0,132.07416
103.0,108.17642
202.0,176.05913
235.0,241.53181
37.0,54.089954
37.0,57.226532
51.0,68.05293
132.0,132.20042
46.0,52.10635
132.0,132.20042
356.0,307.95844
158.0,173.42769
358.0,212.29979
88.0,115.82274
54.0,44.250607
132.0,131.77528
132.0,135.38835
348.0,334.59613
44.0,64.49538
120.0,107.39814
44.0,58.789284
234.0,220.74988
54.0,57.764393
500.0,501.38763
132.0,130.20409
312.0,314.3333
124.0,108.488785
312.0,309.53842
287.0,262.2959
219.0,188.16853
93.0,87.62551
132.0,131.62772
132.0,127.297806
132.0,131.69958
322.0,194.32532
347.0,317.0401
201.0,197.9931
173.0,185.31238
72.0,130.92273
69.0,82.91828
56.0,68.971405
138.0,148.85313
45.0,51.587776
109.0,70.753426
124.0,103.11968
103.0,96.41885
211.0,198.28362
78.0,72.71926
114.0,104.740265
312.0,301.16098
65.0,83.42465
96.0,95.06201
132.0,132.20042
83.0,75.11229
320.0,309.8301
119.0,278.8182
42.0,60.72227
132.0,124.963394
166.0,188.85434
58.0,75.77009
41.0,56.215637
132.0,132.20042
355.0,129.85242
122.0,130.40535
108.0,102.21321
132.0,132.07416
264.0,301.46228
35.0,50.69339
98.0,117.76841
61.0,60.46271
132.0,131.9903
172.0,162.97273
132.0,76.204956
94.0,89.65975
305.0,275.07352
184.0,174.17747
132.0,132.07416
88.0,70.35656
142.0,159.32167
84.0,81.740944
185.0,186.85162
186.0,187.64519
262.0,250.663
132.0,130.541
150.0,165.53493
322.0,271.146
117.0,92.46545
71.0,67.80209
53.0,99.70199
113.0,91.63294
255.0,229.84465
70.0,98.743935
205.0,186.84328
139.0,105.732635
116.0,112.735954
100.0,107.55498
48.0,65.00816
262.0,221.33844
36.0,79.93088
189.0,202.45111
94.0,107.3901
323.0,287.27548
144.0,150.13046
132.0,110.32678
108.0,116.23425
142.0,103.53047
500.0,470.28976
132.0,119.98814
459.0,440.78867
254.0,302.46082
65.0,43.217907
122.0,121.5852
305.0,320.12115
132.0,120.12653
92.0,91.97003
77.0,86.17691
315.0,247.40355
84.0,97.61233
105.0,79.21558
132.0,126.05173
132.0,132.20042
203.0,239.35541
315.0,302.01746
59.0,74.05441
224.0,236.6075
120.0,130.36707
121.0,131.45459
256.0,275.12543
190.0,201.17337
127.0,123.35103
376.0,311.28125
365.0,290.53323
160.0,145.86493
132.0,132.20042
75.0,93.14541
134.0,148.7375
123.0,124.9392
132.0,133.74536
81.0,75.98312
41.0,62.703144
83.0,84.27932
336.0,340.03455
55.0,73.969284
318.0,324.13998
87.0,77.16761
408.0,380.05707
354.0,377.21356
192.0,166.91226
337.0,375.74683
66.0,92.44073
301.0,302.15747
93.0,84.268364
221.0,298.33734
88.0,73.4642
137.0,133.94144
105.0,176.39136
82.0,114.4304
101.0,95.06469
198.0,150.22803
123.0,104.30378
166.0,172.70142
132.0,91.63495
275.0,199.85861
29.0,48.934864
306.0,280.36923
132.0,132.20042
326.0,316.9902
106.0,111.77903
132.0,132.20042
416.0,408.3611
132.0,131.90591
125.0,118.553535
78.0,93.16604
36.0,56.478634
132.0,131.90591
15.0,64.22312
83.0,82.865
128.0,141.6643
109.0,116.454346
132.0,132.20042
132.0,131.90591
104.0,105.36818
331.0,346.75055
334.0,340.3871
132.0,387.80237
134.0,125.960686
103.0,96.72365
75.0,69.56948
85.0,99.74329
95.0,115.66023
132.0,132.20042
324.0,323.7865
179.0,184.82635
166.0,189.13359
215.0,201.06888
126.0,109.39916
118.0,118.93852
78.0,86.0223
84.0,94.93727
395.0,403.5151
238.0,274.30338
161.0,101.39711
136.0,140.39714
110.0,116.84993
404.0,302.6557
57.0,91.82691
77.0,93.993256
205.0,218.73453
123.0,138.82498
57.0,71.7433
353.0,357.85736
230.0,137.31369
164.0,202.08174
132.0,131.90591
69.0,83.89146
175.0,192.84183
132.0,131.91594
493.0,452.12842
112.0,96.41066
132.0,132.20042
169.0,166.38452
248.0,232.48474
113.0,113.989525
102.0,123.96158
402.0,392.78146
315.0,309.6479
132.0,121.54562
120.0,88.14334
48.0,53.105774
106.0,91.0604
85.0,93.90924
343.0,363.72955
89.0,80.238235
261.0,256.83847
61.0,73.963104
358.0,362.79617
340.0,260.45142
141.0,161.77286
80.0,92.36407
197.0,233.59674
96.0,96.77212
500.0,465.65405
119.0,117.2598
102.0,108.66183
51.0,63.133846
89.0,93.55832
63.0,71.81286
93.0,112.628494
265.0,224.92406
394.0,438.2109
116.0,122.22415
48.0,59.418205
81.0,93.08611
62.0,77.727905
228.0,309.13217
41.0,54.825684
208.0,195.77972
195.0,210.14041
132.0,131.69958
41.0,54.789185
87.0,126.52678
213.0,199.52411
132.0,132.07416
263.0,257.51904
443.0,400.73587
215.0,222.05592
104.0,102.661095
68.0,39.733162
132.0,131.90591
132.0,131.8972
255.0,268.4541
239.0,245.56526
83.0,84.35936
241.0,325.52615
300.0,218.1711
79.0,85.33419
414.0,405.57663
426.0,427.538
132.0,132.1599
160.0,150.02971
218.0,197.57089
132.0,73.84875
89.0,75.729904
112.0,91.552635
188.0,177.19382
452.0,436.47702
64.0,89.130775
132.0,132.20042
132.0,132.20042
136.0,115.16662
135.0,210.22769
50.0,67.81649
180.0,176.11441
223.0,218.96954
32.0,42.461174
500.0,496.168
417.0,436.36157
350.0,337.87036
92.0,93.13404
95.0,76.7579
132.0,132.20042
52.0,132.20042
224.0,209.44958
180.0,155.64827
145.0,172.2604
19.0,26.964367
118.0,133.61893
319.0,337.29544
202.0,132.10461
121.0,101.63698
143.0,153.72426
93.0,83.21718
334.0,388.3458
132.0,122.714806
103.0,97.02453
84.0,82.080605
340.0,351.59366
138.0,126.53845
93.0,110.07191
94.0,98.77997
313.0,271.1394
127.0,127.22244
313.0,310.86343
87.0,77.80201
132.0,157.78711
216.0,267.49637
132.0,131.90591
307.0,307.93958
155.0,153.67973
327.0,337.07864
84.0,82.67192
42.0,54.21599
132.0,132.20042
108.0,77.36217
156.0,166.58461
86.0,111.13473
126.0,157.35301
268.0,286.35544
132.0,132.20042
435.0,380.002
107.0,106.40782
55.0,64.06202
401.0,407.25937
381.0,368.56485
225.0,197.71863
278.0,229.32661
317.0,281.61838
171.0,189.81299
297.0,342.3135
132.0,126.900246
135.0,130.31342
132.0,129.5876
316.0,319.44254
150.0,115.615234
104.0,108.14353
98.0,72.28398
215.0,200.79208
144.0,146.09584
296.0,310.619
59.0,65.79711
335.0,349.8631
192.0,147.59186
181.0,146.6485
61.0,80.132515
356.0,356.73572
244.0,240.65242
140.0,142.18073
85.0,67.48055
82.0,84.44046
444.0,399.22247
87.0,115.28787
45.0,52.143097
115.0,136.05301
322.0,317.38812
244.0,245.32709
106.0,108.58247
35.0,43.763096
110.0,132.64272
151.0,141.73665
117.0,115.83052
167.0,106.32903
466.0,451.40323
160.0,162.87099
162.0,148.03973
94.0,104.04734
69.0,74.38147
132.0,131.79839
49.0,53.30623
305.0,292.03992
71.0,92.882965
317.0,302.23477
82.0,84.740685
137.0,149.02058
132.0,131.58856
216.0,193.45897
195.0,201.04147
120.0,130.97884
378.0,358.46906
132.0,132.1599
116.0,120.15725
353.0,368.61087
201.0,249.30228
293.0,292.0859
87.0,106.72302
190.0,164.71907
107.0,117.74446
144.0,176.20708
144.0,130.49174
113.0,96.37934
70.0,70.972984
373.0,318.70657
132.0,132.07416
372.0,377.9224
122.0,119.80216
337.0,334.81644
35.0,38.675987
132.0,131.9903
132.0,132.20042
39.0,59.370262
132.0,330.10016
100.0,95.39949
212.0,198.83395
79.0,58.81557
132.0,132.20042
103.0,103.12402
132.0,131.9903
132.0,132.20042
363.0,342.0857
184.0,150.24951
61.0,41.77916
106.0,108.018524
108.0,123.35795
340.0,324.4213
329.0,310.79565
99.0,71.371994
40.0,41.785133
33.0,44.528137
94.0,169.58893
138.0,126.00114
139.0,137.92609
65.0,76.09192
81.0,88.392395
43.0,59.53388
61.0,54.073883
149.0,148.33559
132.0,132.07416
128.0,130.77122
126.0,116.51883
415.0,417.26917
132.0,132.20042
316.0,286.53424
132.0,132.20042
153.0,131.51305
132.0,160.10085
82.0,98.65583
409.0,388.5517
362.0,386.86353
157.0,132.70885
52.0,66.41488
132.0,134.63799
115.0,95.97341
94.0,89.00446
314.0,326.78735
106.0,94.73838
387.0,370.45197
257.0,221.33537
279.0,233.26964
140.0,153.59276
104.0,97.09459
58.0,78.510826
132.0,132.20042
132.0,147.65698
132.0,131.24664
317.0,286.29755
132.0,132.20042
335.0,305.58212
66.0,86.43057
132.0,132.1599
101.0,131.60031
132.0,132.07416
132.0,132.20042
132.0,132.20042
428.0,405.67044
95.0,104.13311
240.0,200.25777
71.0,75.62966
477.0,460.63766
45.0,48.9031
84.0,77.86718
82.0,88.78324
193.0,186.41116
148.0,139.37563
71.0,74.02213
118.0,124.07929
132.0,132.22774
102.0,89.75884
42.0,43.61615
353.0,362.26498
218.0,168.04955
132.0,131.21706
324.0,337.9121
494.0,456.64737
185.0,191.1313
132.0,131.90591
105.0,98.73995
228.0,254.08316
366.0,349.83035
56.0,63.968784
238.0,232.9306
102.0,106.321556
107.0,123.115906
306.0,296.17505
132.0,132.20042
146.0,145.67557
30.0,46.754974
30.0,61.296326
132.0,131.70122
86.0,94.97719
135.0,143.61697
312.0,292.81305
135.0,129.51117
156.0,164.55832
108.0,111.257935
310.0,278.74893
132.0,130.67683
112.0,103.03931
500.0,505.03177
132.0,123.00344
132.0,131.90591
132.0,127.97992
162.0,174.95415
132.0,131.90591
75.0,78.36504
132.0,90.90012
55.0,59.435932
132.0,132.20042
320.0,295.38028
132.0,132.07416
299.0,282.69864
132.0,132.20042
102.0,119.005875
132.0,131.90591
92.0,110.96204
68.0,66.81049
161.0,179.77228
341.0,177.59422
332.0,329.55997
47.0,66.78222
72.0,93.53744
165.0,133.59068
70.0,68.38726
132.0,131.90506
311.0,290.53833
165.0,175.26454
143.0,145.59306
169.0,212.27338
243.0,265.69934
89.0,63.00002
319.0,426.50427
150.0,159.24991
73.0,88.855
194.0,203.22638
132.0,132.20042
158.0,142.84749
141.0,90.777725
145.0,116.8624
132.0,123.55631
336.0,390.40686
96.0,83.92375
127.0,116.68545
132.0,127.82161
370.0,378.2615
82.0,72.89436
500.0,480.6387
123.0,109.98486
188.0,176.18022
133.0,181.84695
264.0,225.09708
296.0,282.82156
132.0,95.65704
87.0,91.92675
92.0,97.4662
325.0,285.1984
132.0,157.74463
487.0,431.19867
20.0,31.102259
132.0,132.20042
482.0,370.69562
500.0,269.97226
116.0,123.58544
176.0,139.95702
159.0,139.61641
45.0,49.098602
72.0,84.95495
129.0,138.44453
132.0,132.20042
132.0,131.90591
81.0,65.37628
132.0,132.20042
132.0,132.20042
359.0,324.77948
144.0,150.0636
350.0,207.9714
170.0,165.32184
201.0,198.9307
98.0,94.185394
71.0,74.95636
339.0,333.38724
69.0,73.680405
109.0,96.65075
89.0,103.64422
132.0,131.9903
86.0,73.479294
137.0,138.01031
346.0,345.6357
130.0,200.22346
269.0,205.47191
50.0,67.32187
132.0,127.90391
336.0,329.11588
104.0,89.08011
443.0,371.5209
249.0,276.7464
132.0,130.946
139.0,143.03247
278.0,310.12628
182.0,204.662
132.0,132.20042
132.0,139.97873
65.0,62.678444
130.0,146.08992
118.0,123.92418
405.0,394.41376
134.0,134.74112
53.0,71.47826
184.0,219.1322
64.0,65.46087
132.0,165.72029
500.0,477.22354
86.0,87.68779
103.0,95.72801
85.0,112.90472
153.0,152.78467
177.0,150.52196
149.0,225.25305
126.0,124.588425
407.0,306.7444
201.0,235.04974
52.0,49.469128
67.0,65.117645
389.0,382.54926
132.0,131.77528
134.0,121.466484
231.0,188.64731
103.0,101.178345
259.0,171.67984
84.0,110.72428
126.0,130.75792
169.0,167.07756
60.0,81.9843
112.0,96.12418
132.0,132.49658
172.0,131.79346
205.0,198.50174
126.0,140.80678
132.0,131.90591
223.0,236.27765
52.0,59.60328
110.0,132.50449
350.0,362.72946
147.0,150.28397
39.0,55.77829
230.0,189.59059
243.0,204.8481
66.0,69.29489
114.0,111.482506
81.0,71.334435
291.0,303.441
132.0,326.178
148.0,156.95834
132.0,131.90591
141.0,131.82774
132.0,131.50818
101.0,96.822136
132.0,131.69958
132.0,132.20042
206.0,199.30518
284.0,312.13895
46.0,47.004074
62.0,73.15142
94.0,119.26366
144.0,110.41009
117.0,86.5467
132.0,141.63075
104.0,100.75898
463.0,374.99023
286.0,256.55356
48.0,70.78466
89.0,84.61105
75.0,66.84543
278.0,274.03467
132.0,137.36523
132.0,132.20042
104.0,107.23063
123.0,126.38922
340.0,324.77304
320.0,355.05045
151.0,178.43224
109.0,110.64375
132.0,139.84843
105.0,118.31421
90.0,133.64752
48.0,71.13721
132.0,99.98112
280.0,255.29059
77.0,83.75288
132.0,132.20042
92.0,103.24016
92.0,99.12791
98.0,131.85815
187.0,149.11649
111.0,149.12929
132.0,132.20042
112.0,116.38071
99.0,116.79152
103.0,106.337654
132.0,132.07416
262.0,276.98856
74.0,62.763496
102.0,109.078186
389.0,382.0141
72.0,75.66002
393.0,400.4979
108.0,113.03406
132.0,132.20042
251.0,185.74089
132.0,132.20042
159.0,127.731476
83.0,86.68819
131.0,133.48354
181.0,206.65689
33.0,40.103844
132.0,132.20042
132.0,132.20042
142.0,127.798386
319.0,315.0992
309.0,295.7178
411.0,466.62848
178.0,130.42245
112.0,107.13285
126.0,103.66117
138.0,182.00038
62.0,59.214302
150.0,212.73723
132.0,132.07416
132.0,131.9903
132.0,132.20042
132.0,131.9903
132.0,132.20042
143.0,112.27777
232.0,192.03795
367.0,315.15155
263.0,249.8321
132.0,132.20042
138.0,174.52698
63.0,69.999695
500.0,500.6208
132.0,131.90591
324.0,341.5199
50.0,58.50058
148.0,150.08253
132.0,132.20042
108.0,125.44757
110.0,131.76785
23.0,44.340008
132.0,132.13016
43.0,45.2885
241.0,122.62213
132.0,225.71829
180.0,113.56995
132.0,124.53231
146.0,116.98023
132.0,127.147675
281.0,302.24673
27.0,50.482224
71.0,67.843414
65.0,68.2952
454.0,435.7264
102.0,83.66924
68.0,71.52155
364.0,352.42563
338.0,342.02213
90.0,123.3221
104.0,114.315544
89.0,101.50094
500.0,495.8466
75.0,113.422356
366.0,344.7492
396.0,374.85016
324.0,306.946
100.0,88.36017
75.0,82.06116
132.0,128.258
102.0,110.838
305.0,257.42566
267.0,200.35358
91.0,100.17611
191.0,170.52066
342.0,338.3952
132.0,184.03668
79.0,93.74965
101.0,141.796
63.0,83.106476
34.0,47.409607
204.0,177.87865
132.0,131.90591
44.0,49.237137
132.0,129.62314
222.0,214.52444
132.0,131.9903
114.0,118.15018
96.0,100.730865
355.0,292.62183
106.0,122.5843
121.0,102.9416
245.0,264.22238
103.0,110.146034
312.0,316.04044
84.0,76.22637
74.0,63.599068
500.0,475.27554
132.0,132.20042
137.0,132.66486
61.0,59.59668
36.0,49.9807
257.0,232.54617
140.0,133.37166
89.0,85.536224
65.0,76.53569
383.0,395.27142
389.0,384.51385
132.0,125.24657
333.0,265.88205
368.0,368.5327
143.0,154.67722
75.0,87.11657
154.0,113.89044
336.0,325.95956
500.0,501.66156
132.0,133.80484
345.0,214.448
132.0,132.20042
500.0,429.66138
118.0,118.684105
115.0,119.05807
68.0,75.33159
500.0,503.42157
132.0,143.66814
137.0,177.17487
283.0,304.63855
131.0,150.55432
345.0,339.61975
132.0,131.77528
320.0,306.23367
95.0,93.0309
228.0,210.40688
150.0,118.07292
277.0,268.63336
148.0,160.43571
78.0,103.32591
132.0,131.9903
229.0,228.84656
59.0,59.29906
132.0,130.2492
23.0,52.906357
132.0,132.07416
351.0,383.51654
97.0,109.12924
111.0,106.83307
342.0,327.27533
114.0,133.68822
27.0,41.077225
132.0,132.20042
217.0,202.55823
412.0,388.04352
247.0,238.40851
121.0,104.08979
101.0,96.805305
256.0,307.63412
500.0,488.64975
136.0,167.59793
247.0,229.16257
132.0,132.24402
132.0,139.54683
151.0,121.20016
111.0,141.2049
95.0,87.05795
132.0,136.27605
184.0,160.51337
131.0,136.23727
143.0,150.95746
108.0,131.36476
46.0,54.56235
132.0,132.20042
307.0,300.0033
128.0,123.86814
68.0,73.414444
67.0,95.2813
132.0,132.07416
68.0,88.832405
105.0,108.09166
80.0,82.02859
137.0,145.43811
457.0,382.63382
63.0,57.32599
101.0,102.18366
449.0,330.03455
130.0,69.2449
84.0,87.233696
132.0,131.70436
118.0,163.0536
38.0,40.729794
88.0,112.36784
139.0,133.21968
132.0,131.39166
84.0,64.77042
334.0,343.4983
132.0,132.07416
303.0,288.05133
128.0,115.72128
152.0,170.06966
132.0,129.91696
163.0,167.2016
132.0,132.20042
132.0,132.20042
146.0,144.08633
146.0,107.92962
96.0,96.66668
457.0,431.7
106.0,96.58913
71.0,78.911476
132.0,329.41922
132.0,117.588135
132.0,127.300255
280.0,244.94899
119.0,130.61711
346.0,341.971
144.0,168.45724
254.0,221.10985
132.0,132.20042
485.0,412.5563
89.0,100.16568
228.0,215.1384
20.0,52.5091
132.0,132.20042
73.0,78.515
84.0,84.774734
422.0,374.16177
150.0,127.52382
120.0,172.8798
165.0,164.65257
132.0,131.90591
160.0,188.5247
134.0,115.78303
183.0,168.79343
132.0,132.20042
67.0,88.81169
104.0,116.967384
62.0,71.008415
126.0,140.88959
132.0,131.9903
132.0,131.32716
132.0,132.20042
114.0,106.54733
110.0,118.99891
132.0,130.22224
141.0,136.47728
120.0,172.93808
70.0,59.90787
137.0,124.86637
185.0,162.86493
374.0,402.9533
278.0,287.26007
154.0,101.53183
56.0,69.69906
132.0,132.20042
55.0,60.83472
148.0,141.92694
132.0,132.20042
107.0,110.23049
221.0,224.08887
132.0,132.20042
187.0,200.80322
122.0,148.24612
124.0,122.30206
68.0,87.7245
27.0,39.14408
83.0,75.191185
201.0,160.34586
182.0,166.47891
302.0,210.27127
132.0,131.90591
48.0,58.69396
70.0,74.224594
46.0,58.003647
239.0,287.0978
112.0,99.07781
132.0,140.77022
185.0,182.64293
64.0,57.70936
307.0,289.98807
78.0,85.43474
132.0,131.7289
118.0,146.09613
262.0,230.5691
308.0,324.8962
87.0,106.925064
65.0,75.67811
132.0,131.69958
115.0,123.863365
244.0,251.42361
55.0,80.015236
459.0,434.38406
132.0,187.25536
118.0,106.95343
132.0,144.08861
132.0,58.86874
37.0,45.886074
129.0,135.30284
132.0,131.40775
93.0,101.6136
108.0,119.398766
252.0,234.38005
89.0,94.71191
61.0,185.25682
369.0,336.36026
132.0,127.58087
132.0,132.20042
367.0,276.13
132.0,123.24337
122.0,124.29997
132.0,134.6122
418.0,431.82297
141.0,151.20998
151.0,148.76682
26.0,36.99391
132.0,131.9903
500.0,503.4016
56.0,60.018272
166.0,158.79256
147.0,173.45088
309.0,300.85828
132.0,116.12059
103.0,103.60601
132.0,140.73874
132.0,131.77528
299.0,323.7213
133.0,163.81947
67.0,90.10676
131.0,129.53625
114.0,111.433235
409.0,402.48135
383.0,367.32922
112.0,97.38385
106.0,96.651215
131.0,138.65916
40.0,63.539364
369.0,368.5581
149.0,161.95068
92.0,117.13146
49.0,55.307762
461.0,414.8283
132.0,131.77528
344.0,361.8104
132.0,127.01719
404.0,341.5087
298.0,225.38383
132.0,133.26099
360.0,353.37604
356.0,339.29153
132.0,132.20042
105.0,116.45172
35.0,54.694
75.0,65.64728
132.0,132.1599
132.0,131.73962
132.0,132.20042
89.0,85.80959
439.0,475.69427
257.0,325.66193
91.0,111.12554
153.0,191.29054
132.0,135.47816
176.0,274.20642
404.0,475.5084
240.0,266.80753
349.0,365.26114
132.0,88.16531
48.0,44.358196
38.0,54.25978
132.0,131.90591
324.0,302.1694
349.0,341.6028
115.0,132.335
254.0,162.68422
63.0,65.61046
336.0,359.73666
97.0,119.49571
99.0,104.99954
80.0,93.90991
178.0,228.2974
500.0,495.81854
333.0,319.24655
291.0,323.54395
132.0,131.90591
132.0,132.20042
64.0,67.36419
92.0,89.80365
122.0,97.65057
132.0,146.37807
132.0,131.8972
126.0,107.309784
132.0,132.20042
124.0,111.87057
153.0,152.665
386.0,380.25195
174.0,174.87138
81.0,88.796715
278.0,291.5531
73.0,86.76671
81.0,93.17731
308.0,265.82596
83.0,106.25012
50.0,62.219154
295.0,262.02893
132.0,116.05576
130.0,205.46718
300.0,239.71898
170.0,204.8121
383.0,375.72043
76.0,99.922874
162.0,134.19577
132.0,131.69958
132.0,131.6951
214.0,213.07932
305.0,290.713
132.0,131.77528
150.0,195.56409
66.0,66.754074
140.0,91.23064
77.0,69.484634
132.0,132.1599
182.0,144.29083
310.0,251.10103
168.0,225.37297
65.0,74.19562
397.0,304.93942
132.0,131.90591
158.0,166.66711
236.0,288.85794
70.0,87.34861
315.0,316.86017
96.0,104.588455
268.0,248.95085
60.0,63.09992
152.0,136.57822
73.0,73.6036
129.0,138.43033
380.0,404.66544
56.0,52.466938
181.0,228.20744
112.0,124.298706
317.0,322.64478
132.0,122.541374
273.0,299.82697
102.0,105.080574
34.0,42.311172
132.0,131.90591
64.0,84.47188
342.0,319.4018
140.0,120.305214
132.0,132.20042
170.0,192.0819
315.0,340.7185
132.0,131.77528
322.0,286.69397
348.0,313.66528
132.0,131.77528
87.0,68.66998
146.0,177.19464
131.0,145.44794
132.0,132.20042
149.0,166.75261
132.0,131.90591
81.0,100.25601
132.0,132.20042
132.0,131.90591
68.0,68.580536
126.0,140.23676
132.0,80.81338
457.0,452.90274
194.0,215.37508
173.0,122.16499
87.0,96.46915
56.0,59.171886
263.0,219.94412
31.0,40.380898
114.0,118.256
299.0,284.70352
134.0,140.37862
97.0,95.06677
153.0,107.34288
334.0,360.96942
178.0,148.89526
169.0,190.41638
132.0,131.24664
132.0,132.20042
216.0,188.69208
46.0,54.140526
126.0,142.30138
125.0,126.40418
335.0,323.69806
337.0,351.75665
125.0,133.3557
33.0,41.331314
88.0,102.68595
212.0,187.77917
132.0,132.20042
132.0,132.20042
148.0,157.92445
107.0,137.71059
132.0,132.20042
65.0,79.191376
80.0,86.47428
132.0,132.20042
132.0,131.90591
455.0,474.5989
75.0,75.4588
92.0,101.00893
121.0,132.30081
114.0,126.3865
132.0,132.07416
105.0,93.80765
440.0,414.16318
40.0,69.24494
132.0,131.9903
104.0,146.31769
445.0,389.46265
132.0,473.8098
323.0,317.6192
132.0,131.90591
74.0,83.104744
198.0,197.07698
132.0,131.90591
112.0,103.49891
35.0,55.025665
500.0,502.09662
112.0,106.155556
48.0,63.832886
250.0,175.01584
101.0,99.136925
59.0,66.7239
50.0,61.01059
73.0,92.06441
269.0,250.71529
149.0,142.44933
71.0,62.00791
357.0,359.48648
132.0,131.69958
65.0,90.856514
65.0,66.770454
163.0,153.25014
24.0,41.69798
132.0,116.88141
285.0,231.76492
348.0,312.37823
500.0,408.29288
316.0,289.573
373.0,318.7817
164.0,168.79518
317.0,341.01508
132.0,132.20042
183.0,171.48846
363.0,387.2714
221.0,216.34312
132.0,127.896385
93.0,110.40099
46.0,68.26092
207.0,183.32816
132.0,132.20042
122.0,129.38849
182.0,197.51588
104.0,100.9007
127.0,136.77953
62.0,90.65323
272.0,313.15714
289.0,265.5644
156.0,163.88036
132.0,128.56114
383.0,407.72003
332.0,331.0293
86.0,83.395035
86.0,90.338356
399.0,404.32803
500.0,472.76624
365.0,378.63712
132.0,42.97624
118.0,138.23497
241.0,167.73746
376.0,335.18646
132.0,250.40327
140.0,141.69167
209.0,163.19061
132.0,122.92917
498.0,473.8547
94.0,101.64405
132.0,131.77528
78.0,88.32192
132.0,97.61417
110.0,109.72857
132.0,132.20042
132.0,132.20042
82.0,89.497
204.0,228.9387
104.0,142.61427
455.0,463.3539
126.0,158.2424
213.0,166.65446
205.0,200.66306
100.0,97.12914
282.0,213.42833
321.0,327.65607
88.0,107.785545
132.0,132.20042
132.0,131.68916
132.0,132.07416
104.0,102.673904
402.0,405.23193
84.0,130.43056
83.0,78.76038
103.0,131.40918
457.0,488.6182
500.0,413.62643
132.0,132.20042
132.0,125.23496
307.0,289.99396
47.0,84.56364
132.0,133.4402
150.0,165.95218
359.0,340.35098
340.0,337.78052
60.0,75.29076
88.0,91.77756
121.0,119.2885
132.0,131.90591
94.0,105.59326
132.0,132.20042
410.0,396.28424
146.0,124.06087
132.0,131.69958
126.0,127.45619
132.0,132.20042
126.0,98.28203
304.0,285.02774
49.0,59.341793
101.0,114.75452
72.0,83.75399
70.0,65.59954
88.0,95.60689
368.0,375.5671
220.0,245.28998
114.0,111.36782
132.0,131.77528
132.0,131.90591
62.0,73.92332
200.0,166.06294
103.0,164.08185
215.0,193.1324
75.0,88.90467
46.0,64.95145
107.0,59.90096
334.0,298.9414
143.0,121.809875
60.0,66.406044
138.0,123.46315
128.0,134.3348
46.0,47.581734
290.0,145.01959
250.0,281.8118
84.0,89.35187
368.0,263.4727
109.0,123.48499
308.0,298.75912
132.0,175.04704
240.0,235.05057
293.0,306.28262
94.0,126.47004
125.0,157.8192
285.0,315.25897
257.0,231.56944
82.0,107.779396
97.0,117.77216
170.0,181.57549
323.0,331.7094
100.0,76.21747
187.0,134.51479
172.0,159.23288
47.0,132.20042
160.0,140.64279
132.0,132.20042
40.0,49.538925
104.0,97.87913
182.0,153.87593
83.0,107.61
155.0,156.46883
132.0,123.01799
132.0,131.77528
322.0,350.18643
369.0,373.1597
153.0,174.09396
302.0,295.5689
95.0,93.94374
119.0,138.56885
132.0,91.69479
20.0,34.6845
127.0,170.88438
298.0,290.04834
249.0,261.74677
224.0,185.30432
23.0,38.21079
132.0,131.6951
62.0,60.934982
132.0,131.90591
156.0,154.38496
78.0,68.4776
362.0,324.10754
132.0,132.07416
89.0,90.24767
112.0,116.114716
333.0,325.51038
362.0,366.6889
232.0,224.64091
79.0,92.04002
173.0,166.77325
101.0,81.0627
23.0,65.46902
132.0,127.17775
133.0,141.51067
132.0,114.70391
117.0,112.980354
132.0,131.90591
132.0,115.64437
132.0,131.70082
82.0,78.45187
289.0,281.30588
59.0,57.246834
132.0,132.20042
500.0,500.67596
90.0,89.102684
96.0,94.37427
168.0,126.67214
199.0,170.79832
157.0,213.04784
132.0,311.5673
163.0,150.42174
430.0,420.57574
179.0,190.38936
132.0,72.67403
105.0,98.74337
90.0,97.60024
158.0,162.87161
93.0,107.46112
326.0,306.88538
112.0,97.05453
132.0,140.24358
117.0,130.07013
233.0,235.45067
69.0,84.78487
307.0,295.2335
59.0,132.20042
332.0,349.81323
67.0,86.65613
279.0,277.1611
375.0,201.11697
149.0,140.68317
31.0,49.889683
56.0,50.23635
75.0,105.49358
99.0,116.23414
116.0,124.06456
359.0,319.20328
132.0,131.90591
303.0,299.33673
132.0,95.08868
56.0,56.41457
132.0,132.20042
132.0,109.39014
132.0,120.844025
500.0,492.871
86.0,140.1289
83.0,76.967834
248.0,214.95036
214.0,259.8508
219.0,253.21211
192.0,155.24652
81.0,98.055275
103.0,97.00679
122.0,78.07091
87.0,82.83908
170.0,133.38812
182.0,148.69957
203.0,294.90457
78.0,85.3368
99.0,75.899155
85.0,101.49446
92.0,94.396515
247.0,264.61624
132.0,110.716835
226.0,198.2065
132.0,121.022095
96.0,104.82591
72.0,68.32554
137.0,104.62968
83.0,96.58205
304.0,288.78235
46.0,45.32024
135.0,131.26454
500.0,494.35477
102.0,132.76878
73.0,95.46665
198.0,196.08618
68.0,74.269104
218.0,163.23737
163.0,161.1768
35.0,40.540726
231.0,270.57214
132.0,132.20042
66.0,87.82268
115.0,122.242325
458.0,356.73337
132.0,141.44392
132.0,131.90591
447.0,404.37805
114.0,124.66857
51.0,62.869377
47.0,52.88315
132.0,131.8972
132.0,131.90591
462.0,392.3166
314.0,337.84393
116.0,102.32794
151.0,94.55067
132.0,132.20042
426.0,413.04272
132.0,66.84511
293.0,266.34583
158.0,171.07599
67.0,64.451965
241.0,290.11505
132.0,114.6559
265.0,250.36499
132.0,131.90591
355.0,339.87875
132.0,132.20042
50.0,59.49494
77.0,80.08161
132.0,131.68916
107.0,137.81264
96.0,100.36739
171.0,192.73256
44.0,48.457466
132.0,131.9903
97.0,97.04714
98.0,302.12704
52.0,59.23953
204.0,188.65181
132.0,132.20042
293.0,128.02551
468.0,448.3424
56.0,62.716927
231.0,232.47282
74.0,75.40596
264.0,263.55005
89.0,69.57452
128.0,136.04088
416.0,429.40033
90.0,98.45522
177.0,166.39981
398.0,368.466
138.0,109.87465
93.0,108.65433
132.0,108.4991
132.0,131.90591
85.0,100.90263
261.0,255.75607
132.0,131.6951
115.0,111.1968
132.0,295.57846
87.0,95.28302
132.0,120.642914
445.0,412.25555
52.0,61.190502
187.0,266.94815
190.0,126.27905
242.0,242.47362
97.0,88.81345
111.0,104.788925
171.0,184.24652
137.0,146.7181
138.0,157.35265
40.0,44.047813
132.0,225.82568
253.0,262.0483
68.0,77.07245
54.0,73.28479
205.0,112.27579
307.0,298.69263
60.0,71.5003
140.0,142.59012
86.0,76.38373
132.0,132.20042
307.0,297.0253
68.0,67.54608
68.0,60.009815
132.0,131.90591
132.0,175.18935
193.0,175.10475
470.0,456.2834
132.0,380.36902
76.0,92.27402
193.0,207.59798
156.0,172.43143
132.0,132.20042
188.0,236.70593
26.0,41.813755
132.0,132.20042
149.0,116.84034
193.0,224.70755
234.0,188.42268
222.0,197.83861
94.0,105.81432
132.0,132.20042
274.0,234.75883
133.0,133.615
44.0,68.90388
108.0,145.88368
117.0,93.64999
120.0,131.97787
315.0,318.42044
106.0,121.97656
58.0,59.104824
318.0,339.63507
78.0,88.07235
132.0,131.90591
40.0,46.42854
121.0,143.06673
311.0,294.1235
74.0,88.31727
345.0,348.1594
224.0,202.006
132.0,132.07416
107.0,109.968605
132.0,130.74258
66.0,71.83959
340.0,332.17615
84.0,98.70001
148.0,155.8414
313.0,303.01068
158.0,103.15306
315.0,342.39084
351.0,331.6124
279.0,305.73315
248.0,286.423
132.0,136.05473
396.0,361.42563
37.0,68.06103
118.0,129.83917
146.0,107.07979
149.0,140.99054
330.0,345.1504
146.0,145.88025
132.0,132.20042
132.0,131.24664
132.0,131.78214
83.0,96.39492
187.0,186.4576
298.0,238.12839
53.0,57.279747
206.0,181.52504
345.0,310.28128
109.0,117.32957
123.0,117.05174
73.0,80.8024
308.0,321.77423
132.0,132.20042
65.0,71.08956
194.0,75.333046
90.0,108.9559
109.0,95.94871
91.0,64.94809
163.0,168.75195
379.0,400.83798
130.0,124.10436
92.0,91.07014
302.0,286.49606
77.0,96.60231
241.0,229.39651
58.0,68.52118
153.0,154.10847
325.0,298.51538
103.0,103.9395
59.0,63.15498
132.0,132.20042
90.0,93.26289
130.0,141.19235
132.0,131.90591
102.0,111.326546
145.0,108.39462
254.0,300.61548
139.0,161.63574
334.0,301.88516
172.0,331.4715
29.0,39.895527
100.0,109.32256
158.0,172.29767
307.0,301.34467
158.0,166.8569
100.0,118.47376
305.0,280.05807
74.0,67.2736
72.0,86.98564
345.0,302.79425
55.0,72.42728
59.0,60.54098
84.0,91.77658
49.0,55.322083
132.0,131.9903
75.0,84.28112
176.0,339.9112
132.0,87.052864
325.0,322.77148
357.0,338.20248
83.0,78.83663
320.0,316.12817
180.0,195.11623
132.0,132.20042
161.0,142.61249
500.0,498.4993
132.0,132.20042
260.0,312.0035
322.0,293.38812
132.0,132.1599
199.0,203.18376
360.0,463.514
49.0,50.5615
200.0,193.35236
70.0,70.77017
132.0,132.20042
132.0,205.26903
132.0,131.31134
132.0,132.07416
359.0,373.4231
132.0,122.84521
132.0,132.20042
170.0,132.81534
362.0,305.80502
132.0,132.20042
67.0,62.32958
30.0,39.530285
132.0,132.07416
253.0,117.13775
140.0,124.29621
71.0,87.444824
114.0,130.1647
62.0,57.787792
70.0,63.966232
40.0,75.666084
132.0,131.90591
162.0,164.47171
60.0,80.8172
157.0,129.07036
132.0,131.90591
133.0,128.7042
317.0,314.19247
85.0,117.719696
346.0,331.40417
111.0,101.183395
236.0,212.92776
132.0,77.970825
108.0,109.64402
292.0,276.945
331.0,296.23846
253.0,214.10802
500.0,413.26752
265.0,270.2695
222.0,180.76054
378.0,363.04434
89.0,116.35599
148.0,161.31146
94.0,85.33048
110.0,124.70473
142.0,151.22783
100.0,95.9157
52.0,77.6162
132.0,132.20042
262.0,205.91992
109.0,141.83063
374.0,401.5277
132.0,128.26427
158.0,142.48183
132.0,132.07416
132.0,131.90591
197.0,122.85187
192.0,170.98401
103.0,108.24569
84.0,90.85279
119.0,80.76947
84.0,84.63202
339.0,343.4426
45.0,63.385807
77.0,100.11826
185.0,238.8319
230.0,206.5903
59.0,77.71618
66.0,84.777824
132.0,131.90591
96.0,103.98063
313.0,322.7494
120.0,142.45924
500.0,383.44824
129.0,126.76532
57.0,57.128174
132.0,132.07416
177.0,195.49538
446.0,443.725
102.0,182.50285
300.0,351.71082
132.0,131.90591
43.0,48.485962
59.0,61.174793
124.0,105.745964
33.0,59.315174
77.0,81.68396
376.0,334.14423
76.0,76.950195
132.0,132.07416
132.0,132.20042
132.0,297.78043
321.0,318.26767
204.0,248.52661
168.0,179.52809
65.0,78.58859
131.0,94.75644
112.0,110.766396
69.0,74.59467
88.0,79.29449
90.0,106.46787
305.0,289.71115
412.0,400.4698
59.0,60.759964
132.0,139.06664
329.0,343.54184
99.0,100.235916
39.0,46.68491
74.0,82.06454
46.0,66.18118
321.0,297.2159
109.0,101.731384
405.0,443.92456
112.0,90.7673
132.0,132.20042
132.0,121.857185
310.0,251.57866
132.0,71.308586
132.0,133.8173
142.0,144.47452
78.0,77.3454
132.0,132.20042
103.0,105.832405
84.0,89.53647
132.0,132.20042
40.0,49.09987
121.0,142.63383
132.0,132.20042
128.0,146.43776
174.0,147.973
132.0,121.87201
108.0,109.990974
500.0,428.2079
58.0,67.72682
291.0,217.77214
117.0,111.46552
132.0,132.20042
500.0,456.9459
67.0,74.487175
198.0,228.82306
132.0,129.48222
500.0,505.6293
332.0,354.6481
84.0,115.74493
51.0,61.304684
159.0,146.02785
132.0,131.66287
180.0,200.11719
134.0,133.19104
132.0,93.91205
117.0,202.4694
124.0,148.14023
350.0,340.47537
41.0,78.63949
132.0,134.2784
281.0,218.41597
132.0,136.61824
138.0,169.67867
346.0,303.89758
293.0,298.82776
59.0,57.140404
500.0,483.85883
132.0,132.20042
136.0,121.90996
132.0,218.06062
55.0,74.61934
110.0,130.84138
381.0,375.93353
132.0,130.49117
121.0,122.97499
288.0,228.25854
231.0,188.85391
50.0,52.711018
132.0,132.20042
257.0,318.3808
317.0,320.5138
79.0,66.832634
367.0,367.69336
145.0,135.23116
113.0,110.456215
85.0,106.4276
184.0,172.3228
154.0,89.75587
132.0,131.90591
451.0,437.1384
119.0,110.00931
143.0,133.74542
92.0,80.35025
500.0,493.77206
317.0,307.69702
338.0,331.13336
93.0,119.55742
73.0,81.634094
107.0,99.13662
124.0,127.43426
82.0,81.35073
132.0,132.20042
138.0,124.71719
132.0,132.20042
126.0,180.27437
132.0,131.33388
137.0,122.00362
500.0,468.6536
336.0,311.81873
310.0,292.12448
91.0,151.55504
220.0,228.69678
279.0,298.23688
500.0,396.03763
132.0,131.70436
295.0,299.27728
492.0,373.5193
40.0,64.29517
132.0,127.053474
74.0,107.90239
260.0,222.12453
43.0,64.27437
132.0,132.20042
233.0,117.45372
81.0,91.26597
82.0,92.36192
139.0,105.48611
132.0,132.20042
132.0,132.20042
294.0,278.01624
139.0,124.620964
500.0,443.71558
156.0,114.10559
47.0,46.054066
132.0,131.90591
79.0,64.49353
101.0,119.09503
130.0,118.76839
132.0,122.28682
132.0,131.9903
157.0,162.19781
500.0,484.94794
132.0,132.20042
65.0,85.32895
46.0,64.81349
209.0,251.41063
117.0,161.98253
112.0,129.7526
292.0,316.02997
132.0,132.20042
229.0,259.03546
226.0,287.92856
372.0,408.88736
131.0,90.12147
132.0,131.77434
132.0,131.77528
132.0,99.193924
361.0,377.72025
105.0,110.17319
107.0,67.94102
412.0,413.6781
114.0,115.53153
132.0,132.20042
132.0,132.20042
101.0,106.17901
132.0,132.20042
149.0,155.84862
104.0,98.07134
68.0,77.859116
422.0,423.34738
102.0,118.230225
341.0,304.01453
132.0,132.20042
461.0,438.05795
34.0,53.812572
240.0,204.37784
65.0,81.442085
106.0,104.70462
41.0,58.06832
176.0,122.48205
190.0,191.724
96.0,87.07286
132.0,120.1469
318.0,311.1415
84.0,96.48527
201.0,201.94206
201.0,224.86343
78.0,91.15525
148.0,166.40173
66.0,96.33638
50.0,53.144855
105.0,103.37619
160.0,198.28546
132.0,116.86168
319.0,331.1402
99.0,107.73176
333.0,288.3048
82.0,105.139366
153.0,180.97824
203.0,219.67558
261.0,162.82703
184.0,173.92702
183.0,160.67369
232.0,219.34679
335.0,348.37445
142.0,158.98422
26.0,115.414246
132.0,132.20042
101.0,107.51386
82.0,73.806274
90.0,131.13136
108.0,128.30557
221.0,224.6644
67.0,94.41757
40.0,74.18684
200.0,201.32219
142.0,162.71495
78.0,92.42489
127.0,142.37334
151.0,146.47073
132.0,131.9903
276.0,274.78088
99.0,98.48829
369.0,114.3504
132.0,132.33644
65.0,64.38918
52.0,64.47253
97.0,85.518745
132.0,127.78401
135.0,114.88631
132.0,374.92453
132.0,132.20042
500.0,428.22903
172.0,167.82242
102.0,112.810486
132.0,131.77528
359.0,302.5323
50.0,62.562073
375.0,330.29355
123.0,146.17365
189.0,140.32657
58.0,55.232155
63.0,72.067154
130.0,125.093956
360.0,337.6258
77.0,74.89919
132.0,131.77528
256.0,266.75436
196.0,178.84161
85.0,97.72777
99.0,107.02352
191.0,169.46335
79.0,77.99506
386.0,461.78357
61.0,75.39883
132.0,132.20042
357.0,380.67447
132.0,127.83039
355.0,196.86517
500.0,436.80234
222.0,238.05826
338.0,248.88095
107.0,99.2744
148.0,194.64592
132.0,176.67747
177.0,174.84625
497.0,482.84824
142.0,143.03099
132.0,131.69958
96.0,99.24812
131.0,117.03098
285.0,237.54622
429.0,471.56314
117.0,129.21793
322.0,328.13818
132.0,132.20042
173.0,150.11737
113.0,117.52006
147.0,143.10237
132.0,131.90591
132.0,130.6153
132.0,132.20042
114.0,110.31004
87.0,90.62295
437.0,301.24844
373.0,462.7831
164.0,147.20312
149.0,126.9517
56.0,86.775635
114.0,123.72195
205.0,186.9673
302.0,273.47772
371.0,366.68036
117.0,128.67883
132.0,78.9075
132.0,132.20042
132.0,175.50362
91.0,105.6048
102.0,159.58543
97.0,102.2588
327.0,291.74622
110.0,110.75211
118.0,121.90959
295.0,165.70436
330.0,338.45633
108.0,87.06801
107.0,109.38162
104.0,113.71261
396.0,374.9882
168.0,156.78323
132.0,98.050224
106.0,115.2235
77.0,86.8568
84.0,107.70681
132.0,131.90591
51.0,54.56676
132.0,223.30186
132.0,131.90591
414.0,422.8268
95.0,102.59957
75.0,82.17364
132.0,132.20042
403.0,382.49304
58.0,71.078255
100.0,98.62071
411.0,456.89093
87.0,90.975685
368.0,355.38126
63.0,71.09606
438.0,407.23352
386.0,307.3425
304.0,231.23175
102.0,103.18825
122.0,126.917915
132.0,124.18919
96.0,101.43753
132.0,132.78394
166.0,130.75562
132.0,132.20042
271.0,291.71945
322.0,321.67844
130.0,130.10645
202.0,201.69342
132.0,122.95884
132.0,132.20042
20.0,36.082153
38.0,63.473335
303.0,296.27554
34.0,56.809647
285.0,284.29608
132.0,132.20042
28.0,38.11542
87.0,86.9688
437.0,458.40063
147.0,164.66994
269.0,236.26521
146.0,151.74217
102.0,87.98655
102.0,87.12332
132.0,132.20042
319.0,293.7544
70.0,78.05444
342.0,358.79184
340.0,332.40915
99.0,96.773026
132.0,132.20042
142.0,133.7316
95.0,75.83799
43.0,79.757744
69.0,82.38116
139.0,95.44829
65.0,73.02655
145.0,131.26198
102.0,103.52711
121.0,147.9529
148.0,131.70695
132.0,131.90591
94.0,93.05944
88.0,73.07032
65.0,69.71541
61.0,65.72668
132.0,129.87473
88.0,126.98206
243.0,218.23259
78.0,98.7119
371.0,351.08582
228.0,140.1114
132.0,132.20042
88.0,102.97414
100.0,111.12733
160.0,166.67027
98.0,104.64837
47.0,43.154736
159.0,181.10625
132.0,108.1298
174.0,183.81645
111.0,92.812325
132.0,132.20042
60.0,71.55363
132.0,131.90591
79.0,83.80063
151.0,137.01689
79.0,78.60367
76.0,99.779884
29.0,45.489876
500.0,380.9488
132.0,132.20042
469.0,445.63678
56.0,75.060555
97.0,122.43746
132.0,131.90591
272.0,119.71433
500.0,471.3169
329.0,266.67368
132.0,132.20042
70.0,59.983574
324.0,289.44324
132.0,131.69958
162.0,108.15521
104.0,117.18032
333.0,338.57034
61.0,63.547485
73.0,87.27035
234.0,228.21591
130.0,119.01899
74.0,89.03505
133.0,105.117134
199.0,258.65958
190.0,170.60947
108.0,92.16498
133.0,109.67562
40.0,53.181355
107.0,104.976265
241.0,247.7872
101.0,111.34947
89.0,90.71735
52.0,51.167755
427.0,412.5141
38.0,55.633595
94.0,117.812454
364.0,419.51636
128.0,157.03897
279.0,297.01077
365.0,348.36374
73.0,65.48213
64.0,74.73324
132.0,125.9932
109.0,134.57272
71.0,100.2358
101.0,97.49715
500.0,486.36798
132.0,132.20042
62.0,86.48225
240.0,181.24747
132.0,235.90302
172.0,167.41638
132.0,131.69958
296.0,317.63065
500.0,433.64438
132.0,131.77528
132.0,70.17848
119.0,138.24123
132.0,131.69958
167.0,179.2252
132.0,131.90591
260.0,237.1157
97.0,90.751076
390.0,380.312
124.0,159.0222
168.0,168.92538
115.0,112.59875
500.0,490.85544
132.0,132.20042
132.0,123.9567
319.0,304.93753
132.0,155.91223
362.0,110.65318
143.0,145.48596
432.0,416.51978
132.0,131.23027
132.0,127.76062
319.0,308.15768
241.0,226.21031
306.0,344.23425
328.0,324.5285
316.0,292.73788
194.0,188.76953
215.0,273.32727
91.0,89.56603
132.0,132.20042
132.0,132.20042
33.0,46.86361
102.0,112.170494
374.0,331.7239
134.0,175.88478
59.0,64.344444
91.0,118.08011
221.0,218.9559
370.0,376.26288
416.0,375.5097
54.0,64.24114
57.0,63.379112
91.0,105.37362
227.0,259.90195
314.0,275.75046
132.0,131.9903
58.0,100.6123
500.0,474.45886
328.0,317.85196
160.0,151.35286
102.0,127.12633
85.0,96.233574
306.0,278.52393
267.0,261.96484
59.0,58.427204
96.0,79.78519
411.0,492.7596
129.0,144.7524
98.0,106.9161
218.0,154.61783
310.0,282.3069
126.0,102.18694
329.0,344.04877
139.0,119.32508
125.0,128.90147
500.0,357.8659
203.0,178.65738
97.0,92.70779
106.0,91.88281
68.0,87.441284
132.0,132.20042
81.0,79.88132
52.0,61.697144
206.0,245.72139
223.0,237.86081
132.0,196.23288
132.0,132.1599
196.0,158.24518
80.0,86.46588
294.0,321.6834
269.0,289.17325
53.0,67.997795
160.0,165.33104
107.0,91.05997
333.0,310.6445
81.0,101.990036
126.0,131.78285
132.0,131.90591
40.0,49.483692
132.0,128.2418
80.0,114.3542
149.0,173.2949
189.0,187.43834
173.0,147.22682
124.0,105.71271
102.0,123.22034
93.0,105.1993
429.0,417.84283
329.0,333.85757
300.0,246.874
155.0,169.75374
295.0,284.40512
54.0,64.88799
368.0,391.7169
447.0,434.35092
132.0,132.20042
335.0,377.3958
132.0,124.82399
335.0,305.23257
132.0,131.77528
102.0,95.36674
132.0,175.66833
130.0,126.804955
379.0,306.5429
138.0,183.91962
97.0,95.07433
271.0,320.96594
91.0,99.47661
54.0,77.56397
132.0,132.20042
121.0,129.56993
146.0,122.393875
132.0,132.20042
143.0,131.9156
278.0,297.48053
132.0,131.90591
132.0,132.20042
379.0,353.14322
124.0,118.79947
132.0,132.20042
308.0,302.05746
132.0,123.12138
57.0,57.252167
85.0,94.989
68.0,84.67211
68.0,84.52118
132.0,84.41372
110.0,144.94395
488.0,469.027
150.0,163.04651
116.0,128.63158
178.0,192.49802
132.0,131.90591
294.0,298.92746
74.0,81.01614
267.0,259.81558
65.0,61.9732
91.0,106.7314
152.0,136.50757
74.0,68.1681
357.0,336.2652
132.0,132.20042
132.0,246.43875
127.0,121.886055
132.0,132.20042
88.0,80.77817
63.0,69.15647
100.0,98.38002
243.0,171.47427
85.0,88.58195
119.0,128.0009
97.0,92.89052
132.0,131.69958
53.0,53.917267
132.0,131.77528
107.0,93.46816
100.0,86.89397
156.0,145.7774
74.0,77.580894
130.0,192.87234
61.0,65.87633
132.0,125.787315
130.0,118.145164
62.0,53.45773
170.0,176.71779
271.0,256.43954
132.0,131.90591
23.0,40.872276
210.0,250.7683
136.0,125.69497
106.0,92.437294
52.0,90.23442
145.0,124.41812
310.0,290.9196
65.0,73.30911
132.0,132.20042
72.0,84.85851
111.0,118.4973
34.0,404.1615
224.0,190.42574
132.0,131.69958
85.0,67.068184
375.0,342.984
132.0,124.17635
296.0,277.34427
75.0,69.04525
102.0,114.90406
106.0,106.19874
94.0,106.81774
132.0,122.38396
414.0,416.54904
149.0,243.30814
118.0,134.9812
132.0,131.77528
132.0,131.77528
304.0,291.67145
104.0,103.531876
245.0,273.9705
80.0,89.5288
105.0,108.51446
102.0,99.92384
203.0,211.50626
218.0,228.88774
37.0,50.895454
106.0,120.59752
79.0,65.371216
140.0,154.00613
132.0,132.20042
44.0,62.3602
131.0,140.60924
279.0,258.49597
114.0,111.510475
142.0,158.11505
440.0,434.90707
129.0,121.025505
56.0,67.1365
55.0,78.29406
172.0,198.67357
132.0,132.1599
132.0,124.34357
259.0,317.9563
270.0,254.6408
300.0,300.94678
85.0,94.64256
179.0,136.49039
269.0,260.18045
115.0,122.97422
100.0,112.77889
107.0,97.47268
132.0,131.9903
132.0,137.20317
121.0,86.10067
90.0,99.39831
55.0,61.22895
332.0,304.27893
201.0,124.84547
132.0,131.69958
95.0,103.008736
53.0,46.216667
124.0,160.69182
188.0,206.43367
82.0,79.261086
340.0,387.7255
106.0,133.49678
79.0,83.9959
132.0,132.20042
320.0,287.15924
166.0,180.7242
309.0,205.9233
197.0,226.09415
111.0,107.65591
41.0,62.6891
124.0,165.496
132.0,131.77528
46.0,54.36498
480.0,398.2057
500.0,498.1948
500.0,486.61588
36.0,62.157185
132.0,131.4216
82.0,106.653366
157.0,139.289
27.0,45.495766
132.0,132.20042
132.0,264.7187
132.0,131.90591
132.0,131.90591
132.0,132.20042
80.0,116.457466
41.0,56.53959
123.0,129.9011
132.0,132.20042
132.0,132.20042
160.0,136.86356
66.0,72.36648
132.0,132.20042
164.0,139.66817
71.0,87.658325
39.0,68.04879
69.0,102.03477
42.0,69.2698
132.0,131.69958
93.0,97.50502
144.0,152.21199
160.0,192.52237
132.0,157.00644
132.0,132.20042
132.0,132.20042
132.0,132.20042
132.0,132.20042
313.0,222.5881
99.0,88.9772
132.0,132.20042
344.0,328.42978
397.0,425.64566
133.0,150.03386
66.0,91.29904
316.0,350.33524
67.0,79.72206
97.0,90.444534
239.0,162.92682
411.0,343.0617
132.0,131.69958
117.0,125.80205
46.0,56.618008
132.0,132.20042
132.0,132.20042
164.0,193.05841
51.0,49.382053
260.0,246.63338
175.0,170.56952
79.0,91.175026
361.0,260.69052
305.0,290.34586
146.0,128.52429
62.0,62.012955
52.0,60.669888
61.0,64.97233
53.0,62.083096
116.0,137.9967
180.0,174.88719
313.0,310.35837
306.0,297.96542
132.0,132.20042
46.0,69.29447
132.0,131.39166
246.0,204.69257
55.0,74.41911
336.0,319.08945
131.0,138.0425
320.0,270.21072
53.0,64.33607
132.0,132.27292
132.0,151.78201
65.0,78.15312
132.0,131.77528
132.0,132.20042
75.0,80.65522
132.0,230.90443
132.0,132.20042
132.0,132.20042
134.0,147.51929
137.0,119.39365
380.0,356.47705
308.0,288.80536
296.0,336.1758
179.0,205.91962
132.0,132.20042
74.0,77.07715
132.0,132.20042
46.0,63.109463
490.0,451.76028
146.0,154.79706
257.0,214.48708
132.0,129.71184
110.0,134.12299
78.0,84.736206
153.0,123.247345
93.0,106.81163
131.0,128.48016
92.0,107.88509
110.0,125.43398
421.0,407.264
209.0,191.63945
277.0,298.41183
132.0,115.97271
132.0,131.91594
132.0,132.07416
185.0,320.5706
109.0,112.52581
454.0,421.08765
385.0,411.60147
144.0,147.8278
20.0,30.001478
74.0,71.76825
316.0,282.8976
294.0,269.51703
262.0,222.76909
81.0,102.98077
111.0,148.199
247.0,234.80096
264.0,283.27545
210.0,123.66651
107.0,100.90222
191.0,254.05624
161.0,171.94328
141.0,138.65497
185.0,186.65904
118.0,93.49539
260.0,241.48042
100.0,103.988716
102.0,86.59907
295.0,218.21782
132.0,197.5741
132.0,135.9176
75.0,91.44236
22.0,32.68124
500.0,486.49008
83.0,93.95986
325.0,317.44812
349.0,199.5566
132.0,132.20042
132.0,153.5882
223.0,236.73468
140.0,118.82085
415.0,406.39996
71.0,79.48888
131.0,141.22096
154.0,178.37318
107.0,117.26643
132.0,149.12395
132.0,131.26918
227.0,248.04137
132.0,143.81177
52.0,62.024815
132.0,132.20042
244.0,152.6227
96.0,101.48054
296.0,268.90268
174.0,188.2835
136.0,154.56357
67.0,76.23365
77.0,84.79425
227.0,192.63284
56.0,61.9137
132.0,132.07416
61.0,79.78577
401.0,292.5921
324.0,319.05515
81.0,98.60411
87.0,137.37155
277.0,299.41595
132.0,127.92669
157.0,161.44006
132.0,132.20042
321.0,323.13327
58.0,53.185276
64.0,170.71356
272.0,424.12393
47.0,47.142643
146.0,199.64577
257.0,260.0053
291.0,267.61044
156.0,203.8095
357.0,320.9566
73.0,81.14333
148.0,143.51022
392.0,250.58458
246.0,164.80586
132.0,132.20042
133.0,153.14917
224.0,229.4289
65.0,54.993847
162.0,185.116
109.0,121.305084
145.0,151.08827
67.0,60.407516
278.0,295.97177
319.0,323.5049
87.0,88.16244
132.0,132.20042
500.0,458.82904
65.0,63.829845
204.0,176.07405
29.0,48.373318
109.0,107.68211
113.0,108.50512
111.0,118.239494
98.0,91.265594
132.0,60.648056
176.0,162.20132
244.0,177.71246
132.0,131.31134
137.0,139.50354
132.0,91.605934
72.0,73.37196
132.0,131.68916
83.0,93.327354
132.0,113.0804
343.0,306.5372
219.0,265.93695
500.0,496.08527
37.0,49.20091
232.0,192.04259
103.0,91.03946
30.0,56.932568
358.0,369.1402
132.0,132.07416
130.0,113.8603
132.0,131.90591
48.0,57.220917
96.0,108.046165
337.0,348.57608
177.0,176.24307
126.0,134.96022
201.0,250.59694
60.0,69.99241
138.0,154.70345
38.0,53.211506
346.0,349.2722
75.0,83.1656
207.0,210.70992
342.0,306.4667
341.0,305.17252
386.0,365.79846
132.0,131.90591
389.0,173.59576
197.0,211.02896
56.0,56.739357
77.0,110.50784
101.0,136.68254
338.0,326.0479
57.0,56.455795
35.0,45.99401
26.0,55.121246
74.0,87.11853
84.0,144.52858
402.0,132.2516
323.0,298.44156
132.0,121.576485
132.0,132.20042
244.0,246.75455
72.0,77.84492
132.0,135.08
169.0,193.11171
132.0,131.90591
214.0,257.52548
214.0,175.95345
124.0,141.39922
137.0,151.03596
188.0,216.7582
107.0,82.916115
132.0,68.66813
132.0,78.46974
100.0,122.59574
374.0,354.0709
132.0,121.84339
226.0,183.85512
154.0,211.29478
269.0,118.786766
132.0,132.20042
42.0,50.31864
90.0,97.39587
132.0,366.37665
156.0,188.4418
132.0,81.94739
393.0,399.02505
101.0,128.95958
407.0,382.46613
60.0,52.681374
126.0,120.95476
132.0,131.90591
70.0,67.40058
132.0,131.60632
92.0,113.04891
72.0,83.2076
202.0,173.08809
132.0,132.20042
76.0,97.37151
144.0,115.53227
157.0,168.61128
42.0,52.851112
72.0,75.7051
212.0,178.32394
115.0,131.19086
329.0,323.76868
83.0,97.55451
79.0,91.93368
376.0,316.8072
87.0,147.56743
161.0,143.18753
216.0,204.63956
203.0,208.31927
100.0,98.9419
51.0,62.065033
81.0,97.33682
132.0,132.20042
167.0,206.414
113.0,129.08746
220.0,195.06902
247.0,241.32692
124.0,111.90094
367.0,294.21576
108.0,135.45988
270.0,277.05103
267.0,242.51807
100.0,117.72138
374.0,356.52878
132.0,109.050125
62.0,69.01509
89.0,95.30384
35.0,55.90588
176.0,156.8938
132.0,132.20042
174.0,112.8493
132.0,124.1335
93.0,116.70775
428.0,392.34134
155.0,191.35654
132.0,132.20042
132.0,121.62478
37.0,53.281033
252.0,222.97902
292.0,341.6404
77.0,68.11493
102.0,98.58963
132.0,131.90591
105.0,110.16208
88.0,93.526726
59.0,52.08203
109.0,107.43097
234.0,245.01767
132.0,132.07416
134.0,142.73528
435.0,354.2213
73.0,87.277245
138.0,184.97955
132.0,113.99594
106.0,104.48656
84.0,85.43781
354.0,344.6492
167.0,178.42065
204.0,218.89983
165.0,205.56116
351.0,334.86014
124.0,115.25396
79.0,77.84402
30.0,42.01476
237.0,234.84053
278.0,244.15312
95.0,76.345894
310.0,324.92987
59.0,74.44594
62.0,91.08974
83.0,105.37441
90.0,118.82734
272.0,268.90375
158.0,167.4659
73.0,80.78201
58.0,76.89017
64.0,79.15284
497.0,482.32642
228.0,323.59625
130.0,134.22256
51.0,50.35103
129.0,126.54485
167.0,187.20976
344.0,348.4098
95.0,98.81509
55.0,73.314064
121.0,129.67972
389.0,369.3248
302.0,261.23157
132.0,132.20042
186.0,148.50116
339.0,331.86124
79.0,84.887314
45.0,68.63136
496.0,399.0502
111.0,97.916916
464.0,464.336
157.0,145.88422
66.0,74.16752
27.0,38.80724
120.0,117.97955
251.0,280.49844
132.0,132.20042
347.0,343.20975
59.0,57.76002
160.0,176.66695
132.0,132.20042
132.0,132.20042
184.0,187.2079
71.0,79.19764
124.0,133.59698
154.0,169.90329
378.0,387.4424
84.0,96.14068
44.0,64.495995
92.0,109.01958
500.0,461.80673
44.0,73.53198
132.0,132.20042
132.0,132.20042
132.0,132.09654
126.0,138.84871
374.0,210.58388
132.0,115.24911
77.0,93.95726
164.0,168.23988
37.0,51.490406
132.0,76.35683
346.0,343.46582
329.0,309.6327
48.0,44.28399
132.0,132.20042
91.0,118.363525
132.0,131.71173
130.0,132.3019
362.0,342.1845
257.0,253.3575
132.0,132.20042
399.0,368.4603
242.0,212.4954
96.0,106.17073
160.0,104.59663
132.0,158.91197
77.0,100.69722
132.0,131.77528
132.0,132.20042
284.0,286.42
191.0,165.6636
154.0,146.33905
112.0,99.046814
219.0,214.25883
98.0,118.74818
132.0,131.90591
239.0,313.59592
371.0,315.28094
74.0,82.752
91.0,195.7945
302.0,276.15897
132.0,132.20042
349.0,323.37173
75.0,85.03554
132.0,132.07416
282.0,283.61526
54.0,59.12296
87.0,62.81658
98.0,83.555115
132.0,131.77528
65.0,62.892403
96.0,142.17746
132.0,127.61623
90.0,111.976326
98.0,104.02034
150.0,146.88052
103.0,127.64049
55.0,54.582664
132.0,131.77528
432.0,390.2899
132.0,132.20042
107.0,97.31197
97.0,93.67574
328.0,315.92114
45.0,58.781345
100.0,109.66889
283.0,261.76065
319.0,287.1274
189.0,181.97656
354.0,227.93152
132.0,132.20042
128.0,152.30086
159.0,118.774796
132.0,131.90591
318.0,325.14142
318.0,316.5316
198.0,165.6491
386.0,356.79727
107.0,125.4981
233.0,284.37347
281.0,188.96945
175.0,150.80777
132.0,131.42183
140.0,130.58418
62.0,58.856804
132.0,151.8654
132.0,131.77528
115.0,143.87952
132.0,132.20042
165.0,180.4644
104.0,86.54006
192.0,168.05907
255.0,281.05176
309.0,311.21277
310.0,318.48166
239.0,272.4039
95.0,94.09183
377.0,353.67224
75.0,82.83119
132.0,123.80288
112.0,90.30006
63.0,59.30332
132.0,131.30899
132.0,132.20042
87.0,96.55848
372.0,376.89737
89.0,124.31763
132.0,131.77528
132.0,131.77528
273.0,290.90622
74.0,69.89481
132.0,132.20042
96.0,110.89771
41.0,57.896576
99.0,111.360725
101.0,95.03687
126.0,133.34743
135.0,119.028915
226.0,274.20715
111.0,88.430305
227.0,224.92897
130.0,147.14333
143.0,74.88054
203.0,214.93156
221.0,242.8817
245.0,272.6454
79.0,78.53611
171.0,355.6243
422.0,236.99704
132.0,131.90591
72.0,77.77917
74.0,97.53146
63.0,64.17478
69.0,60.252502
132.0,141.7726
188.0,221.10918
81.0,93.43706
147.0,148.77664
120.0,120.54083
66.0,116.469475
236.0,202.07387
167.0,170.16554
161.0,120.783585
132.0,132.20042
310.0,307.24103
132.0,132.20042
332.0,345.04794
169.0,174.92313
500.0,495.0807
97.0,99.19693
142.0,156.89455
132.0,132.20042
361.0,342.60245
106.0,114.97084
301.0,286.03452
78.0,78.48429
351.0,347.00217
94.0,92.36897
77.0,85.843445
132.0,132.20042
144.0,147.18968
132.0,132.20042
34.0,44.85518
56.0,58.864883
307.0,352.1798
116.0,125.2947
132.0,131.69958
72.0,69.210655
132.0,132.20042
132.0,130.54115
339.0,349.45364
132.0,158.00336
132.0,132.20042
70.0,77.76706
132.0,132.20042
132.0,133.69368
75.0,95.5097
213.0,220.01234
132.0,140.98126
148.0,143.94562
132.0,131.71013
142.0,72.5083
338.0,341.2136
70.0,81.424355
175.0,165.01309
95.0,104.031265
319.0,285.4385
162.0,180.97531
170.0,177.32681
132.0,132.20042
229.0,199.98923
276.0,209.10597
87.0,85.07728
96.0,91.36043
30.0,42.38096
401.0,341.2625
132.0,132.20042
104.0,125.25496
209.0,133.72151
132.0,132.07416
270.0,181.73386
71.0,98.76095
156.0,180.31908
109.0,112.95298
75.0,78.48097
47.0,60.488228
159.0,138.05244
132.0,132.69798
62.0,76.59908
23.0,38.33393
132.0,131.69958
46.0,57.59219
202.0,223.40672
132.0,131.77528
225.0,211.14214
344.0,343.05936
132.0,129.9462
40.0,59.656338
132.0,132.20042
312.0,254.6178
52.0,65.2834
500.0,454.2913
215.0,120.04738
147.0,118.85859
132.0,131.01935
52.0,64.7986
132.0,134.44197
126.0,97.621574
55.0,55.413284
255.0,251.13084
500.0,475.6812
132.0,132.20042
313.0,271.0064
132.0,132.20042
325.0,339.2589
124.0,96.390526
126.0,152.22115
132.0,132.20042
297.0,291.42844
124.0,117.706535
68.0,73.075035
132.0,133.81628
217.0,191.81497
129.0,77.47361
232.0,160.91423
132.0,131.69958
76.0,78.59094
99.0,86.56522
132.0,131.31134
170.0,187.33102
46.0,47.271088
132.0,132.20042
82.0,101.42106
91.0,72.217316
146.0,162.64543
363.0,321.22662
77.0,89.28156
132.0,132.20042
72.0,60.61086
132.0,89.835625
310.0,290.25247
73.0,104.68556
48.0,52.930264
357.0,308.408
83.0,102.528145
83.0,87.57909
132.0,132.20042
76.0,99.26596
86.0,82.53549
309.0,287.09702
117.0,116.270645
132.0,131.90591
102.0,99.629295
132.0,132.07416
443.0,413.02493
132.0,131.6149
427.0,307.03113
132.0,132.20042
55.0,65.15066
500.0,469.31412
107.0,113.4681
326.0,330.434
17.0,112.84489
347.0,303.71918
132.0,132.20042
132.0,132.20042
132.0,132.20042
52.0,55.169613
105.0,103.320786
113.0,121.50681
78.0,95.87731
132.0,119.1471
132.0,137.6863
200.0,200.31595
137.0,142.3289
356.0,323.81738
500.0,473.29666
85.0,84.641685
81.0,80.74192
322.0,325.6914
331.0,328.93567
294.0,281.00183
180.0,175.6843
84.0,97.63175
176.0,134.61288
41.0,69.653694
150.0,183.85014
132.0,131.77528
132.0,122.483116
261.0,220.22809
109.0,119.88787
102.0,62.965767
470.0,404.83664
74.0,77.921364
358.0,350.8746
244.0,201.95317
92.0,66.943245
107.0,115.867386
87.0,101.03393
242.0,243.798
308.0,294.3233
370.0,363.13754
98.0,92.57285
49.0,58.71003
69.0,94.367065
102.0,94.20785
94.0,74.147606
339.0,320.6416
55.0,59.002914
132.0,131.77528
120.0,121.86507
58.0,60.63401
68.0,63.59195
132.0,132.20042
162.0,164.9941
431.0,461.90833
117.0,120.22859
132.0,132.20042
354.0,349.37924
493.0,387.88745
132.0,132.20042
126.0,158.84315
132.0,132.20042
103.0,106.39753
96.0,106.9426
132.0,73.78167
251.0,259.32977
132.0,130.96124
120.0,121.24731
64.0,62.28415
371.0,408.83136
261.0,293.7896
500.0,444.70316
302.0,271.7739
132.0,123.00657
27.0,62.956776
269.0,245.09908
385.0,371.7141
131.0,134.71785
132.0,131.77528
432.0,476.8235
130.0,150.79634
43.0,64.123726
318.0,426.27994
58.0,83.27957
345.0,342.6171
126.0,130.80774
221.0,247.00345
136.0,139.38988
198.0,219.3772
500.0,414.48578
132.0,132.20042
128.0,137.07497
70.0,111.03105
132.0,123.903496
132.0,131.90591
94.0,104.29848
317.0,283.24976
283.0,309.16742
86.0,74.352875
188.0,152.68385
336.0,322.55768
132.0,132.20042
141.0,139.6511
441.0,393.66443
383.0,364.607
66.0,89.09769
301.0,311.71255
215.0,87.56781
90.0,81.2332
132.0,132.07416
104.0,123.37126
69.0,73.78103
330.0,304.024
62.0,83.82018
132.0,132.20042
269.0,252.17216
142.0,118.85511
191.0,83.26233
324.0,311.94223
60.0,55.245148
164.0,134.9833
138.0,113.184555
196.0,160.50876
102.0,85.626396
71.0,81.12327
132.0,132.20042
244.0,238.36635
132.0,132.20042
132.0,131.90591
178.0,177.53821
132.0,131.90591
48.0,58.65767
56.0,58.37443
165.0,156.515
90.0,136.06229
216.0,200.95628
71.0,88.86101
90.0,121.2008
453.0,397.66873
352.0,327.6662
197.0,247.65118
182.0,124.44662
304.0,291.82086
132.0,125.786896
66.0,65.9757
47.0,67.74929
343.0,331.22955
137.0,160.36066
440.0,414.36237
132.0,127.25811
104.0,134.6689
135.0,130.06575
67.0,83.96009
48.0,55.641216
58.0,60.32588
341.0,305.87302
159.0,279.49716
325.0,345.67416
278.0,219.3523
131.0,98.396645
132.0,132.20042
132.0,132.1599
143.0,186.27094
443.0,431.34357
443.0,475.02014
236.0,193.09602
99.0,92.86119
71.0,64.48487
132.0,132.20042
155.0,132.36383
206.0,143.25229
54.0,79.59311
110.0,102.345215
132.0,277.96585
55.0,75.81254
127.0,131.60515
151.0,124.06611
357.0,322.626
132.0,131.71013
61.0,80.05815
170.0,207.85277
56.0,70.48354
132.0,132.20042
382.0,395.73694
55.0,78.546715
223.0,243.16605
106.0,88.999756
102.0,139.0313
160.0,172.28993
132.0,162.8836
144.0,143.94267
132.0,132.20042
291.0,306.97653
190.0,184.31898
438.0,330.42322
329.0,324.65945
128.0,99.58574
150.0,143.46022
101.0,109.18656
119.0,136.21254
376.0,376.218
126.0,148.70688
163.0,140.69699
145.0,163.582
182.0,198.66292
330.0,337.1044
112.0,101.5759
276.0,220.81328
94.0,104.944885
205.0,180.08138
94.0,100.5573
287.0,297.31464
233.0,256.1965
74.0,67.52368
49.0,50.307575
140.0,134.5304
123.0,144.72916
297.0,278.51294
52.0,71.68522
132.0,132.20042
44.0,68.75688
100.0,112.9501
168.0,177.29704
112.0,107.64729
207.0,220.76083
81.0,70.869736
97.0,79.24318
216.0,253.65302
66.0,62.82827
40.0,56.71437
341.0,322.16946
72.0,82.40575
122.0,132.64493
176.0,162.50343
107.0,100.02208
228.0,226.03899
126.0,227.54672
217.0,190.02264
135.0,269.87088
132.0,128.1059
32.0,43.039043
132.0,132.20042
99.0,86.93642
251.0,270.74298
132.0,86.27229
110.0,89.324615
390.0,376.67517
153.0,163.67375
93.0,111.458275
96.0,114.33737
303.0,299.93933
132.0,132.07416
132.0,132.20042
64.0,83.16392
129.0,170.55215
132.0,132.20042
311.0,309.56494
123.0,116.70709
60.0,67.81268
290.0,287.891
132.0,132.1599
89.0,99.499916
134.0,151.7935
260.0,167.98955
161.0,159.1142
196.0,206.04744
112.0,129.28203
168.0,167.83055
228.0,232.42569
258.0,229.8246
182.0,151.40244
85.0,89.7644
132.0,135.21884
132.0,116.60705
230.0,181.70197
211.0,143.70299
132.0,132.20042
359.0,330.68076
193.0,193.95981
410.0,375.8883
85.0,82.07649
136.0,153.46458
118.0,100.948845
51.0,61.561478
53.0,127.11773
409.0,393.29086
99.0,82.38551
100.0,81.51528
220.0,269.57358
147.0,143.49283
181.0,191.80199
261.0,294.5805
138.0,162.17578
137.0,135.07718
81.0,77.17808
133.0,138.61584
132.0,132.20042
106.0,115.45061
132.0,131.90591
132.0,132.20042
132.0,128.79407
84.0,92.743256
168.0,142.43134
286.0,277.51254
99.0,123.18319
284.0,273.5873
52.0,61.12485
151.0,157.26633
206.0,200.24973
132.0,132.07416
75.0,89.53527
500.0,308.60303
132.0,77.05672
57.0,55.45649
137.0,146.7316
132.0,125.25281
83.0,70.48184
87.0,98.909355
104.0,100.135765
132.0,131.90591
34.0,42.746967
355.0,336.15118
208.0,205.31667
132.0,130.08232
359.0,355.12793
102.0,112.889175
132.0,235.51486
59.0,71.78115
386.0,362.5144
144.0,136.79308
134.0,133.63885
315.0,279.29263
99.0,105.12537
316.0,274.77225
102.0,119.90496
146.0,147.18678
132.0,131.56078
133.0,140.00047
258.0,258.83963
221.0,214.23677
125.0,114.978386
269.0,239.80878
360.0,372.87857
412.0,384.1608
132.0,132.20042
390.0,368.8823
132.0,111.212906
132.0,131.69958
132.0,125.76498
108.0,85.0524
339.0,343.48233
43.0,48.366085
277.0,132.20042
266.0,272.58224
349.0,363.76038
233.0,251.0116
115.0,121.92874
265.0,280.46365
84.0,78.518135
195.0,180.58276
132.0,132.20042
316.0,320.0876
132.0,131.90591
132.0,132.1599
132.0,132.20042
132.0,110.75514
382.0,374.47678
392.0,372.4315
88.0,92.390045
312.0,303.23224
132.0,132.20042
265.0,254.11218
462.0,447.84012
76.0,71.51191
132.0,332.10477
236.0,297.50287
70.0,83.23829
105.0,108.24416
132.0,132.20042
414.0,374.30774
129.0,112.13922
92.0,101.51407
57.0,75.75463
50.0,53.70181
102.0,116.96555
422.0,152.98727
132.0,71.50935
92.0,119.22205
280.0,281.67786
130.0,124.05399
263.0,262.0083
282.0,266.70612
110.0,109.47809
107.0,101.79425
56.0,54.616352
132.0,128.6096
337.0,227.25049
132.0,131.90591
105.0,102.15372
132.0,132.48155
188.0,164.35857
48.0,48.773636
168.0,229.78543
134.0,138.1701
173.0,180.40094
105.0,103.69801
45.0,48.594864
46.0,50.540543
45.0,43.64312
212.0,105.45506
226.0,181.66846
338.0,296.4221
326.0,329.64035
139.0,134.7318
59.0,67.048225
180.0,202.64758
74.0,67.5408
102.0,102.63975
132.0,132.20042
199.0,189.55614
132.0,131.70122
142.0,152.68156
95.0,107.237656
132.0,132.07416
332.0,218.99223
63.0,65.48948
91.0,113.87026
132.0,127.81211
132.0,113.071205
148.0,165.81476
116.0,94.36277
153.0,129.35742
132.0,132.20042
154.0,166.35757
75.0,73.87581
132.0,132.20042
62.0,66.847946
84.0,92.89014
336.0,288.2104
143.0,139.96445
160.0,157.58693
132.0,127.52821
57.0,57.587074
133.0,132.97536
338.0,326.66165
143.0,120.90814
94.0,90.85248
300.0,281.3054
291.0,274.63403
235.0,224.98189
474.0,458.0642
185.0,151.96487
500.0,487.17847
291.0,253.2299
96.0,92.845406
137.0,159.64377
174.0,177.5084
292.0,197.62537
113.0,113.12874
132.0,131.90591
137.0,109.40665
253.0,268.7844
82.0,81.64576
132.0,132.20042
99.0,100.60708
261.0,228.4516
142.0,147.90787
132.0,132.20042
132.0,131.90591
132.0,132.20042
317.0,329.01227
132.0,132.20042
500.0,484.42203
222.0,223.05637
132.0,131.5027
364.0,348.92706
36.0,58.645317
118.0,102.515564
93.0,94.12598
207.0,176.80347
365.0,368.62283
132.0,295.2808
132.0,132.07416
132.0,131.69958
314.0,321.56985
211.0,203.00066
20.0,31.395443
204.0,132.20042
133.0,145.27728
308.0,277.32245
163.0,137.20706
384.0,442.4827
77.0,90.85118
77.0,83.999985
107.0,143.52597
316.0,312.7767
335.0,349.5314
132.0,151.79782
67.0,84.33605
69.0,70.84909
132.0,131.77528
86.0,89.85816
132.0,132.1599
50.0,68.81694
144.0,125.75808
78.0,64.47519
113.0,103.06805
103.0,88.52991
69.0,68.87209
164.0,136.99832
72.0,87.938545
160.0,176.1267
108.0,122.401985
400.0,415.39633
107.0,116.07618
148.0,137.5981
78.0,84.963264
121.0,120.73038
132.0,131.1974
132.0,280.5031
82.0,95.1087
98.0,95.11596
132.0,132.20042
106.0,145.12148
165.0,134.9346
77.0,99.149284
62.0,58.084633
178.0,193.35379
337.0,275.73892
99.0,105.257805
33.0,60.490196
185.0,208.01036
74.0,101.12678
310.0,326.59134
418.0,433.0264
78.0,78.45959
149.0,146.09314
132.0,152.43571
339.0,356.57068
112.0,72.88796
94.0,101.84872
132.0,92.59505
242.0,236.15831
165.0,183.54582
81.0,83.28262
58.0,59.988617
111.0,134.00293
81.0,88.89112
132.0,131.90591
140.0,130.8663
249.0,222.76653
75.0,77.53511
132.0,132.20042
70.0,55.061203
305.0,278.34235
237.0,179.50687
304.0,346.98505
87.0,80.917656
339.0,299.3527
132.0,132.20042
100.0,74.39275
354.0,390.423
243.0,198.38318
389.0,364.79504
46.0,58.604733
60.0,55.23284
130.0,117.73408
132.0,141.99925
133.0,188.59167
116.0,137.32771
31.0,42.887875
325.0,318.0278
132.0,132.20042
132.0,132.1599
132.0,126.72876
56.0,49.560577
132.0,131.90591
98.0,117.916534
209.0,186.07512
132.0,132.20042
96.0,78.07638
244.0,254.47382
192.0,194.38101
500.0,505.14017
100.0,77.54334
69.0,90.49471
114.0,119.63146
132.0,362.43845
132.0,132.20042
297.0,246.48752
161.0,145.84093
132.0,131.97598
95.0,106.63014
204.0,205.98206
132.0,131.77528
164.0,164.27643
141.0,149.61436
132.0,192.54996
178.0,189.32721
109.0,131.06752
407.0,441.83167
79.0,80.74081
126.0,125.25851
109.0,89.40238
132.0,200.7629
100.0,115.82711
33.0,52.128452
112.0,157.3056
68.0,97.57509
134.0,157.16837
395.0,369.5166
52.0,59.872414
316.0,293.2227
372.0,337.64563
132.0,132.20042
80.0,88.25859
357.0,319.34833
223.0,188.91063
118.0,155.10582
89.0,108.85568
45.0,57.14482
50.0,64.32159
59.0,69.64172
65.0,70.66921
132.0,134.63326
61.0,84.600914
94.0,98.687675
263.0,235.24072
150.0,161.3474
396.0,428.70392
111.0,119.8215
130.0,133.96083
85.0,120.37604
136.0,138.67648
132.0,131.77528
132.0,132.20042
130.0,123.42617
162.0,167.34105
132.0,132.20042
500.0,498.06992
41.0,54.71916
82.0,82.657104
103.0,116.505196
51.0,61.69031
90.0,98.65018
157.0,158.0945
132.0,132.20042
103.0,112.79473
106.0,109.12212
333.0,309.87714
97.0,110.49652
68.0,56.714985
49.0,63.28234
132.0,138.94519
132.0,132.20042
216.0,192.28877
132.0,109.0354
132.0,93.99614
500.0,492.95694
217.0,191.55559
311.0,288.84406
63.0,65.55176
155.0,140.38951
75.0,78.991585
132.0,134.00879
435.0,419.2963
84.0,80.9054
132.0,133.875
84.0,84.64708
500.0,483.0228
92.0,89.24682
152.0,157.00961
158.0,130.19586
104.0,98.52125
140.0,139.1724
42.0,47.390446
132.0,131.9903
39.0,41.371468
99.0,103.69638
132.0,114.65931
164.0,110.79828
132.0,57.64608
84.0,75.41766
500.0,368.25006
132.0,131.90591
132.0,132.20042
222.0,259.32568
174.0,173.81825
359.0,359.5005
343.0,274.53113
132.0,132.20042
287.0,285.64474
132.0,155.577
60.0,74.966866
132.0,131.90591
115.0,117.00976
132.0,118.413185
117.0,148.59474
78.0,75.01543
208.0,192.0995
268.0,242.54384
162.0,176.47571
96.0,120.43833
244.0,275.65555
51.0,65.303604
350.0,351.61874
148.0,146.5447
94.0,123.5577
132.0,74.55868
132.0,102.064896
80.0,106.277756
132.0,132.20042
329.0,313.11435
101.0,135.34286
366.0,376.4547
65.0,73.90491
321.0,189.20242
144.0,143.18816
132.0,134.99574
104.0,121.53647
421.0,442.24252
64.0,67.008896
216.0,239.95909
70.0,89.91683
223.0,214.9261
376.0,380.69696
316.0,286.87537
132.0,132.20042
152.0,167.52878
500.0,347.05508
49.0,66.94297
120.0,118.801834
132.0,162.84723
111.0,138.68578
203.0,200.05914
108.0,134.24574
164.0,152.03702
70.0,66.00355
63.0,63.220245
64.0,87.8785
307.0,281.40112
320.0,304.6226
132.0,131.90591
31.0,44.39119
69.0,86.73747
340.0,318.59885
132.0,131.69958
327.0,311.18335
66.0,96.38262
132.0,132.20042
132.0,136.86426
362.0,350.33295
156.0,117.50751
500.0,500.07962
238.0,144.43944
104.0,124.051155
132.0,241.41522
99.0,99.143715
106.0,105.08682
119.0,130.82365
147.0,134.0544
272.0,319.26273
75.0,74.30507
85.0,96.70621
81.0,100.37764
234.0,273.75912
78.0,75.825745
132.0,131.39853
132.0,82.62155
118.0,154.11606
85.0,84.21749
51.0,59.209675
340.0,315.0479
81.0,108.41908
102.0,98.66955
132.0,131.90591
80.0,94.421005
258.0,295.22733
55.0,68.48043
132.0,131.90591
103.0,100.41974
70.0,66.93208
307.0,302.96637
176.0,162.21887
194.0,183.66249
132.0,132.20042
282.0,301.33676
243.0,246.87054
146.0,163.47566
110.0,120.42805
132.0,131.9903
132.0,382.3227
77.0,83.97638
215.0,189.08661
42.0,60.958324
130.0,129.58778
90.0,110.58343
155.0,148.5817
132.0,136.57281
132.0,132.20042
56.0,58.6014
386.0,384.67468
72.0,79.39727
355.0,227.64896
173.0,123.85459
64.0,73.594864
392.0,382.41507
132.0,131.90591
132.0,110.83675
159.0,168.01291
495.0,460.03442
84.0,71.43444
55.0,47.79287
132.0,132.20042
93.0,94.4506
132.0,131.90591
313.0,291.68268
132.0,132.20042
70.0,79.70717
202.0,189.41183
82.0,105.61971
294.0,313.90598
132.0,131.90591
90.0,95.98048
105.0,118.2609
102.0,99.05512
450.0,437.8614
73.0,75.34891
93.0,106.23707
122.0,141.51866
80.0,97.21506
91.0,102.199776
76.0,85.36055
132.0,133.33806
132.0,132.20042
500.0,493.85654
59.0,79.64998
145.0,156.09636
56.0,68.31119
343.0,353.68356
132.0,132.20042
131.0,118.41158
132.0,131.77528
306.0,284.4835
106.0,99.54418
185.0,157.86397
16.0,46.793015
174.0,176.74196
464.0,341.5449
38.0,62.330795
352.0,366.5031
115.0,135.16025
73.0,95.884575
148.0,172.21078
251.0,243.98422
132.0,132.06302
135.0,125.99049
137.0,130.82486
77.0,94.29424
223.0,171.68018
154.0,166.14798
152.0,161.21489
60.0,76.435715
220.0,282.71265
132.0,132.20042
176.0,124.04098
132.0,131.77528
98.0,104.17853
132.0,132.20042
313.0,273.2547
208.0,213.68262
158.0,167.19653
67.0,66.69322
93.0,85.767494
132.0,132.20042
245.0,239.16693
87.0,104.86823
285.0,253.01509
132.0,129.2382
88.0,90.32809
60.0,58.015083
160.0,146.93503
99.0,115.34548
132.0,123.88929
132.0,124.912285
81.0,104.51448
176.0,191.49829
132.0,68.98972
50.0,49.269478
260.0,284.11026
304.0,300.61502
175.0,197.98126
26.0,39.286762
132.0,132.20042
132.0,187.36191
96.0,95.95522
493.0,438.45932
97.0,110.06336
346.0,298.89
110.0,144.54272
220.0,217.00868
132.0,133.64836
112.0,126.604355
268.0,311.9237
436.0,469.57874
461.0,344.5614
85.0,97.59168
123.0,107.978294
57.0,75.024414
64.0,65.49996
126.0,128.34207
106.0,115.70641
50.0,59.047
218.0,134.30997
132.0,132.1599
132.0,132.20042
65.0,56.756832
132.0,236.51566
318.0,309.5712
183.0,198.63046
145.0,182.728
99.0,116.630035
65.0,63.867554
97.0,82.49328
116.0,128.72543
52.0,57.009586
234.0,223.38742
39.0,78.49364
192.0,156.08626
92.0,93.7677
275.0,259.75632
419.0,475.29224
134.0,181.32115
328.0,326.28735
132.0,94.97129
62.0,60.540592
109.0,105.74591
214.0,210.9142
38.0,50.47539
132.0,132.20042
132.0,131.90591
56.0,55.239967
253.0,161.87035
132.0,127.81542
139.0,141.34503
132.0,131.69958
63.0,89.90785
84.0,94.462296
450.0,448.3941
156.0,163.14275
93.0,92.73327
329.0,327.65863
52.0,59.810043
132.0,132.20042
208.0,252.16476
332.0,162.98761
174.0,186.99231
145.0,150.02525
79.0,103.34246
361.0,377.58835
202.0,211.87057
111.0,197.00378
36.0,61.680096
348.0,407.62646
151.0,152.8945
48.0,61.931557
132.0,120.89246
289.0,237.50645
125.0,112.88477
58.0,58.167305
102.0,96.83276
78.0,73.06426
113.0,108.23683
132.0,132.20042
167.0,145.23453
132.0,132.07416
132.0,127.808426
319.0,256.4486
406.0,364.73935
58.0,75.437706
304.0,318.78564
132.0,132.20042
238.0,281.09415
133.0,134.75327
162.0,158.52655
202.0,213.49712
330.0,316.10272
129.0,114.10556
83.0,82.79746
500.0,480.43875
93.0,82.186485
470.0,476.64008
61.0,60.517086
361.0,315.06607
188.0,161.04134
123.0,133.60278
132.0,89.881645
77.0,69.22649
224.0,225.71306
74.0,84.24519
132.0,131.75452
72.0,130.25188
132.0,132.20042
94.0,99.76317
333.0,291.77344
431.0,470.30222
52.0,71.37422
203.0,195.28775
224.0,234.23859
145.0,123.571815
62.0,73.148834
132.0,131.90591
414.0,399.68115
132.0,127.28607
132.0,132.20042
151.0,143.1397
70.0,73.61483
66.0,71.71634
115.0,117.45343
355.0,374.55792
132.0,88.151825
132.0,132.20042
340.0,304.42578
52.0,56.17307
133.0,163.3965
175.0,119.72886
174.0,162.42984
142.0,146.21022
151.0,174.52405
189.0,140.46704
32.0,46.47464
121.0,116.72639
132.0,224.65907
263.0,259.30273
132.0,132.20042
53.0,53.306484
132.0,116.06202
83.0,84.03588
415.0,390.02454
161.0,153.8034
68.0,81.22236
130.0,100.05618
110.0,98.22858
153.0,160.37665
132.0,138.08441
223.0,241.47383
43.0,48.97247
132.0,166.84944
78.0,121.66827
132.0,134.75104
95.0,106.24324
132.0,296.76163
85.0,95.03122
26.0,38.188427
23.0,37.180737
100.0,127.84182
214.0,155.83238
402.0,363.68198
132.0,132.07416
146.0,148.96423
132.0,132.20042
41.0,60.290916
317.0,322.60516
201.0,233.72255
132.0,132.20042
33.0,49.55805
132.0,132.20042
109.0,106.610435
75.0,91.55858
132.0,131.90591
24.0,194.30612
483.0,475.5124
330.0,315.56506
165.0,155.1014
132.0,132.07416
239.0,250.32248
137.0,127.37474
392.0,343.57523
41.0,49.540363
165.0,126.75288
176.0,132.20042
101.0,97.61459
128.0,172.72357
132.0,165.993
268.0,313.61224
132.0,168.74998
132.0,131.97598
146.0,160.87811
122.0,168.12292
83.0,82.864174
300.0,301.36166
61.0,60.93517
73.0,81.95418
91.0,97.576004
132.0,124.74511
236.0,198.42479
500.0,495.61703
265.0,276.88034
59.0,69.17498
132.0,132.20042
132.0,135.38086
206.0,202.26749
164.0,152.13919
73.0,93.35924
147.0,163.68497
98.0,108.310005
132.0,136.04793
132.0,131.69958
93.0,129.00735
57.0,57.235508
149.0,126.19347
479.0,392.53146
165.0,162.48456
132.0,131.69958
435.0,401.88568
52.0,77.42296
132.0,124.75371
48.0,50.84879
26.0,46.09529
69.0,66.53643
244.0,240.27501
500.0,472.94986
132.0,131.90591
253.0,265.8858
155.0,145.08038
167.0,174.05971
132.0,123.46754
46.0,59.94446
297.0,270.65826
126.0,101.05139
117.0,131.8711
83.0,86.245
132.0,131.90591
108.0,112.00067
84.0,130.05038
132.0,303.8195
103.0,78.59797
147.0,122.08121
207.0,177.31068
132.0,132.20042
126.0,140.806
235.0,226.40868
78.0,62.465874
215.0,210.73224
68.0,65.51199
58.0,55.187
132.0,140.77022
132.0,132.20042
135.0,137.9151
276.0,265.12985
352.0,397.31595
85.0,111.8234
86.0,70.808525
126.0,118.01971
51.0,63.811092
132.0,132.07416
46.0,45.71633
62.0,82.350464
347.0,338.71918
132.0,131.77528
158.0,169.8516
103.0,129.2339
322.0,318.91977
132.0,132.20042
134.0,139.53792
141.0,185.70795
145.0,155.37022
292.0,222.4867
193.0,186.01639
132.0,131.77528
218.0,224.68465
102.0,124.25692
281.0,275.69577
500.0,498.59076
500.0,482.72623
52.0,63.242233
132.0,131.67929
132.0,146.98068
132.0,132.20042
52.0,69.41072
74.0,79.29955
104.0,103.11289
132.0,122.84533
187.0,295.44656
500.0,482.7163
179.0,178.75673
73.0,75.791954
310.0,295.50858
159.0,159.99747
132.0,131.69958
112.0,77.18633
62.0,71.33904
88.0,72.06819
322.0,296.82785
315.0,311.2917
81.0,110.48238
110.0,116.52264
132.0,129.79335
110.0,86.52411
215.0,216.32193
85.0,94.58885
132.0,135.6137
54.0,64.724174
122.0,119.51974
132.0,54.565155
40.0,56.025616
209.0,201.09412
76.0,75.084984
88.0,101.97348
94.0,107.16936
235.0,188.4231
132.0,131.77528
111.0,107.316574
95.0,105.260216
500.0,475.43146
143.0,143.99185
78.0,61.281853
90.0,72.38147
361.0,349.4752
193.0,188.39334
132.0,132.20042
114.0,127.20653
132.0,132.20042
417.0,301.6167
59.0,71.32505
267.0,240.5196
132.0,160.60144
49.0,84.88831
90.0,88.11318
132.0,131.90591
195.0,181.5648
292.0,276.4734
151.0,130.7568
55.0,71.91389
164.0,128.27657
132.0,131.90591
74.0,77.72425
255.0,213.81766
231.0,207.98595
270.0,229.34967
123.0,133.68286
298.0,334.0842
119.0,138.67494
132.0,117.28428
46.0,60.019596
177.0,188.31512
132.0,132.20042
132.0,132.20042
132.0,132.20042
229.0,230.47188
103.0,113.8485
302.0,244.80641
132.0,132.20042
158.0,163.72495
58.0,63.700134
345.0,332.72314
130.0,127.95043
132.0,132.20042
176.0,188.1722
74.0,92.63048
147.0,162.52052
132.0,132.20042
314.0,308.0684
111.0,113.91467
47.0,54.201218
215.0,285.37262
130.0,139.72914
93.0,113.58185
176.0,204.44551
83.0,84.75057
132.0,132.20042
86.0,94.93419
33.0,40.917385
100.0,101.05502
104.0,122.33382
122.0,141.28683
100.0,92.466415
334.0,295.8475
406.0,434.72046
156.0,177.73514
351.0,326.88248
163.0,160.94641
232.0,243.59477
132.0,136.5603
80.0,76.944595
142.0,145.09554
200.0,132.20042
410.0,396.31244
302.0,340.74658
52.0,42.731518
132.0,131.90591
112.0,123.32604
44.0,58.819607
94.0,80.664825
46.0,74.628815
132.0,132.20042
500.0,400.7298
132.0,321.7914
189.0,193.59805
132.0,132.20042
69.0,73.03295
132.0,119.50498
77.0,74.4061
132.0,132.20042
500.0,495.79785
122.0,139.71082
275.0,249.32957
132.0,124.12953
38.0,43.28073
175.0,89.90643
324.0,307.09583
265.0,285.79178
87.0,94.797455
258.0,253.06354
300.0,317.3149
102.0,105.33541
43.0,59.363663
351.0,287.18033
261.0,256.1973
132.0,126.559044
112.0,125.43334
132.0,132.56035
132.0,132.46709
172.0,176.65494
98.0,118.94918
72.0,77.849106
286.0,235.39081
43.0,53.345825
96.0,94.47807
312.0,313.59903
347.0,358.26767
500.0,395.4616
54.0,55.13214
92.0,100.40636
124.0,107.39564
136.0,135.00566
308.0,271.67123
253.0,237.8509
270.0,258.49454
500.0,491.33606
99.0,102.78712
73.0,91.77927
132.0,370.02332
337.0,296.37057
132.0,131.90591
79.0,89.53148
294.0,285.00162
332.0,351.54645
132.0,132.20042
368.0,350.87003
230.0,214.36415
117.0,68.92465
310.0,319.65146
132.0,137.55795
114.0,132.20042
117.0,140.6666
58.0,65.051414
132.0,130.94113
93.0,99.487526
57.0,71.04593
94.0,95.74821
314.0,289.45007
169.0,239.57137
366.0,353.25235
132.0,137.20306
49.0,59.28642
500.0,496.33557
104.0,136.85548
121.0,124.427185
132.0,132.20042
226.0,202.77827
244.0,231.45221
121.0,110.69063
188.0,169.46783
429.0,372.62082
334.0,313.66888
103.0,100.609985
321.0,315.27097
300.0,261.37207
96.0,96.07884
155.0,117.10241
215.0,230.74011
113.0,106.8475
132.0,126.98123
171.0,161.20848
302.0,291.30304
386.0,388.5453
300.0,289.23828
158.0,164.5391
264.0,296.02686
162.0,124.061806
212.0,175.15717
57.0,69.39175
208.0,156.54907
113.0,111.732254
49.0,82.02718
77.0,77.7555
275.0,253.53308
132.0,129.78308
196.0,191.3548
132.0,132.20042
71.0,82.28899
89.0,109.48352
46.0,49.59031
132.0,132.20042
119.0,147.24612
73.0,65.2379
132.0,139.84833
184.0,208.06494
132.0,125.06862
95.0,105.11647
214.0,256.51968
177.0,137.91931
222.0,198.17625
132.0,131.62772
206.0,194.6874
255.0,261.20004
66.0,66.37659
315.0,170.81572
244.0,263.5442
209.0,247.80997
77.0,89.84204
455.0,403.36194
124.0,130.66986
121.0,92.72331
96.0,101.323425
74.0,80.84298
288.0,282.31857
89.0,92.71317
375.0,349.41574
500.0,476.0337
110.0,112.59696
311.0,291.43503
92.0,103.049095
99.0,110.437775
467.0,485.1578
132.0,132.20042
86.0,75.3952
71.0,78.57186
306.0,282.5062
35.0,49.62674
118.0,118.76767
234.0,168.47763
348.0,305.68753
132.0,131.77528
228.0,190.20422
132.0,132.20042
156.0,177.97456
154.0,110.18441
404.0,458.84628
132.0,132.20042
326.0,322.27612
340.0,308.87848
132.0,131.77528
277.0,277.29236
385.0,375.7015
132.0,131.07518
172.0,135.98903
136.0,119.793846
132.0,71.04872
441.0,384.10864
199.0,215.28423
131.0,110.44649
82.0,64.541504
168.0,148.82547
340.0,332.6408
103.0,110.01803
204.0,197.07777
55.0,49.68716
93.0,95.31831
132.0,76.42708
121.0,131.45354
132.0,149.89188
131.0,143.40977
235.0,231.94705
132.0,60.31819
132.0,132.20042
121.0,125.83118
103.0,91.779274
57.0,60.888794
350.0,318.6549
184.0,229.46439
132.0,131.9903
134.0,142.10912
131.0,143.59154
296.0,358.03336
88.0,115.64183
393.0,283.76804
51.0,59.025208
59.0,72.85819
394.0,360.071
210.0,157.86154
58.0,77.04477
43.0,46.50163
132.0,325.5696
206.0,199.37556
118.0,122.258415
136.0,146.1194
66.0,75.167625
340.0,299.8783
150.0,136.8791
156.0,182.0476
484.0,438.83502
132.0,131.9903
103.0,109.16644
157.0,146.43146
48.0,52.748707
48.0,63.96636
309.0,236.66277
132.0,135.16014
132.0,131.70436
70.0,74.049736
206.0,320.06485
255.0,184.41406
110.0,96.14718
132.0,132.20042
63.0,71.65506
329.0,333.09546
337.0,339.33112
119.0,121.20912
132.0,132.20042
183.0,175.2774
410.0,365.04077
80.0,93.93098
54.0,55.623062
115.0,93.528336
109.0,100.58969
259.0,235.4891
104.0,105.69614
132.0,132.20042
132.0,135.0943
216.0,223.26108
132.0,141.37955
39.0,47.450912
141.0,127.90325
168.0,196.87845
45.0,51.244545
107.0,113.056274
132.0,131.9903
132.0,132.20042
55.0,83.597984
54.0,56.25591
68.0,78.83437
114.0,99.16306
298.0,261.9902
301.0,281.85388
271.0,295.79404
213.0,194.00067
132.0,164.75014
53.0,52.90863
54.0,52.795704
241.0,247.92839
100.0,109.996765
115.0,111.59275
125.0,132.37837
90.0,113.56892
48.0,57.70169
300.0,280.76157
154.0,115.09114
132.0,110.0831
102.0,102.21946
177.0,159.14133
81.0,88.557106
96.0,105.8446
66.0,38.468006
115.0,105.07469
100.0,135.86183
62.0,75.065834
111.0,109.94697
243.0,237.04425
95.0,113.79055
150.0,156.89795
500.0,488.41992
132.0,132.20042
473.0,383.92313
149.0,172.36772
132.0,131.90591
105.0,102.65204
114.0,125.848076
84.0,88.90756
158.0,171.9613
104.0,84.08112
129.0,149.94067
94.0,94.27795
178.0,168.38678
241.0,264.9441
132.0,131.76216
126.0,132.32812
132.0,132.1599
42.0,50.062057
55.0,72.740814
128.0,139.86754
132.0,131.90591
45.0,44.0039
132.0,131.90591
213.0,228.62616
51.0,59.586044
86.0,72.74163
77.0,71.08571
57.0,59.107323
120.0,157.82642
132.0,131.77528
333.0,304.64948
132.0,132.20042
56.0,69.71815
187.0,179.33488
132.0,131.90591
73.0,69.38186
98.0,113.162
132.0,132.20042
327.0,322.0759
132.0,133.54424
132.0,131.90591
124.0,135.17545
62.0,62.459393
324.0,309.39224
162.0,171.25732
44.0,72.711334
422.0,409.35648
490.0,466.3038
163.0,154.99861
121.0,132.92416
491.0,467.90262
391.0,393.71667
332.0,321.833
394.0,379.83194
30.0,45.528847
203.0,245.46196
357.0,385.54623
273.0,229.35826
87.0,106.066475
205.0,211.15677
313.0,297.6271
369.0,386.73465
132.0,292.03296
435.0,328.09302
132.0,263.40985
132.0,135.26932
71.0,64.33464
305.0,251.97394
452.0,410.3127
177.0,173.8365
132.0,131.69958
132.0,132.20042
500.0,396.08768
500.0,450.676
364.0,366.81845
184.0,177.46523
91.0,139.82437
132.0,131.71863
218.0,214.33997
129.0,131.97646
67.0,71.19785
192.0,146.51933
78.0,96.75059
200.0,197.59279
246.0,174.04541
169.0,136.8589
60.0,88.738335
90.0,96.17064
75.0,95.95902
110.0,99.396515
431.0,440.3652
362.0,341.6043
300.0,206.3268
109.0,123.27678
76.0,98.06848
132.0,126.89294
132.0,116.290535
92.0,98.1668
51.0,58.422764
166.0,169.36476
54.0,67.7474
286.0,284.92462
197.0,151.04446
76.0,76.21041
118.0,122.38958
132.0,132.20042
132.0,132.20042
62.0,75.93657
116.0,135.41039
72.0,72.769936
500.0,492.7083
92.0,87.58377
116.0,123.02897
262.0,239.01523
158.0,172.78276
112.0,104.8144
90.0,94.232155
500.0,469.96527
69.0,72.8209
404.0,414.34378
132.0,132.20042
80.0,74.2502
132.0,132.20042
149.0,171.91566
358.0,361.08347
132.0,131.90591
132.0,139.84843
307.0,271.14227
86.0,93.498566
360.0,418.6752
498.0,485.48947
33.0,52.580677
100.0,113.6895
95.0,109.82307
107.0,104.49598
308.0,295.4763
92.0,103.20467
75.0,90.60153
103.0,104.531685
100.0,101.32488
96.0,112.05036
63.0,65.03655
72.0,80.292046
132.0,132.1599
132.0,428.134
103.0,108.457825
500.0,484.35443
155.0,159.38881
77.0,82.30084
367.0,362.85397
28.0,58.001488
91.0,92.50192
279.0,230.44028
86.0,90.935265
79.0,74.51663
107.0,113.63147
430.0,385.9433
132.0,132.1599
216.0,235.71274
78.0,88.780624
107.0,110.12701
86.0,76.52906
500.0,439.4012
341.0,289.18106
174.0,185.8927
92.0,97.6653
132.0,132.20042
345.0,312.33435
132.0,147.62143
132.0,135.15671
243.0,198.4914
147.0,148.61974
71.0,53.294544
32.0,54.63749
107.0,128.08943
346.0,356.51254
99.0,109.759674
132.0,131.90591
75.0,79.866104
132.0,132.07416
430.0,413.89395
103.0,87.146706
132.0,131.34357
86.0,100.75783
124.0,136.7608
420.0,417.43652
306.0,208.75246
434.0,468.3189
132.0,132.20042
45.0,50.076023
110.0,112.75563
120.0,128.55814
291.0,210.84102
127.0,134.70532
67.0,100.18762
319.0,329.17947
215.0,141.41844
241.0,287.34576
132.0,132.20042
160.0,159.8338
132.0,85.01964
97.0,138.38692
113.0,152.59845
324.0,328.47128
161.0,162.31108
132.0,131.90591
244.0,167.8432
46.0,54.504715
102.0,111.39771
197.0,255.89714
267.0,196.39615
117.0,97.73004
79.0,74.46851
140.0,144.58847
298.0,237.19734
101.0,93.879364
234.0,238.61836
53.0,62.97472
249.0,199.1754
115.0,143.41847
104.0,101.345604
93.0,121.43744
132.0,132.20042
118.0,135.07272
132.0,188.84718
114.0,117.70141
145.0,131.73253
85.0,60.45123
167.0,197.14185
68.0,78.29403
259.0,315.08835
266.0,275.69852
109.0,100.0819
346.0,344.94516
165.0,167.08641
253.0,252.77817
66.0,74.13909
79.0,90.291306
157.0,149.13306
132.0,121.656715
132.0,132.20042
404.0,402.28043
84.0,77.54018
40.0,52.12982
106.0,141.0432
500.0,495.61844
381.0,372.39935
102.0,132.84784
500.0,426.5864
132.0,131.77528
132.0,132.20042
111.0,125.351746
79.0,74.20371
86.0,93.91697
83.0,73.77633
100.0,101.480156
37.0,50.3847
259.0,216.00804
132.0,132.20042
348.0,314.72653
92.0,92.242615
40.0,77.36922
72.0,85.85333
79.0,87.1197
48.0,62.122486
84.0,104.34928
219.0,222.9546
183.0,103.23945
99.0,109.368546
265.0,242.1696
72.0,85.99642
230.0,231.97447
248.0,253.0348
308.0,302.47348
77.0,63.456783
62.0,89.159676
132.0,132.07416
176.0,150.0896
211.0,215.58038
408.0,419.91745
132.0,126.36041
132.0,132.20042
297.0,281.47702
132.0,127.57479
334.0,322.35474
103.0,114.067955
105.0,99.52841
146.0,106.66852
52.0,65.48078
132.0,130.751
68.0,104.607414
97.0,108.47371
202.0,239.91116
132.0,131.90591
414.0,419.03107
58.0,62.696754
56.0,74.56007
154.0,159.96947
31.0,71.494194
132.0,139.27602
354.0,332.81104
180.0,187.56343
288.0,291.1321
324.0,283.42316
114.0,115.58933
108.0,107.50083
73.0,104.90184
156.0,81.95444
319.0,316.86365
88.0,107.51977
357.0,346.87753
116.0,114.750175
108.0,130.19403
155.0,142.94438
132.0,131.91594
132.0,140.6056
61.0,63.930416
49.0,62.88196
97.0,114.84893
361.0,322.17526
132.0,132.20042
328.0,322.14264
113.0,130.141
132.0,132.1599
101.0,97.912605
132.0,133.86215
177.0,162.1379
316.0,338.28018
132.0,132.20042
132.0,132.20042
107.0,90.928314
132.0,132.07416
132.0,132.20042
84.0,98.24598
136.0,132.0878
321.0,322.9038
76.0,83.4462
73.0,96.87398
194.0,162.8217
160.0,159.95801
104.0,130.56924
85.0,91.1717
73.0,63.2931
132.0,131.77528
42.0,73.877174
132.0,131.90591
327.0,313.1411
132.0,132.73048
82.0,75.63382
48.0,69.669556
132.0,129.0986
55.0,68.84473
132.0,116.05233
132.0,241.64085
104.0,129.4422
178.0,91.53138
327.0,192.35501
62.0,60.5923
223.0,169.32988
132.0,131.69958
216.0,185.36304
125.0,179.94148
418.0,433.63748
132.0,119.85675
132.0,136.99286
132.0,132.20042
132.0,132.20042
280.0,311.5022
174.0,192.21722
234.0,237.81483
132.0,126.61234
91.0,107.72765
102.0,101.60168
132.0,125.85242
141.0,132.14516
46.0,123.40431
56.0,59.899887
142.0,189.58669
74.0,80.16451
57.0,62.636986
479.0,486.12393
132.0,129.56895
46.0,44.96049
82.0,84.669556
145.0,147.59366
217.0,97.33247
132.0,131.9903
168.0,190.27768
132.0,132.20042
132.0,132.07416
153.0,128.56538
86.0,156.0355
316.0,277.50122
101.0,98.76022
132.0,132.20042
132.0,132.20042
159.0,160.28226
121.0,138.54245
66.0,65.73203
400.0,401.22168
355.0,387.88483
88.0,106.594406
132.0,131.90591
152.0,291.43582
110.0,117.40605
284.0,247.07999
92.0,70.04557
99.0,157.88072
18.0,63.216618
326.0,304.33865
65.0,68.82114
93.0,61.570904
149.0,146.99937
84.0,94.56679
337.0,325.81918
332.0,321.66806
83.0,97.28313
99.0,103.32513
343.0,337.80347
69.0,84.540985
132.0,132.20042
75.0,73.23079
57.0,87.231766
87.0,97.00246
129.0,139.37024
161.0,196.45772
103.0,114.80056
247.0,201.50534
132.0,111.16459
132.0,130.89682
500.0,500.38712
132.0,131.90591
126.0,93.368324
112.0,111.0514
192.0,156.37418
330.0,332.50064
132.0,132.20042
63.0,62.352848
372.0,356.91455
46.0,61.607025
364.0,377.831
85.0,78.146835
80.0,103.84404
50.0,67.77495
157.0,145.95609
120.0,128.7146
40.0,79.47462
329.0,372.75806
89.0,87.45769
165.0,177.09467
27.0,50.306286
93.0,88.73859
112.0,91.31345
27.0,45.000736
104.0,96.65172
94.0,93.03999
127.0,124.930595
139.0,114.78266
49.0,55.22192
132.0,141.0415
369.0,375.2632
232.0,223.4426
132.0,126.80833
132.0,132.13365
37.0,41.348244
33.0,53.354595
222.0,174.25116
36.0,41.297894
60.0,60.68026
306.0,283.08365
132.0,132.20042
491.0,428.6354
322.0,325.41534
74.0,80.84526
166.0,166.36218
132.0,132.1599
107.0,110.935555
98.0,102.404625
66.0,84.53625
72.0,94.08303
73.0,80.47488
132.0,133.19635
245.0,276.2484
74.0,66.41948
417.0,430.33685
122.0,103.4669
66.0,63.71322
224.0,216.21394
35.0,44.33565
379.0,339.85187
223.0,238.68958
312.0,253.85005
123.0,127.308945
206.0,232.75027
56.0,71.84725
136.0,193.99406
85.0,104.72914
56.0,57.37165
357.0,320.0498
74.0,92.118034
252.0,275.61148
191.0,215.34175
86.0,111.702614
132.0,163.00473
54.0,55.288914
309.0,282.5655
85.0,92.86648
132.0,131.9903
36.0,42.435482
442.0,393.20844
132.0,128.7173
349.0,426.67014
85.0,95.86373
226.0,209.95218
303.0,283.00385
225.0,219.36569
132.0,131.32716
132.0,127.1379
260.0,233.69846
150.0,150.04915
96.0,132.20042
102.0,89.81076
89.0,91.82567
40.0,47.97999
132.0,132.20042
139.0,154.27072
118.0,125.247055
500.0,504.83752
159.0,156.05441
127.0,109.92507
297.0,252.48006
160.0,264.12076
167.0,175.42737
191.0,195.42924
132.0,135.91191
149.0,178.09262
95.0,104.31786
131.0,141.47643
132.0,132.20042
284.0,289.66467
62.0,64.33653
76.0,101.65835
132.0,132.20042
365.0,347.16263
103.0,108.631805
68.0,85.43033
500.0,459.49426
100.0,85.23139
132.0,131.9903
125.0,94.15328
144.0,134.86356
46.0,70.64347
202.0,212.86716
55.0,59.45932
94.0,104.193085
99.0,81.75045
66.0,91.80837
293.0,265.8922
252.0,113.91747
132.0,132.20042
125.0,125.68325
74.0,70.535805
160.0,150.34235
73.0,99.06437
183.0,217.99887
96.0,101.88782
329.0,287.2844
355.0,367.23996
366.0,345.0529
132.0,132.07416
19.0,36.835026
160.0,99.778534
23.0,37.97462
127.0,128.35426
136.0,141.55225
91.0,109.767876
375.0,346.39725
141.0,149.73206
194.0,199.40907
72.0,70.846954
24.0,38.15046
132.0,131.77528
133.0,107.415794
475.0,434.3193
315.0,308.65222
319.0,312.00714
112.0,91.66697
286.0,315.76474
178.0,195.73486
39.0,54.881367
71.0,79.135445
213.0,174.54874
261.0,287.94235
126.0,130.3078
132.0,132.70021
172.0,172.03181
137.0,187.46902
375.0,338.80252
101.0,105.035736
132.0,125.54585
85.0,114.01033
122.0,159.2042
132.0,132.20042
157.0,186.28348
122.0,129.04987
117.0,115.26904
321.0,298.28732
132.0,132.1599
290.0,229.86305
95.0,106.39776
108.0,100.54164
214.0,195.12444
67.0,79.69217
357.0,339.466
217.0,185.50034
308.0,295.1375
132.0,210.82239
106.0,108.07484
40.0,41.059315
152.0,141.84528
99.0,75.04731
59.0,72.15728
315.0,319.74374
132.0,132.07416
106.0,113.56162
117.0,129.40485
264.0,237.52126
101.0,114.46292
132.0,128.89919
334.0,330.2185
132.0,105.78683
132.0,132.20042
60.0,78.26452
267.0,249.28383
29.0,37.43844
404.0,384.75537
52.0,75.51862
357.0,332.06332
43.0,61.949238
82.0,93.36195
132.0,131.90591
105.0,115.2116
374.0,337.4458
226.0,201.53479
340.0,337.35672
132.0,132.20042
76.0,79.97431
132.0,132.1599
81.0,87.66034
322.0,334.0574
51.0,53.85897
87.0,107.58724
56.0,62.67634
33.0,52.46384
205.0,203.32472
88.0,91.89144
183.0,172.76259
141.0,154.97145
124.0,130.7469
209.0,259.17847
55.0,70.19963
132.0,132.20042
132.0,396.54443
69.0,71.26289
132.0,132.20042
404.0,372.85995
248.0,186.84424
226.0,205.10278
205.0,191.11012
132.0,132.20042
500.0,476.81644
150.0,167.57817
86.0,92.1068
116.0,110.46874
132.0,131.24664
62.0,82.40215
132.0,129.86026
183.0,191.03186
241.0,252.33528
132.0,131.70122
156.0,148.47464
78.0,90.70907
33.0,42.21337
106.0,112.0608
500.0,456.79993
190.0,204.86308
316.0,321.68198
244.0,216.64987
94.0,144.49236
46.0,48.050064
132.0,131.72952
189.0,183.19096
72.0,70.22688
273.0,113.08266
43.0,55.14978
132.0,126.69776
307.0,330.10724
132.0,131.77528
178.0,173.08315
500.0,395.38123
132.0,132.20042
213.0,171.82614
334.0,345.80438
132.0,132.07416
132.0,77.4264
101.0,102.614365
500.0,432.70322
104.0,105.925545
386.0,360.0513
132.0,125.91272
132.0,132.20042
105.0,122.20806
132.0,114.143684
500.0,483.48227
119.0,168.8998
94.0,102.66724
56.0,79.05848
174.0,185.795
158.0,148.0259
472.0,445.52325
385.0,322.8578
125.0,148.6025
31.0,57.065727
167.0,164.00742
132.0,131.90591
132.0,131.90591
132.0,109.33381
132.0,131.77528
110.0,93.895515
79.0,109.566696
109.0,105.45987
41.0,41.210976
110.0,123.735115
132.0,113.19005
98.0,76.944984
105.0,78.39148
197.0,216.18967
297.0,293.6571
354.0,331.65533
164.0,157.50504
225.0,219.8318
132.0,140.47147
293.0,300.31424
36.0,45.14529
300.0,267.25604
184.0,161.51823
349.0,303.21945
132.0,125.544785
54.0,67.53525
105.0,86.21122
36.0,46.339348
146.0,146.87267
132.0,132.7456
141.0,148.49709
75.0,56.092922
61.0,56.99533
307.0,311.36432
172.0,152.35318
132.0,131.77528
141.0,166.09003
132.0,116.682236
329.0,289.13705
132.0,132.07416
137.0,194.87245
64.0,105.31645
132.0,132.20042
92.0,91.25834
91.0,86.34452
132.0,122.62029
49.0,59.57559
80.0,92.35902
394.0,401.5467
338.0,335.80014
70.0,61.622658
75.0,92.40188
160.0,139.56349
132.0,131.9903
132.0,132.1599
25.0,57.122955
319.0,316.33
251.0,231.54718
305.0,291.50256
100.0,120.044655
132.0,131.90591
192.0,164.23918
69.0,61.269638
94.0,75.78033
310.0,297.2993
132.0,148.6882
121.0,117.76796
344.0,334.72452
75.0,69.471695
104.0,124.856285
136.0,68.77311
63.0,77.657974
131.0,150.38858
381.0,390.41745
85.0,105.21393
500.0,442.1388
108.0,122.8972
500.0,467.14203
346.0,326.75665
132.0,131.66754
132.0,132.20042
129.0,118.32493
200.0,212.35127
140.0,120.75799
132.0,132.20042
91.0,103.06092
276.0,253.25964
362.0,338.4827
301.0,248.49237
132.0,130.30696
132.0,131.9903
132.0,153.24991
251.0,242.30928
47.0,43.644524
500.0,429.85928
132.0,132.07416
132.0,87.01688
46.0,51.140617
79.0,85.772125
114.0,129.84914
108.0,124.812096
363.0,318.1108
336.0,332.91605
273.0,237.61111
240.0,181.01958
132.0,132.20042
42.0,51.24963
132.0,131.69958
85.0,97.344376
151.0,154.9123
342.0,347.9626
92.0,115.22829
129.0,132.5601
99.0,92.90203
244.0,194.14436
134.0,137.47462
81.0,64.09383
147.0,133.92125
134.0,133.99155
60.0,60.189117
123.0,116.42562
70.0,66.293816
243.0,253.8658
500.0,487.53027
132.0,131.90591
119.0,94.02875
132.0,129.26753
132.0,131.55682
117.0,151.41415
181.0,177.7565
135.0,137.06255
132.0,133.19804
44.0,51.17829
132.0,131.90591
152.0,180.7974
243.0,219.99306
31.0,38.45317
313.0,312.81082
120.0,89.60518
358.0,402.81415
140.0,153.167
202.0,178.92389
90.0,115.590065
139.0,116.239334
102.0,86.61997
50.0,58.304974
226.0,219.63658
132.0,131.90591
334.0,358.10202
52.0,87.6445
105.0,114.98749
60.0,64.6074
258.0,253.74901
132.0,117.44172
124.0,130.72409
121.0,128.30191
256.0,237.01428
52.0,47.632267
163.0,174.14561
207.0,211.11377
377.0,382.12122
356.0,353.78818
133.0,156.91232
311.0,264.02267
139.0,127.56762
297.0,293.92874
59.0,79.49912
257.0,243.72304
132.0,132.20042
184.0,143.83456
72.0,105.74093
324.0,352.11276
152.0,145.20206
155.0,161.3151
266.0,250.68704
127.0,112.96722
62.0,66.503494
92.0,97.08418
434.0,424.1857
269.0,265.23264
105.0,105.45086
132.0,132.20042
25.0,41.651237
122.0,139.30872
238.0,243.53226
113.0,118.76772
49.0,74.81859
132.0,126.35913
108.0,106.98323
409.0,285.04044
132.0,132.20042
132.0,77.7462
314.0,322.63733
207.0,202.07019
132.0,131.73962
83.0,87.944916
90.0,110.05202
132.0,97.81279
213.0,242.72078
72.0,79.75581
156.0,97.75832
258.0,195.08582
74.0,90.70729
132.0,132.49658
160.0,162.9722
47.0,68.179504
353.0,342.2329
132.0,129.39761
80.0,74.511986
306.0,283.56277
99.0,111.68601
161.0,153.30035
132.0,131.56786
132.0,132.20042
214.0,175.02156
30.0,62.6396
396.0,390.56192
132.0,132.20042
103.0,95.93015
132.0,131.77528
324.0,315.5101
100.0,147.31033
339.0,304.2797
264.0,265.57983
261.0,221.92146
124.0,129.92331
169.0,164.87556
129.0,130.40083
96.0,105.078285
93.0,126.8752
132.0,132.45049
152.0,155.34785
130.0,128.45447
156.0,130.82907
132.0,132.20042
87.0,91.30509
132.0,131.69958
125.0,172.36847
276.0,259.0822
132.0,131.9903
87.0,93.63852
415.0,325.8742
172.0,207.84653
184.0,139.38768
132.0,132.33644
132.0,131.97598
70.0,78.76879
196.0,216.0914
72.0,76.78735
351.0,342.96045
45.0,67.18393
100.0,135.44432
75.0,78.7552
500.0,424.06894
20.0,29.614191
56.0,80.09441
312.0,300.1964
330.0,305.18466
132.0,139.82516
286.0,302.58197
132.0,128.95316
87.0,109.15261
90.0,74.43842
182.0,194.91208
371.0,419.66064
261.0,271.4642
122.0,105.23447
107.0,230.92024
124.0,119.81838
132.0,132.07416
133.0,130.31052
182.0,172.06142
51.0,66.43589
163.0,159.20235
176.0,174.11183
45.0,52.747574
267.0,277.384
292.0,293.17258
62.0,61.898376
149.0,163.05013
156.0,147.7164
40.0,50.128937
146.0,146.01727
132.0,132.20042
128.0,139.47466
500.0,387.2025
332.0,323.08163
116.0,130.71498
132.0,132.20042
132.0,128.15398
132.0,135.2834
94.0,117.6841
99.0,103.133705
55.0,81.775116
307.0,305.4907
67.0,67.734535
59.0,54.890324
132.0,131.90591
115.0,106.11478
132.0,116.344536
132.0,131.60632
150.0,158.89772
43.0,46.076508
169.0,183.6706
79.0,100.77893
226.0,195.37787
60.0,66.223175
375.0,367.6149
111.0,103.921455
189.0,196.4689
432.0,418.11118
369.0,431.39764
132.0,132.07416
94.0,80.26305
132.0,132.20042
99.0,94.02394
132.0,130.35426
199.0,182.82697
68.0,71.51676
114.0,81.9678
191.0,159.50827
57.0,58.244686
189.0,271.78116
303.0,319.96817
20.0,33.073963
219.0,214.68431
144.0,165.36865
288.0,327.13852
415.0,390.3382
47.0,56.504726
151.0,139.61453
51.0,64.73261
106.0,113.56464
108.0,99.99507
56.0,52.299805
132.0,131.69958
38.0,59.277054
132.0,141.73346
297.0,314.18457
53.0,73.024635
300.0,286.93704
62.0,61.10315
152.0,164.21167
79.0,96.55958
312.0,292.22705
170.0,179.65308
312.0,299.8187
336.0,303.30725
386.0,369.33783
500.0,485.4679
132.0,132.20042
62.0,70.445435
132.0,127.279854
78.0,84.104294
459.0,464.39664
348.0,345.54474
236.0,192.0379
41.0,52.345642
132.0,143.73077
132.0,144.99686
82.0,103.14889
92.0,102.95417
92.0,78.9732
206.0,194.42616
104.0,105.52697
154.0,147.61873
247.0,231.85376
85.0,91.25305
89.0,96.854935
257.0,220.19632
345.0,307.1909
209.0,185.6137
132.0,132.1599
85.0,106.75063
68.0,60.5113
111.0,131.04851
310.0,334.00247
51.0,57.92268
104.0,110.3363
110.0,92.26371
121.0,134.62474
74.0,86.92348
54.0,56.641335
169.0,159.40952
109.0,122.95328
110.0,123.51307
254.0,300.071
132.0,143.9734
28.0,55.71588
104.0,110.0944
132.0,132.20042
151.0,156.35866
132.0,132.07416
176.0,156.51207
79.0,83.06182
132.0,132.20042
145.0,146.86362
108.0,126.470406
383.0,425.83902
139.0,116.794395
132.0,93.673935
186.0,195.45023
111.0,105.68207
304.0,299.6387
44.0,45.886547
83.0,92.94939
60.0,60.959755
132.0,138.1783
326.0,327.8737
136.0,137.17699
132.0,132.20042
316.0,320.9963
69.0,85.0085
110.0,103.07085
72.0,92.2897
26.0,52.906296
152.0,173.59811
86.0,120.420525
108.0,109.80547
130.0,129.61719
91.0,98.59231
73.0,84.046906
154.0,152.35175
69.0,85.24331
220.0,231.5423
132.0,131.77528
202.0,92.25464
157.0,281.12408
500.0,477.07965
138.0,125.9099
420.0,380.78232
500.0,404.51175
237.0,248.63702
90.0,96.37795
132.0,131.6951
60.0,65.159836
387.0,339.49048
44.0,63.57516
401.0,412.31808
354.0,363.8559
157.0,169.04727
89.0,87.67691
354.0,350.04852
132.0,117.64527
361.0,440.75873
129.0,123.509384
36.0,40.78716
403.0,442.47174
222.0,293.2666
53.0,68.53369
336.0,321.49
132.0,132.20042
100.0,131.16856
299.0,309.97046
105.0,106.10085
355.0,368.1702
187.0,203.86977
114.0,145.26332
393.0,445.73077
69.0,78.35276
458.0,436.82245
205.0,167.86185
86.0,127.777016
119.0,130.7667
132.0,133.11816
132.0,132.20042
132.0,125.817184
96.0,111.70124
132.0,132.20042
132.0,132.20042
89.0,65.9484
62.0,69.638145
62.0,52.86194
132.0,132.20042
132.0,132.20042
412.0,379.10968
104.0,131.04697
177.0,167.92572
199.0,178.23099
132.0,169.63855
52.0,55.13305
108.0,116.31342
34.0,56.693935
161.0,110.397896
324.0,247.25923
77.0,92.86638
115.0,127.62479
132.0,132.20042
51.0,55.634216
132.0,132.20042
407.0,386.96997
394.0,376.83405
126.0,145.72102
222.0,294.7319
139.0,133.11281
372.0,353.3827
132.0,131.90591
132.0,132.20042
132.0,132.20042
274.0,258.0525
105.0,105.93185
132.0,132.20042
333.0,313.24377
71.0,67.24494
103.0,108.09349
385.0,396.03592
92.0,99.883
103.0,129.1013
374.0,359.4627
153.0,164.42441
75.0,83.20857
186.0,169.98326
66.0,95.03246
57.0,60.60971
132.0,131.90591
108.0,118.54281
500.0,416.36948
76.0,77.67277
128.0,135.71075
134.0,150.89062
120.0,142.71272
91.0,85.35164
132.0,132.20042
210.0,223.1124
202.0,275.26385
188.0,178.81174
132.0,131.90591
482.0,449.88422
500.0,453.1124
161.0,168.57399
60.0,71.83808
153.0,161.63428
72.0,66.73264
116.0,154.41406
73.0,72.37395
285.0,318.08292
156.0,150.37012
212.0,213.84361
176.0,101.79094
132.0,80.79639
132.0,132.07416
58.0,64.56517
78.0,111.82006
57.0,69.90743
132.0,130.68832
84.0,107.09296
82.0,91.7723
132.0,132.20042
132.0,136.06412
165.0,158.06087
128.0,149.07066
132.0,77.06115
426.0,397.20343
91.0,89.517044
500.0,354.0331
104.0,119.142784
500.0,496.55853
200.0,239.88892
71.0,86.35939
147.0,147.34251
139.0,127.06583
98.0,98.644485
185.0,200.90013
404.0,465.90668
78.0,81.96211
134.0,143.89041
308.0,176.29161
111.0,117.56844
113.0,109.44912
286.0,288.66302
119.0,128.80238
475.0,484.06897
132.0,132.20042
132.0,132.20042
132.0,132.20042
100.0,101.98457
374.0,306.20203
132.0,132.1599
391.0,345.37378
256.0,257.34137
166.0,151.64308
500.0,481.8215
132.0,132.20042
316.0,301.72223
122.0,143.79593
216.0,217.34673
148.0,146.55981
182.0,192.84337
186.0,200.85696
206.0,205.04193
136.0,151.44736
132.0,130.04076
102.0,97.380295
132.0,132.60445
132.0,132.20042
132.0,132.20042
106.0,87.06218
112.0,110.01286
375.0,292.1754
48.0,51.137337
226.0,191.70978
70.0,80.007515
132.0,132.20042
302.0,293.0709
84.0,112.17563
133.0,163.33194
72.0,133.54172
67.0,83.74297
132.0,132.1599
116.0,130.92339
69.0,73.922844
132.0,132.20042
307.0,280.59308
132.0,132.20042
167.0,268.01086
144.0,123.15411
52.0,81.13659
293.0,222.34462
97.0,93.81604
138.0,128.16278
66.0,76.78684
104.0,104.826904
120.0,111.725845
126.0,126.75884
62.0,78.96984
94.0,88.67293
158.0,150.53009
374.0,396.5802
130.0,117.46802
75.0,98.09112
132.0,101.46033
42.0,66.11812
231.0,213.07812
325.0,323.60532
267.0,283.7001
135.0,147.9413
268.0,244.841
288.0,248.17798
429.0,396.8541
328.0,332.8749
142.0,158.1423
234.0,260.40836
82.0,86.838425
163.0,195.16057
139.0,114.68887
84.0,91.62508
132.0,131.49348
71.0,70.65182
500.0,485.82892
110.0,99.51474
132.0,132.20042
90.0,95.64518
201.0,222.32217
165.0,155.85733
43.0,55.0823
196.0,88.173874
223.0,160.79478
130.0,141.15173
59.0,56.74013
238.0,222.40556
194.0,195.95586
278.0,191.21709
83.0,100.06214
132.0,120.259636
52.0,46.05665
92.0,71.893906
155.0,155.28258
350.0,332.99884
280.0,286.8238
87.0,64.30423
132.0,131.8972
373.0,405.20825
130.0,136.27051
132.0,132.20042
94.0,115.01435
37.0,45.01888
192.0,132.20042
118.0,125.810745
72.0,62.631767
47.0,45.758656
124.0,105.12167
129.0,127.898224
287.0,265.58325
150.0,150.72878
55.0,55.940434
88.0,82.04061
169.0,139.95253
132.0,132.20042
132.0,129.50633
340.0,335.53677
294.0,280.66962
132.0,131.33388
132.0,348.57498
447.0,419.6639
91.0,99.87583
500.0,494.5092
40.0,48.501545
168.0,186.34273
115.0,126.178246
225.0,239.89508
191.0,203.59407
112.0,119.483315
142.0,130.38646
303.0,294.34787
98.0,122.62273
182.0,137.38739
218.0,243.6742
64.0,83.58615
240.0,222.24905
500.0,489.7226
226.0,259.33627
37.0,49.020023
80.0,92.40354
48.0,53.128166
99.0,109.308586
151.0,219.90817
179.0,195.20589
132.0,132.20042
403.0,407.3065
58.0,47.02997
132.0,132.20042
265.0,276.8151
204.0,193.73764
36.0,63.4143
132.0,98.540276
377.0,230.36972
317.0,330.8834
59.0,62.98256
88.0,114.45562
54.0,77.502106
381.0,374.4123
132.0,123.205696
376.0,367.0686
132.0,132.07416
335.0,314.17816
132.0,131.77528
150.0,155.66496
88.0,123.37566
394.0,348.3379
21.0,31.915306
95.0,96.73777
86.0,75.70183
62.0,84.084305
132.0,132.07416
232.0,172.6764
364.0,363.5652
132.0,132.1599
132.0,132.20042
165.0,165.06982
347.0,383.99622
112.0,125.057625
40.0,47.21587
38.0,50.626335
168.0,172.88882
427.0,348.61557
148.0,141.22212
179.0,165.7726
74.0,79.77913
228.0,215.53015
132.0,132.20042
220.0,234.95035
132.0,132.20042
106.0,128.5051
266.0,216.24193
132.0,131.69958
280.0,230.13416
308.0,230.24303
132.0,135.14195
132.0,132.20042
72.0,106.32005
331.0,323.9317
104.0,123.56746
127.0,118.754555
56.0,84.90229
144.0,171.49782
278.0,311.61456
132.0,132.20042
131.0,135.89949
71.0,82.68783
72.0,77.60561
415.0,389.6108
132.0,111.73329
132.0,132.07416
47.0,59.296284
479.0,451.73398
500.0,451.6978
235.0,263.53455
312.0,319.4952
125.0,161.67848
160.0,179.5847
131.0,143.43037
295.0,264.25464
500.0,435.88724
242.0,225.71883
132.0,232.82413
103.0,119.7565
254.0,189.16663
173.0,141.71216
138.0,163.10765
332.0,287.72128
119.0,110.31946
81.0,68.010056
132.0,135.85684
107.0,111.62263
413.0,399.1651
156.0,148.37733
309.0,275.51508
132.0,133.86215
215.0,227.6631
345.0,340.1705
122.0,108.80468
105.0,123.25634
92.0,83.19906
365.0,383.58572
126.0,139.15756
302.0,311.28674
89.0,107.29716
130.0,157.90549
405.0,383.83972
355.0,222.95483
132.0,128.24377
114.0,104.72859
111.0,124.68231
300.0,295.9335
407.0,442.81177
211.0,147.53395
102.0,126.09118
93.0,130.26439
297.0,287.09674
92.0,106.23099
95.0,109.79774
177.0,137.54723
114.0,95.98044
23.0,39.782207
132.0,139.87556
328.0,313.5232
102.0,96.1688
132.0,131.77528
188.0,182.20865
96.0,107.763115
110.0,120.56162
102.0,86.504036
86.0,92.87791
132.0,132.20042
123.0,149.11548
32.0,49.508636
314.0,306.6902
132.0,135.97253
135.0,156.93503
144.0,162.74985
122.0,133.09326
132.0,131.69958
132.0,132.20042
81.0,94.82459
132.0,132.20042
80.0,85.91778
87.0,83.33187
132.0,132.20042
112.0,116.71856
40.0,45.16146
58.0,81.43815
132.0,132.20042
42.0,71.97132
52.0,65.16065
132.0,132.20042
146.0,132.39594
78.0,84.729485
196.0,203.17036
40.0,50.316486
132.0,129.12892
242.0,226.89426
132.0,84.42026
132.0,132.20042
243.0,280.73407
279.0,221.98346
88.0,74.39467
216.0,196.95425
132.0,175.32158
56.0,53.61376
108.0,102.21682
70.0,72.21038
55.0,67.77688
111.0,132.01974
274.0,255.8793
135.0,127.75124
67.0,65.72603
68.0,76.196106
212.0,209.52083
103.0,116.02658
69.0,76.73924
67.0,74.64655
174.0,194.00504
117.0,154.6549
388.0,411.6922
500.0,485.50446
92.0,83.659805
61.0,91.62041
93.0,106.6991
96.0,105.11337
132.0,132.20042
52.0,60.983303
213.0,186.40898
79.0,63.920837
132.0,142.09178
97.0,106.118454
93.0,95.089935
380.0,349.05563
139.0,141.6661
77.0,76.920845
97.0,75.93272
462.0,390.29974
64.0,82.139946
137.0,136.10457
216.0,270.329
177.0,163.53305
120.0,139.00256
132.0,133.86215
214.0,154.41478
34.0,53.30572
175.0,185.39778
132.0,132.07416
105.0,140.6076
43.0,69.97849
97.0,108.01394
169.0,136.48071
73.0,75.07165
132.0,131.9903
350.0,373.06708
100.0,98.61618
75.0,73.08173
319.0,299.8946
132.0,132.20042
31.0,39.63877
304.0,267.50677
96.0,120.83935
132.0,139.58261
101.0,112.89407
65.0,78.66658
211.0,177.374
121.0,127.65116
90.0,90.56792
58.0,65.20282
102.0,115.50702
500.0,499.65625
75.0,80.16552
199.0,155.94836
149.0,144.83034
191.0,179.95775
500.0,488.12747
162.0,177.22879
158.0,127.88147
126.0,124.64171
17.0,58.788933
88.0,94.26362
138.0,130.79034
80.0,63.61703
110.0,100.20459
132.0,132.20042
183.0,154.12347
128.0,101.119156
201.0,154.42015
132.0,131.0496
79.0,79.24781
99.0,113.12165
132.0,132.07416
132.0,132.20042
310.0,298.39212
294.0,247.08383
132.0,131.77528
132.0,132.20042
148.0,162.74081
169.0,139.1576
162.0,130.50569
144.0,146.50589
132.0,132.20042
319.0,308.5671
132.0,131.78214
55.0,65.60824
68.0,87.51005
97.0,82.01242
228.0,234.23341
47.0,54.238213
132.0,130.73947
179.0,162.2632
132.0,125.09525
180.0,190.21182
333.0,291.8026
132.0,132.20042
132.0,147.72702
132.0,130.79636
55.0,62.913345
132.0,131.90591
132.0,149.96935
132.0,74.44093
81.0,94.79692
176.0,183.49075
132.0,132.07416
220.0,228.97537
312.0,306.37424
140.0,137.64247
162.0,158.31683
129.0,116.79461
87.0,124.68789
340.0,329.68137
132.0,132.20042
50.0,65.83986
148.0,143.99358
309.0,316.28226
61.0,69.00388
132.0,61.678963
54.0,65.05375
235.0,243.95074
295.0,334.96686
48.0,61.825405
96.0,88.00583
178.0,174.29364
64.0,67.53135
306.0,279.36288
132.0,132.20042
335.0,325.67786
117.0,137.1153
190.0,188.07787
132.0,131.90591
279.0,233.43507
132.0,240.53874
132.0,131.71173
75.0,95.38523
500.0,410.079
132.0,132.20042
130.0,80.24837
132.0,131.68916
208.0,185.1273
132.0,60.292175
96.0,73.92188
69.0,68.89372
218.0,224.60349
132.0,131.90591
379.0,377.56097
133.0,130.69612
327.0,313.5638
469.0,445.8402
59.0,64.273125
244.0,196.54865
71.0,79.80559
378.0,396.9288
374.0,371.7458
140.0,147.08017
95.0,93.69989
96.0,99.477745
207.0,161.02026
381.0,383.6707
41.0,72.941216
132.0,132.20042
411.0,353.74307
132.0,155.14745
82.0,91.13591
260.0,230.2772
191.0,180.71623
77.0,70.27831
224.0,198.28769
132.0,121.974236
64.0,69.77515
500.0,490.25095
132.0,113.59969
334.0,325.7056
53.0,77.669075
132.0,131.9903
197.0,175.77751
217.0,190.49611
132.0,132.20042
79.0,86.637115
132.0,131.69958
132.0,132.20042
117.0,125.79445
80.0,93.34665
93.0,120.37954
86.0,82.25689
242.0,217.7303
426.0,379.56717
111.0,122.047676
118.0,126.411476
322.0,306.4803
127.0,107.44667
133.0,123.954765
38.0,47.849304
295.0,294.5025
191.0,246.10468
315.0,314.96747
95.0,113.16095
176.0,153.13951
132.0,132.20042
83.0,99.944496
228.0,188.23595
474.0,442.49164
43.0,56.250286
133.0,138.09126
132.0,132.20042
68.0,69.95789
132.0,244.0976
109.0,112.57075
79.0,88.81011
93.0,106.64454
132.0,132.20042
132.0,132.07416
168.0,146.47581
164.0,170.91405
109.0,102.533165
325.0,339.4302
324.0,334.35318
132.0,132.20042
94.0,77.24423
51.0,51.94227
76.0,92.0909
132.0,120.79086
132.0,132.1599
440.0,375.97775
377.0,416.96182
359.0,352.2303
132.0,132.20042
111.0,129.02118
246.0,166.44809
49.0,72.90112
132.0,131.77528
247.0,269.28775
168.0,154.29039
132.0,102.43788
427.0,456.99295
500.0,470.9143
362.0,375.952
38.0,49.41351
112.0,107.984665
153.0,123.561844
269.0,275.54752
178.0,159.45552
132.0,132.20042
144.0,143.14659
132.0,132.20042
110.0,108.65574
70.0,81.83348
72.0,97.42358
132.0,167.44856
111.0,140.22366
224.0,187.55547
343.0,332.75565
140.0,158.3087
132.0,131.67543
83.0,79.7537
185.0,176.63304
132.0,136.63005
66.0,49.696793
102.0,110.621895
132.0,339.60843
222.0,236.6252
64.0,76.70728
132.0,126.7871
302.0,275.31863
82.0,98.646835
64.0,66.22725
359.0,375.58997
59.0,68.61711
181.0,199.83485
227.0,264.63803
132.0,141.07985
132.0,131.90591
132.0,131.77528
132.0,130.53888
307.0,297.36493
64.0,88.264595
214.0,174.1801
98.0,119.42644
365.0,380.81177
99.0,106.854256
112.0,114.927444
312.0,259.8427
344.0,336.2295
325.0,316.90997
132.0,132.20042
326.0,322.54608
420.0,326.51358
132.0,132.20042
146.0,102.28985
71.0,84.87659
303.0,315.35226
111.0,111.09563
132.0,141.83713
59.0,62.448124
82.0,102.36722
265.0,297.98672
132.0,98.345085
132.0,143.31937
176.0,126.882454
190.0,159.8246
348.0,344.2141
328.0,279.7748
219.0,259.98215
32.0,39.981934
132.0,132.20042
132.0,134.38576
160.0,171.38919
98.0,117.52186
108.0,94.5663
85.0,94.87139
339.0,328.70297
76.0,83.40603
223.0,212.01262
132.0,131.9903
59.0,86.104256
199.0,163.12065
500.0,490.74066
90.0,107.37751
270.0,295.5644
351.0,328.52145
130.0,141.52682
92.0,99.23229
87.0,92.84739
329.0,332.86453
132.0,132.20042
132.0,132.20042
96.0,100.93191
145.0,152.15753
361.0,352.98138
53.0,50.993366
92.0,229.9383
83.0,89.14463
60.0,73.07081
91.0,86.334526
249.0,167.53714
118.0,118.226456
285.0,304.3097
73.0,68.50566
104.0,102.69705
90.0,107.55697
132.0,132.20042
324.0,326.4105
500.0,486.77185
31.0,45.459835
96.0,114.62981
297.0,304.17767
68.0,71.885704
132.0,132.20042
47.0,74.636536
56.0,58.073956
258.0,272.37744
96.0,92.04157
175.0,190.62704
132.0,100.68355
132.0,131.53435
104.0,132.89738
112.0,150.97566
84.0,59.750053
157.0,168.21185
112.0,113.8872
132.0,132.20042
111.0,139.27724
472.0,440.37515
207.0,219.875
116.0,127.447586
118.0,111.2004
62.0,71.73555
103.0,106.430664
132.0,132.20042
94.0,111.86424
106.0,85.20749
69.0,76.39013
101.0,77.46244
199.0,239.67975
50.0,50.418255
71.0,70.933876
148.0,155.37727
215.0,146.62285
193.0,213.72299
132.0,131.90591
74.0,88.671974
32.0,44.257137
145.0,118.52914
132.0,132.20042
132.0,131.90591
315.0,362.60065
132.0,132.20042
92.0,102.342354
132.0,136.21985
67.0,78.80867
132.0,208.9473
500.0,499.37735
87.0,86.659096
115.0,116.22262
132.0,128.7628
306.0,254.50262
233.0,198.8783
157.0,143.65303
105.0,100.22
59.0,74.58429
60.0,68.00503
89.0,99.156525
132.0,132.20042
259.0,273.89737
360.0,353.08453
292.0,263.5057
121.0,106.45641
462.0,335.5483
163.0,158.8838
132.0,131.90591
132.0,132.49658
117.0,114.10596
421.0,457.15652
221.0,125.18031
314.0,352.44366
57.0,63.549408
60.0,67.50425
276.0,294.65463
132.0,130.85564
132.0,132.20042
339.0,351.42587
170.0,185.36073
34.0,74.13618
84.0,88.77819
48.0,50.668068
337.0,340.32175
482.0,412.55917
50.0,71.247826
200.0,158.46146
191.0,246.3496
122.0,108.99744
229.0,232.33365
266.0,266.6252
54.0,66.016785
167.0,151.92847
132.0,133.93057
141.0,133.94138
122.0,130.89005
360.0,343.4464
132.0,127.24664
98.0,96.44634
83.0,74.02127
138.0,110.949234
190.0,189.68674
168.0,156.96054
75.0,81.183784
303.0,281.28854
75.0,75.33348
132.0,131.67543
45.0,40.806747
132.0,131.81737
53.0,69.673874
132.0,132.20042
66.0,81.48209
132.0,131.60632
132.0,132.20042
67.0,64.51015
132.0,139.8578
161.0,159.37996
51.0,79.17632
232.0,265.76584
44.0,56.044422
500.0,500.89838
381.0,389.77438
300.0,210.59781
151.0,139.75037
115.0,139.6469
329.0,367.16086
132.0,327.55905
116.0,122.74069
67.0,63.456467
132.0,132.20042
79.0,88.674995
75.0,84.98845
123.0,126.43542
198.0,172.62842
156.0,199.21638
81.0,108.70124
117.0,131.44937
167.0,206.6943
97.0,89.353645
107.0,124.438446
59.0,77.802734
185.0,153.3227
55.0,67.531456
127.0,122.77129
126.0,149.32259
63.0,75.44501
443.0,385.44644
132.0,132.1599
125.0,102.30588
125.0,124.83561
348.0,315.04584
132.0,132.20042
291.0,323.37573
30.0,41.047577
132.0,132.07416
132.0,132.20042
263.0,265.2557
132.0,132.20042
55.0,66.49755
71.0,56.648346
147.0,291.75665
87.0,94.21556
500.0,484.85764
134.0,116.21487
132.0,146.11821
132.0,132.20042
134.0,126.91374
65.0,65.60052
148.0,157.89949
132.0,132.20042
332.0,311.73532
336.0,304.0509
499.0,472.10718
125.0,114.56154
132.0,132.20042
145.0,147.49396
132.0,109.48025
116.0,118.24732
21.0,36.489315
132.0,132.07416
176.0,153.85236
259.0,185.76425
76.0,91.31574
75.0,88.20713
172.0,208.43341
82.0,81.26323
284.0,181.67548
45.0,63.794083
132.0,132.20042
39.0,47.272873
121.0,157.2187
500.0,497.4551
132.0,131.77528
368.0,370.41098
132.0,131.77528
109.0,122.14371
105.0,100.12343
51.0,84.32194
171.0,180.78914
132.0,132.20042
380.0,388.54904
161.0,179.34444
132.0,132.20042
110.0,104.768074
97.0,96.60049
131.0,147.06036
102.0,127.89921
272.0,312.81503
363.0,318.7668
51.0,56.33797
107.0,120.28599
141.0,181.02225
132.0,132.20042
251.0,202.87125
322.0,322.04007
132.0,131.90591
446.0,408.36816
132.0,131.90591
25.0,40.113518
77.0,86.12949
303.0,287.1759
91.0,110.95807
86.0,68.61292
132.0,131.9903
65.0,92.742546
82.0,144.32358
364.0,356.1832
220.0,223.54529
269.0,249.98167
134.0,197.34201
168.0,214.93526
103.0,95.00284
213.0,238.5491
76.0,87.54899
311.0,285.0529
124.0,107.98025
59.0,58.50475
92.0,99.46571
229.0,244.31361
37.0,43.308212
146.0,131.71346
54.0,66.38924
73.0,65.777054
130.0,143.30826
32.0,60.330643
132.0,123.46159
282.0,252.28679
132.0,137.06947
127.0,126.856285
94.0,127.01867
362.0,361.1459
137.0,206.41867
132.0,127.38872
130.0,129.8536
249.0,243.51558
104.0,110.28491
70.0,78.17263
205.0,241.605
136.0,142.20775
500.0,497.2748
467.0,415.09125
160.0,133.30289
108.0,103.12628
251.0,236.86826
290.0,288.00406
74.0,66.07815
132.0,132.20042
127.0,115.20981
69.0,53.37351
500.0,476.28442
98.0,102.54859
199.0,170.36594
334.0,334.35382
289.0,309.92896
132.0,131.90591
180.0,193.01566
321.0,313.6345
132.0,132.20042
104.0,108.75186
84.0,83.520134
132.0,132.20042
132.0,127.936584
166.0,173.173
441.0,273.07187
433.0,409.88196
134.0,116.60162
132.0,131.77528
108.0,113.86824
226.0,221.52524
157.0,149.66927
54.0,53.42874
71.0,81.998604
79.0,81.702614
268.0,296.85214
132.0,224.83228
122.0,121.83123
70.0,61.561607
229.0,201.87495
132.0,132.20042
132.0,131.77528
154.0,106.50469
220.0,239.64691
137.0,128.07384
131.0,109.84682
60.0,64.59357
132.0,428.60843
225.0,249.32318
209.0,207.16794
280.0,238.75572
246.0,223.79579
132.0,131.24664
396.0,375.65063
83.0,85.41632
132.0,132.20042
347.0,341.21158
14.0,47.015675
156.0,129.25304
100.0,121.49817
275.0,311.40106
500.0,463.94922
132.0,142.12148
132.0,118.22432
351.0,302.5328
77.0,112.8804
116.0,123.46503
132.0,175.36967
132.0,131.90591
341.0,325.23856
328.0,436.64804
190.0,204.87619
344.0,370.06113
118.0,138.00998
135.0,78.1593
93.0,115.92346
108.0,115.498276
206.0,175.44058
205.0,234.55586
322.0,318.59467
148.0,221.6605
316.0,131.90591
96.0,112.635765
55.0,59.55237
133.0,152.3764
215.0,207.01775
360.0,329.34918
65.0,61.443687
88.0,97.082924
132.0,131.90591
89.0,112.604195
232.0,244.90695
421.0,308.84982
79.0,92.98232
310.0,294.20273
109.0,107.9629
46.0,60.11447
98.0,107.866066
58.0,48.254078
75.0,76.09293
87.0,116.82827
132.0,131.90591
119.0,109.09248
114.0,96.58717
241.0,223.09637
107.0,96.611115
67.0,67.51334
228.0,161.8438
500.0,481.4721
79.0,70.42379
132.0,132.20042
389.0,393.94693
132.0,157.18092
206.0,188.5506
130.0,139.30685
179.0,178.60387
294.0,274.06976
69.0,83.854065
132.0,132.20042
47.0,56.61004
132.0,132.20042
96.0,103.41628
96.0,90.409424
302.0,311.37262
333.0,354.04944
132.0,135.92207
229.0,252.47841
78.0,119.74806
132.0,131.72952
324.0,294.96408
152.0,106.16968
76.0,100.39841
66.0,83.45297
121.0,121.581245
354.0,302.82193
76.0,77.1594
373.0,377.64035
409.0,386.303
64.0,85.99772
132.0,132.20042
105.0,96.92877
281.0,287.15372
132.0,132.20042
107.0,99.77286
133.0,120.22641
150.0,128.85023
340.0,315.8681
157.0,167.52687
49.0,54.94709
93.0,98.189804
152.0,166.2145
182.0,171.41624
67.0,70.24897
166.0,168.8765
386.0,336.3272
157.0,167.00806
237.0,241.84552
312.0,323.7618
50.0,58.42176
132.0,131.90591
132.0,132.20042
114.0,99.799286
132.0,131.77528
382.0,326.7047
123.0,125.93987
132.0,132.20042
47.0,42.65714
248.0,282.95798
83.0,101.76427
469.0,440.93137
210.0,213.70444
318.0,328.10406
132.0,132.20042
132.0,131.90591
78.0,81.97069
110.0,138.75105
355.0,372.67746
132.0,132.20042
77.0,85.761665
415.0,395.55746
375.0,385.28635
163.0,168.43814
86.0,90.158615
323.0,240.06548
89.0,83.33438
223.0,222.37846
286.0,272.4121
88.0,77.11194
398.0,400.6536
336.0,236.48407
333.0,320.16867
109.0,132.23077
100.0,115.933075
66.0,62.839268
132.0,123.191315
42.0,53.219707
171.0,178.25784
24.0,38.220497
132.0,131.90591
64.0,74.98927
132.0,132.20042
48.0,75.34994
26.0,38.236652
132.0,132.20042
132.0,132.20042
157.0,201.2584
29.0,56.200172
34.0,60.860046
132.0,70.49779
132.0,132.20042
288.0,287.03076
97.0,90.09546
132.0,132.20042
477.0,476.8325
166.0,115.13118
98.0,82.42704
95.0,87.22631
132.0,124.52332
51.0,57.593876
132.0,132.20042
132.0,132.22455
80.0,62.467613
146.0,149.79355
75.0,86.14654
225.0,234.88062
132.0,132.20042
205.0,188.31622
344.0,337.8406
109.0,125.346756
100.0,90.0822
132.0,132.07416
132.0,131.81198
104.0,107.60375
121.0,112.797585
132.0,139.87556
161.0,197.06805
63.0,56.169037
60.0,66.46106
311.0,330.89304
93.0,96.173965
132.0,132.20042
37.0,45.655518
83.0,96.54589
57.0,66.971535
282.0,324.63004
82.0,98.45573
80.0,88.62193
500.0,478.6915
132.0,131.77528
229.0,187.60292
132.0,132.20042
97.0,122.55837
366.0,396.3837
474.0,475.8183
93.0,91.22483
275.0,276.92014
343.0,295.25388
132.0,122.83461
132.0,132.07416
73.0,249.41751
166.0,197.54626
132.0,131.90591
427.0,389.4874
496.0,429.14294
353.0,284.7141
196.0,245.47064
49.0,51.334957
409.0,387.8838
132.0,270.5772
132.0,131.9903
68.0,72.02123
271.0,205.78114
367.0,362.90155
104.0,104.14352
185.0,132.20042
132.0,133.94426
190.0,195.51299
87.0,95.16767
84.0,89.594826
259.0,211.14941
102.0,97.63966
230.0,228.28293
144.0,150.81255
228.0,219.21892
342.0,322.19464
132.0,132.07416
82.0,64.05047
175.0,188.13968
75.0,67.36489
206.0,220.14424
329.0,308.51535
85.0,69.681915
126.0,139.47633
68.0,86.27221
172.0,119.43112
229.0,167.04184
152.0,164.0866
66.0,78.744865
139.0,152.54549
166.0,377.0249
158.0,146.28598
50.0,59.387367
132.0,132.20042
147.0,141.19498
133.0,130.7037
135.0,142.18503
111.0,126.3828
132.0,132.1599
109.0,113.990524
158.0,225.91946
58.0,74.164314
62.0,73.78645
393.0,404.0631
67.0,49.69292
132.0,131.90591
141.0,152.54477
255.0,219.19688
132.0,122.347694
80.0,86.30921
191.0,191.55925
105.0,131.09302
99.0,76.00439
132.0,132.20042
152.0,202.55698
109.0,110.45645
483.0,353.98776
334.0,354.84366
129.0,121.91901
132.0,98.73355
278.0,297.32385
170.0,178.573
103.0,122.25006
87.0,83.60784
500.0,510.63556
134.0,110.1443
219.0,156.55215
82.0,78.525215
243.0,277.95908
323.0,301.35742
422.0,411.06732
287.0,274.24435
132.0,134.15492
132.0,131.90591
123.0,118.17518
92.0,105.007416
132.0,132.20042
45.0,49.913116
55.0,72.06169
132.0,129.2329
167.0,154.6371
132.0,132.20042
80.0,78.28292
247.0,205.04506
89.0,79.59366
500.0,430.20865
360.0,361.08237
276.0,258.45374
132.0,132.20042
377.0,363.9185
132.0,101.70775
59.0,73.61167
132.0,125.87928
260.0,253.85425
62.0,75.87331
286.0,263.5285
57.0,69.82703
130.0,140.63129
222.0,182.9705
132.0,132.20042
121.0,116.13799
48.0,60.60508
126.0,166.01753
132.0,131.69958
64.0,76.599174
106.0,109.371284
66.0,78.111984
107.0,107.368126
477.0,434.8686
98.0,193.38408
132.0,132.4913
129.0,142.27132
351.0,278.07214
142.0,129.07916
158.0,141.77162
61.0,80.224915
132.0,131.77528
61.0,71.99528
120.0,107.933586
101.0,101.619194
91.0,109.59285
132.0,132.20042
174.0,112.36989
46.0,48.010838
62.0,69.67571
167.0,169.68456
68.0,77.89884
500.0,493.42282
132.0,132.20042
122.0,119.219124
217.0,238.74028
105.0,92.97447
295.0,276.788
54.0,56.765724
79.0,87.75528
132.0,132.20042
132.0,130.79106
266.0,135.28172
165.0,172.8998
309.0,313.62573
35.0,46.03829
70.0,81.74114
77.0,89.54852
225.0,184.48448
92.0,94.651924
50.0,54.78494
431.0,373.7982
75.0,90.25637
141.0,122.65134
355.0,405.2882
137.0,115.6161
132.0,132.07416
287.0,256.3611
132.0,139.13364
34.0,41.099792
153.0,158.73999
220.0,232.66876
100.0,108.28737
132.0,131.90591
132.0,132.70401
88.0,94.39597
108.0,118.1961
132.0,131.90591
34.0,43.611015
132.0,129.02386
90.0,100.57324
189.0,220.0399
121.0,143.73589
120.0,113.83401
85.0,69.641556
336.0,342.58374
189.0,238.92314
132.0,131.9903
316.0,306.35596
231.0,220.31555
438.0,446.91968
323.0,372.5834
132.0,132.07416
466.0,458.48734
332.0,362.10468
132.0,124.125336
364.0,376.55676
101.0,97.24709
148.0,150.15341
113.0,127.092224
84.0,119.670456
92.0,78.75369
74.0,137.22218
218.0,198.3855
96.0,139.89807
407.0,379.81702
73.0,85.484825
132.0,132.20042
132.0,131.90591
302.0,278.5899
132.0,106.5168
285.0,269.32672
65.0,79.037415
251.0,282.5737
132.0,103.55579
146.0,147.94246
91.0,107.77223
58.0,74.94543
69.0,79.66497
163.0,206.33896
75.0,52.780903
132.0,132.07416
68.0,82.51512
141.0,137.04622
188.0,178.42615
156.0,175.55586
35.0,39.8294
132.0,111.532776
150.0,104.344536
132.0,126.6969
59.0,63.931175
132.0,131.77528
83.0,88.48946
132.0,267.83655
81.0,75.37206
415.0,341.6697
324.0,323.93784
211.0,169.38843
132.0,233.35422
200.0,180.25497
132.0,132.20042
61.0,70.16173
313.0,329.8293
148.0,147.63234
62.0,66.50011
110.0,115.357254
263.0,318.0689
164.0,137.62006
55.0,55.403347
321.0,303.9084
25.0,38.88615
132.0,131.90591
70.0,92.15517
149.0,190.32469
62.0,72.6818
132.0,132.20042
174.0,187.3203
334.0,303.483
500.0,496.59354
132.0,123.93844
132.0,131.69958
39.0,61.38561
500.0,442.92844
317.0,343.44357
132.0,132.20042
311.0,300.01028
160.0,149.31958
71.0,73.39622
274.0,251.99768
310.0,293.4356
135.0,123.499176
132.0,140.52141
132.0,132.20042
132.0,131.90591
197.0,157.49385
132.0,136.10287
54.0,57.58973
82.0,85.685074
378.0,375.99823
279.0,311.59476
273.0,225.68974
298.0,281.28635
56.0,58.205025
132.0,140.50772
76.0,57.68602
101.0,106.26929
132.0,131.90591
102.0,130.40933
338.0,334.20834
132.0,131.75632
203.0,242.03568
88.0,84.20886
67.0,93.30919
196.0,188.41992
148.0,159.35553
91.0,74.707405
47.0,57.260963
132.0,132.20042
489.0,420.74167
60.0,58.727165
121.0,133.54544
136.0,117.75017
61.0,68.50693
198.0,160.51184
292.0,288.22556
117.0,127.829865
55.0,63.637943
132.0,132.20042
83.0,95.70712
104.0,105.720795
132.0,135.11696
196.0,149.57661
132.0,132.20042
447.0,345.21677
132.0,131.90591
340.0,307.1704
338.0,156.47362
51.0,71.48107
132.0,132.20042
431.0,407.6382
310.0,298.82898
273.0,266.811
224.0,308.41528
93.0,91.114914
383.0,411.81677
151.0,115.11728
132.0,132.20042
71.0,94.37889
150.0,153.89839
104.0,98.21127
312.0,260.8643
131.0,129.0846
132.0,132.20042
45.0,69.82422
88.0,101.52794
110.0,114.67407
403.0,360.1373
90.0,98.188736
76.0,64.63034
491.0,484.34738
135.0,92.63378
138.0,127.125534
132.0,131.62376
132.0,132.20042
244.0,181.64375
321.0,332.3719
199.0,205.18884
117.0,87.73292
209.0,110.2795
205.0,261.51593
193.0,176.48616
204.0,186.74132
241.0,220.32195
46.0,55.46448
96.0,96.84612
99.0,101.71137
55.0,68.09419
132.0,132.20042
87.0,86.04724
42.0,58.903965
93.0,86.38044
122.0,129.81013
157.0,244.65305
111.0,95.067696
348.0,300.2664
132.0,313.391
43.0,64.43276
132.0,131.77528
301.0,270.84695
156.0,146.50888
35.0,51.829903
299.0,321.06885
132.0,131.77528
89.0,123.13509
126.0,134.88779
55.0,66.897934
132.0,132.13016
107.0,138.44876
305.0,366.3197
81.0,106.4981
52.0,100.89226
307.0,289.0001
57.0,69.75849
186.0,199.0697
349.0,314.00443
71.0,68.72649
216.0,187.75131
78.0,88.232925
205.0,144.51299
321.0,268.05817
132.0,131.90591
132.0,105.73109
385.0,373.85593
188.0,190.55765
129.0,111.71501
174.0,138.72618
112.0,128.98439
64.0,67.09777
80.0,89.05951
474.0,438.40088
172.0,180.04358
369.0,345.3753
99.0,120.351715
211.0,249.24474
323.0,306.57294
132.0,132.20042
132.0,131.90591
360.0,385.8833
132.0,58.141243
181.0,117.041046
62.0,81.447815
29.0,56.273796
192.0,218.81854
73.0,91.01576
383.0,389.3655
60.0,59.91652
120.0,67.436264
66.0,86.51442
132.0,131.77528
39.0,45.326435
175.0,137.9881
333.0,325.65094
132.0,132.49658
156.0,115.59545
405.0,393.74585
50.0,51.966717
66.0,86.95074
111.0,68.022766
169.0,195.98534
320.0,330.04605
150.0,143.00334
47.0,56.052734
329.0,274.80902
136.0,106.998535
132.0,131.90591
132.0,132.07416
210.0,126.75338
132.0,132.20042
132.0,135.57281
34.0,73.66956
331.0,316.06445
113.0,90.07617
72.0,88.11165
58.0,65.4204
433.0,424.0695
132.0,132.20042
205.0,213.09267
108.0,144.97392
120.0,126.20949
139.0,153.21017
53.0,67.38344
42.0,54.779377
132.0,121.18091
132.0,153.8737
142.0,166.40456
182.0,176.5463
100.0,86.5983
230.0,226.44104
367.0,325.64532
222.0,181.22778
132.0,132.36006
214.0,142.4578
242.0,251.03763
120.0,110.80271
152.0,153.22133
137.0,133.61171
162.0,231.8263
395.0,375.02643
110.0,137.13896
72.0,64.612915
107.0,113.00859
356.0,386.2952
36.0,45.375813
301.0,264.62976
46.0,51.181
336.0,319.86578
132.0,131.73065
65.0,75.57382
134.0,132.04126
85.0,76.39781
78.0,72.94412
80.0,83.55852
158.0,163.59781
82.0,91.717285
485.0,400.07697
132.0,137.70828
85.0,69.30924
110.0,103.17332
63.0,71.469376
319.0,259.97012
297.0,226.67973
163.0,159.955
132.0,132.20042
137.0,128.5251
132.0,131.90591
92.0,92.92265
102.0,82.37971
27.0,39.580143
74.0,99.3004
70.0,71.27365
317.0,324.00568
500.0,494.7287
122.0,95.59245
128.0,130.17479
132.0,128.24857
124.0,124.50323
140.0,118.14393
326.0,342.29507
162.0,138.68257
125.0,133.50458
132.0,131.69958
61.0,69.624626
408.0,386.6995
133.0,137.21428
194.0,236.57338
285.0,254.92923
318.0,258.58493
132.0,92.31135
347.0,312.4239
142.0,220.45009
132.0,131.68916
56.0,65.53129
105.0,85.976036
132.0,101.26739
224.0,269.18
452.0,399.2882
132.0,132.20042
99.0,97.25342
31.0,56.243687
84.0,85.09654
107.0,104.07222
139.0,128.87732
132.0,131.77528
132.0,112.00531
95.0,108.97361
132.0,127.65096
132.0,133.26122
132.0,134.67973
132.0,124.36307
332.0,345.16196
143.0,133.29027
126.0,109.39447
132.0,226.69594
59.0,77.27063
61.0,87.940575
421.0,430.10706
160.0,139.79584
132.0,137.33902
500.0,476.5232
132.0,132.20042
333.0,283.16006
132.0,129.85742
350.0,377.68796
58.0,78.47584
67.0,68.12347
132.0,132.20042
127.0,86.96378
132.0,131.77528
91.0,94.30185
294.0,302.85577
73.0,75.110985
308.0,265.85867
204.0,183.5798
68.0,72.056046
342.0,376.2458
109.0,105.091644
98.0,114.497734
331.0,344.24847
211.0,190.14223
67.0,86.872154
123.0,143.14508
500.0,501.8991
169.0,169.96494
308.0,319.0162
121.0,115.354454
134.0,87.88113
440.0,432.17438
199.0,206.57823
314.0,311.6263
158.0,152.18837
132.0,132.20042
76.0,77.12558
317.0,369.69934
106.0,110.419846
75.0,63.247734
480.0,480.77777
155.0,129.37367
142.0,135.72006
331.0,329.35147
172.0,149.63928
132.0,157.46376
132.0,132.20042
132.0,132.20042
310.0,345.8518
75.0,58.61954
46.0,43.020947
132.0,132.20042
467.0,465.44943
339.0,365.43808
139.0,159.17412
196.0,262.67984
100.0,112.728004
268.0,280.33545
132.0,129.92712
108.0,115.99001
59.0,58.2994
56.0,67.04941
57.0,50.969585
132.0,117.82623
77.0,92.891075
116.0,86.48173
141.0,168.8611
97.0,88.32983
292.0,311.68484
132.0,121.34416
206.0,225.21149
88.0,65.68973
132.0,200.52669
132.0,129.42381
344.0,299.32138
132.0,132.31624
85.0,79.6724
42.0,52.433052
132.0,132.07416
375.0,303.40063
132.0,132.452
78.0,89.68348
300.0,308.25787
500.0,481.47305
101.0,103.472374
92.0,91.862495
155.0,170.81606
132.0,144.24815
132.0,132.20042
97.0,101.82559
364.0,369.5403
124.0,114.6955
131.0,141.09401
242.0,219.2205
155.0,150.33795
500.0,463.79196
237.0,190.70166
132.0,125.34335
91.0,99.8227
66.0,83.09343
196.0,240.93335
89.0,99.22759
132.0,132.07416
94.0,109.13265
136.0,127.66509
71.0,78.66486
115.0,111.396324
102.0,97.17937
110.0,112.616005
224.0,220.13611
77.0,76.540825
267.0,216.3599
104.0,111.10084
313.0,285.794
132.0,132.20042
62.0,67.582466
75.0,87.42432
117.0,160.02399
132.0,279.03427
82.0,75.079765
184.0,174.49382
42.0,56.533092
110.0,112.30425
162.0,166.84372
329.0,343.58246
268.0,198.45659
50.0,75.361755
131.0,155.68552
243.0,153.1501
35.0,41.58989
138.0,151.84505
331.0,319.2137
285.0,282.9329
96.0,83.10385
132.0,112.3587
132.0,123.663376
318.0,312.0257
344.0,271.39905
143.0,130.20195
67.0,89.5475
84.0,84.25811
190.0,211.44872
208.0,158.44444
50.0,59.734238
224.0,210.07587
182.0,153.38402
72.0,93.60155
132.0,132.20042
132.0,132.07416
360.0,381.6052
104.0,105.60156
119.0,127.14014
77.0,97.859116
327.0,313.4068
132.0,132.07416
258.0,267.23123
80.0,82.91728
304.0,281.35626
187.0,146.33055
153.0,161.50821
132.0,132.20042
132.0,131.53435
86.0,94.552666
60.0,80.753914
132.0,142.03206
132.0,132.20042
132.0,131.77528
109.0,117.64812
52.0,56.46028
69.0,74.75092
51.0,51.946686
72.0,77.63471
186.0,117.00427
132.0,131.90591
80.0,72.015854
169.0,145.1492
132.0,131.90591
326.0,285.06363
132.0,132.20042
132.0,131.69958
125.0,113.73673
310.0,289.741
132.0,132.4913
132.0,132.20042
84.0,81.74038
174.0,173.61365
172.0,300.69235
349.0,326.80093
308.0,303.90936
137.0,141.49619
157.0,168.29388
294.0,339.31332
132.0,134.66188
125.0,111.749504
72.0,90.442955
48.0,67.36254
132.0,83.322044
233.0,233.88795
132.0,131.90591
65.0,89.72117
83.0,97.050316
127.0,123.55826
100.0,111.68241
67.0,64.75751
111.0,109.37247
147.0,152.02287
298.0,262.237
137.0,160.50598
132.0,243.83723
330.0,286.08575
132.0,72.16527
71.0,89.92152
117.0,146.09067
53.0,51.44274
132.0,132.20042
113.0,130.40987
196.0,175.6104
55.0,70.96549
194.0,218.28154
120.0,103.42124
132.0,126.95318
101.0,96.49088
132.0,132.20042
103.0,206.92778
326.0,312.79807
200.0,236.3062
217.0,229.4204
162.0,138.16025
39.0,52.455605
76.0,80.73922
74.0,89.656136
161.0,179.17247
79.0,98.62586
132.0,165.19325
79.0,84.77947
148.0,136.45656
132.0,131.90591
120.0,130.19713
331.0,356.14294
132.0,252.73582
500.0,462.07343
64.0,68.29985
132.0,147.43413
52.0,70.156364
461.0,358.79987
25.0,44.052147
60.0,54.16539
349.0,389.48895
132.0,131.90591
70.0,72.11771
75.0,72.714455
132.0,130.8839
337.0,362.3145
228.0,284.91772
500.0,417.9243
102.0,81.19272
132.0,131.77528
143.0,158.83743
77.0,89.65856
112.0,129.94174
38.0,66.07625
385.0,376.25
495.0,469.55576
178.0,104.11236
132.0,131.72952
252.0,224.05676
133.0,112.89281
106.0,111.4279
500.0,436.4067
366.0,371.73767
349.0,346.37756
132.0,132.20042
132.0,132.54144
93.0,83.86192
91.0,81.33547
132.0,131.09198
387.0,389.93655
94.0,96.644936
57.0,74.9419
46.0,41.224144
102.0,114.282715
163.0,176.15308
48.0,69.25748
132.0,132.20042
132.0,132.20042
77.0,77.18638
129.0,142.17502
140.0,152.6541
54.0,67.442635
64.0,76.01191
116.0,101.14244
208.0,236.00424
52.0,71.691025
100.0,107.33717
132.0,132.20042
53.0,42.432964
84.0,93.872574
53.0,63.079754
78.0,86.98232
248.0,162.87646
246.0,273.71805
139.0,220.8173
298.0,292.5803
132.0,132.20042
254.0,259.26553
110.0,138.28677
179.0,142.14807
57.0,66.076385
132.0,130.36435
132.0,132.20042
64.0,89.92855
122.0,149.98628
54.0,71.12947
129.0,124.49937
80.0,93.21555
71.0,77.42908
71.0,74.770996
131.0,132.49138
109.0,86.50394
266.0,273.95367
249.0,204.76198
390.0,388.85907
108.0,110.750465
319.0,288.809
232.0,294.26743
177.0,183.32002
419.0,351.23132
338.0,271.12503
132.0,131.68916
132.0,132.20042
198.0,209.22023
105.0,100.92891
132.0,449.22638
75.0,111.32365
132.0,132.20042
296.0,203.96399
477.0,371.25128
50.0,73.90276
365.0,397.2786
228.0,218.35393
139.0,143.60188
98.0,102.6087
54.0,72.87106
68.0,88.93528
128.0,141.51865
227.0,80.08237
221.0,165.2424
93.0,93.63494
70.0,82.50725
228.0,343.77872
128.0,110.31097
88.0,91.6462
132.0,132.20042
221.0,237.77776
48.0,61.510902
206.0,189.001
132.0,132.20042
245.0,175.49103
184.0,173.34535
132.0,131.68916
264.0,232.9672
313.0,270.6493
231.0,305.8665
78.0,100.10712
132.0,131.32716
104.0,148.86057
61.0,70.51344
318.0,320.97205
154.0,146.35764
83.0,83.268684
332.0,312.4978
132.0,192.01793
500.0,437.819
132.0,63.715763
132.0,121.58079
318.0,292.53497
404.0,363.96295
130.0,128.03809
55.0,53.694897
132.0,132.20042
234.0,216.5195
451.0,466.50345
138.0,139.88278
413.0,389.30243
132.0,132.07416
96.0,94.82323
132.0,131.98524
132.0,234.95197
132.0,132.20042
132.0,132.20042
132.0,118.868645
75.0,81.17052
119.0,124.830284
132.0,132.20042
109.0,122.395645
132.0,133.27615
263.0,276.37442
193.0,243.11679
132.0,132.20042
46.0,85.057144
101.0,120.46455
132.0,132.07416
132.0,132.20042
56.0,65.82489
324.0,322.39783
132.0,132.1599
278.0,241.52386
369.0,361.90784
132.0,275.5604
107.0,97.437416
97.0,91.63437
88.0,115.3786
131.0,164.91104
118.0,134.70586
132.0,131.70436
100.0,79.39891
132.0,131.8972
106.0,97.66646
132.0,190.03038
228.0,194.94939
479.0,469.36926
116.0,134.97803
114.0,112.994446
132.0,126.27346
132.0,127.08748
161.0,160.12439
132.0,132.07416
72.0,93.63091
231.0,204.54225
187.0,186.79765
444.0,435.77332
112.0,139.3087
346.0,339.51096
132.0,132.07416
277.0,272.1983
294.0,251.79622
379.0,289.78302
315.0,249.86041
132.0,132.20042
139.0,146.0623
43.0,65.73153
132.0,132.20042
132.0,133.84946
53.0,56.29279
500.0,455.67075
384.0,376.0252
137.0,141.31828
175.0,183.65646
126.0,149.39336
132.0,130.2345
148.0,146.78152
245.0,248.5656
65.0,65.387886
152.0,158.46597
342.0,387.0121
132.0,163.10316
81.0,87.36559
132.0,101.17636
43.0,47.288197
248.0,206.07133
132.0,132.1599
313.0,290.53876
349.0,298.52878
95.0,101.84368
114.0,118.00695
81.0,79.51421
249.0,224.80771
224.0,255.8644
39.0,61.283623
105.0,101.55137
132.0,132.20042
132.0,132.7386
326.0,343.50507
331.0,337.21664
132.0,132.20042
500.0,467.8494
500.0,478.9611
188.0,163.80544
500.0,469.80078
254.0,279.12366
238.0,243.9238
158.0,169.40771
132.0,132.20042
132.0,131.77528
500.0,447.661
120.0,142.76428
101.0,126.23164
323.0,304.7276
213.0,181.33359
132.0,132.07416
135.0,152.9425
147.0,190.9056
324.0,244.46495
183.0,135.6394
132.0,132.31682
133.0,136.02736
138.0,135.35071
132.0,157.93431
105.0,113.89241
86.0,67.094185
135.0,143.78366
74.0,78.979004
371.0,415.47824
500.0,449.87286
66.0,64.240204
310.0,321.94745
257.0,226.96269
132.0,131.69958
274.0,239.8637
160.0,263.14587
314.0,317.67844
126.0,101.72898
316.0,321.35263
224.0,238.11601
151.0,144.50618
322.0,288.8368
269.0,275.03894
132.0,132.20042
45.0,62.084946
159.0,157.24353
70.0,74.33759
132.0,185.52145
100.0,85.71054
50.0,55.56859
77.0,90.341156
132.0,132.22455
132.0,120.25483
133.0,114.37157
72.0,83.42054
103.0,96.992035
114.0,96.15806
85.0,78.10681
103.0,97.1509
236.0,251.0127
500.0,480.1096
246.0,255.95471
63.0,65.78115
218.0,196.27325
323.0,316.32114
132.0,131.77528
132.0,131.90591
132.0,134.53731
52.0,64.24729
132.0,126.61286
283.0,224.64536
182.0,166.79803
171.0,157.58897
34.0,69.103325
103.0,106.578735
65.0,70.80782
500.0,468.87976
156.0,80.65402
103.0,104.79432
66.0,66.21998
55.0,71.80064
148.0,143.8546
114.0,101.37899
72.0,59.972343
178.0,194.44933
73.0,69.219925
235.0,229.75157
132.0,123.73462
377.0,429.49533
132.0,131.90591
110.0,119.42296
132.0,131.90591
72.0,71.55735
352.0,343.2452
51.0,65.953926
132.0,131.90591
132.0,129.11491
322.0,305.01865
500.0,434.76813
132.0,138.9546
132.0,130.46848
271.0,240.22676
144.0,166.72702
101.0,100.11241
197.0,179.31139
500.0,420.03107
132.0,132.20042
380.0,396.34854
132.0,131.9903
73.0,55.936398
112.0,104.750305
309.0,330.46176
101.0,98.42269
268.0,292.18787
95.0,114.03818
96.0,212.56644
354.0,357.36252
132.0,210.57874
132.0,238.18465
170.0,206.06613
86.0,80.7992
132.0,132.20042
75.0,89.74854
132.0,460.34406
113.0,110.37938
132.0,154.06837
89.0,123.137115
148.0,117.86439
109.0,120.00687
75.0,83.66742
90.0,92.39208
223.0,222.18967
78.0,82.26189
61.0,62.785484
232.0,132.20042
50.0,85.40275
61.0,67.60237
95.0,96.550316
230.0,205.33255
132.0,132.20042
232.0,274.90524
166.0,169.2266
151.0,166.9433
309.0,299.03458
164.0,174.552
317.0,311.75168
50.0,69.49581
315.0,299.5728
87.0,106.99714
157.0,148.8044
106.0,133.08449
40.0,47.24134
192.0,172.59886
82.0,96.72739
320.0,301.67108
112.0,105.868546
61.0,80.219765
100.0,106.385796
204.0,238.56297
448.0,435.22006
98.0,101.36998
67.0,63.727367
297.0,297.70862
80.0,132.20042
174.0,140.08807
209.0,224.17734
132.0,132.20042
132.0,131.90591
61.0,59.79129
132.0,127.28281
59.0,72.42908
77.0,75.28373
159.0,182.23283
114.0,111.70901
142.0,143.24283
377.0,373.41202
114.0,107.06591
74.0,75.73004
132.0,107.91576
132.0,132.1599
336.0,299.90076
132.0,132.20042
182.0,202.6787
46.0,130.94734
60.0,59.406487
99.0,90.71457
260.0,243.59859
77.0,87.85408
132.0,131.90591
318.0,281.1449
132.0,132.20042
72.0,59.35489
145.0,158.47913
132.0,132.20042
149.0,124.76664
200.0,199.38243
100.0,94.1786
62.0,76.81237
188.0,248.7875
143.0,152.56999
212.0,131.60938
132.0,132.20042
106.0,97.40843
169.0,156.53645
123.0,130.7723
338.0,318.33066
234.0,262.66486
478.0,480.57922
162.0,121.73714
132.0,131.97598
87.0,92.1075
329.0,310.14215
185.0,165.24286
101.0,79.44047
100.0,107.53712
67.0,74.053825
130.0,132.20908
92.0,106.04697
51.0,109.379135
436.0,453.64035
49.0,53.784004
110.0,103.60741
132.0,132.20042
117.0,117.12674
60.0,74.811584
132.0,100.34348
190.0,188.9638
402.0,392.8875
67.0,71.04996
132.0,134.64336
305.0,281.69968
500.0,475.2064
359.0,340.5054
175.0,210.98636
208.0,158.6827
135.0,103.84866
301.0,287.67407
195.0,171.63681
91.0,93.919525
136.0,159.62798
81.0,89.06795
156.0,124.63172
427.0,374.4984
51.0,56.659763
74.0,89.24811
465.0,476.91577
156.0,154.72594
132.0,109.59556
88.0,84.092
93.0,69.982544
39.0,42.74619
117.0,127.75884
416.0,391.4294
172.0,211.89442
105.0,102.53283
132.0,113.927475
106.0,116.67042
45.0,46.66383
111.0,93.06987
98.0,96.22282
164.0,169.23447
500.0,497.5668
138.0,123.95114
141.0,38.98565
22.0,36.458065
66.0,71.43858
94.0,112.32815
83.0,86.34917
140.0,283.35483
132.0,148.56766
59.0,58.68393
500.0,487.70398
238.0,264.4916
341.0,307.12997
93.0,93.825584
81.0,80.56439
328.0,323.3645
164.0,142.25954
107.0,105.69575
353.0,321.2377
256.0,190.29982
326.0,339.26794
132.0,132.07416
48.0,70.060646
255.0,244.03412
94.0,103.932526
132.0,373.9017
96.0,114.140015
132.0,131.9903
329.0,324.5058
318.0,289.22467
55.0,59.24646
119.0,138.5018
136.0,142.1918
132.0,270.29785
68.0,129.39812
363.0,314.91068
41.0,63.014755
132.0,159.38115
214.0,193.72052
132.0,132.31224
103.0,101.293655
40.0,60.29849
112.0,147.27473
500.0,434.6905
132.0,131.77528
236.0,173.8214
67.0,81.56408
113.0,133.77452
150.0,158.54367
270.0,236.39418
132.0,132.20042
132.0,132.20042
137.0,115.89101
84.0,97.11546
132.0,131.77528
58.0,64.003334
129.0,142.31471
365.0,334.4342
79.0,85.154205
171.0,175.84126
500.0,498.7184
215.0,217.88203
43.0,56.56288
370.0,293.8829
65.0,58.65355
132.0,131.77528
141.0,158.58879
322.0,300.13757
147.0,149.08894
53.0,50.560165
72.0,91.66748
132.0,131.90591
132.0,118.348236
132.0,131.90591
113.0,119.95917
132.0,119.170204
317.0,335.0068
86.0,109.31312
56.0,81.3751
138.0,148.29117
359.0,363.18484
79.0,108.495125
56.0,56.637527
132.0,119.70409
236.0,242.17526
322.0,311.8495
500.0,462.1203
311.0,310.451
500.0,67.3125
132.0,131.90807
99.0,120.46675
132.0,78.56865
132.0,131.77528
342.0,308.6445
231.0,247.94257
156.0,162.40903
155.0,262.01715
275.0,242.83902
57.0,45.77303
132.0,132.07416
132.0,83.24501
129.0,137.89667
49.0,55.29211
53.0,59.299824
322.0,293.60187
73.0,81.52358
366.0,356.972
70.0,85.00768
49.0,60.068527
367.0,304.06848
48.0,58.57296
141.0,132.70035
499.0,419.62598
162.0,226.40945
56.0,60.444412
110.0,138.1458
132.0,102.10235
132.0,132.20042
331.0,291.89084
163.0,171.77975
97.0,130.47726
316.0,337.70447
132.0,131.03632
184.0,197.74776
191.0,244.57175
273.0,292.65247
353.0,362.1349
40.0,46.918713
132.0,53.7493
66.0,55.255684
199.0,231.08432
40.0,51.709446
72.0,57.154552
132.0,132.20042
298.0,312.35342
298.0,309.21884
132.0,138.8495
145.0,131.95732
132.0,132.07416
92.0,93.0257
100.0,157.76872
82.0,81.73212
48.0,56.0877
500.0,443.62216
104.0,101.6924
72.0,94.074
175.0,178.06053
185.0,210.30225
117.0,125.61559
193.0,298.14255
57.0,68.595474
99.0,119.86717
134.0,143.9504
132.0,132.20042
116.0,143.08708
450.0,392.9948
132.0,131.90591
188.0,206.1598
308.0,290.99686
155.0,192.18925
170.0,163.28117
132.0,131.69958
124.0,127.88306
67.0,71.03268
107.0,117.890686
424.0,415.65674
132.0,136.90857
329.0,338.11328
63.0,62.93592
85.0,252.69063
163.0,162.32004
113.0,131.75017
100.0,127.74763
236.0,192.84734
233.0,174.62291
220.0,226.98915
132.0,132.20042
240.0,282.99362
107.0,123.514786
87.0,107.23094
114.0,117.58442
132.0,131.6951
132.0,161.32822
103.0,75.42237
107.0,114.58061
81.0,78.01081
68.0,88.44437
339.0,302.16312
132.0,135.2301
148.0,147.7508
348.0,327.53757
60.0,79.41496
271.0,343.78806
31.0,55.70086
110.0,113.3204
132.0,132.20042
232.0,244.90695
132.0,132.20042
132.0,132.20042
94.0,92.46734
47.0,63.65975
132.0,77.366806
132.0,131.90591
355.0,356.6032
27.0,36.069027
180.0,165.65312
372.0,368.65796
60.0,64.05256
117.0,121.108536
192.0,172.86418
173.0,163.46199
249.0,256.37912
61.0,81.564026
125.0,140.30502
79.0,106.55394
147.0,151.99046
500.0,476.5157
64.0,58.442806
55.0,66.13239
253.0,157.24384
149.0,162.35634
45.0,61.977196
178.0,172.1087
230.0,183.50508
335.0,296.55396
181.0,184.01935
66.0,60.458668
45.0,64.41109
132.0,112.82304
132.0,131.77528
335.0,345.2252
288.0,277.37167
133.0,155.95284
36.0,60.878902
450.0,329.114
355.0,338.68256
132.0,132.20042
201.0,189.60873
87.0,87.55499
325.0,311.13235
97.0,102.73284
132.0,137.52429
313.0,308.35928
132.0,132.20042
205.0,171.99736
66.0,80.78277
146.0,132.20146
132.0,132.20042
168.0,182.264
236.0,223.10158
97.0,102.05128
184.0,141.10977
132.0,170.47311
71.0,78.34792
82.0,83.063774
86.0,73.035324
74.0,91.38756
132.0,132.20042
132.0,132.20042
132.0,131.9903
114.0,81.43086
274.0,283.67142
50.0,47.947906
132.0,57.69496
339.0,315.90585
62.0,62.61876
97.0,106.27114
385.0,395.20142
56.0,64.37373
168.0,178.16954
158.0,146.25948
132.0,138.18065
72.0,73.22435
368.0,383.1905
240.0,292.5633
128.0,99.86422
43.0,50.68027
225.0,182.34184
414.0,445.2912
132.0,132.20042
71.0,54.803646
44.0,56.98066
77.0,92.97695
105.0,93.01698
132.0,132.20042
155.0,160.77982
132.0,131.90591
167.0,136.46245
159.0,142.49234
119.0,122.541504
83.0,128.95142
132.0,113.74323
301.0,280.40677
95.0,104.04376
138.0,153.26642
164.0,129.13016
216.0,175.52826
53.0,69.9187
85.0,73.772484
159.0,157.7315
264.0,152.70764
67.0,80.58652
79.0,73.74384
132.0,129.95934
186.0,164.7602
82.0,94.91882
132.0,282.759
132.0,71.73642
135.0,169.24368
202.0,226.25546
132.0,126.80046
132.0,379.22028
116.0,82.5046
37.0,44.849773
147.0,144.24548
132.0,122.86565
286.0,316.72986
118.0,104.28091
500.0,453.10757
181.0,196.12988
249.0,138.74785
140.0,145.03162
261.0,267.8448
125.0,174.47269
132.0,125.55231
172.0,194.29205
132.0,131.77528
80.0,93.22015
132.0,132.31224
52.0,65.383995
146.0,145.92166
49.0,56.770824
132.0,131.54088
163.0,198.85672
157.0,142.17952
132.0,125.702515
317.0,282.0235
208.0,284.8302
114.0,133.95892
211.0,271.41257
292.0,294.23572
132.0,128.9973
70.0,69.536964
132.0,131.77434
284.0,270.0839
132.0,56.88347
53.0,47.61684
132.0,119.11843
142.0,140.11066
53.0,63.911415
286.0,271.6991
122.0,124.42553
132.0,48.947895
335.0,319.34177
188.0,132.36375
183.0,170.49039
56.0,60.51872
100.0,110.23627
64.0,71.77712
206.0,234.3247
136.0,113.84844
78.0,70.48798
199.0,189.9926
33.0,46.631077
263.0,282.9507
500.0,427.76605
87.0,90.82182
500.0,497.51212
471.0,461.1402
92.0,98.46263
242.0,238.92026
265.0,256.37637
158.0,135.70071
82.0,77.59361
94.0,108.89544
132.0,132.20042
469.0,478.39142
220.0,193.92299
147.0,124.43935
132.0,214.21251
228.0,193.95862
117.0,72.42068
146.0,164.30618
164.0,127.36563
102.0,104.543335
312.0,306.8897
132.0,132.20042
132.0,132.20042
132.0,131.9903
132.0,131.90591
89.0,153.8939
90.0,102.11691
132.0,131.69958
177.0,112.07654
181.0,189.03465
167.0,137.33504
128.0,103.9064
138.0,117.41762
132.0,132.20042
81.0,105.2996
147.0,104.29303
108.0,121.1731
121.0,109.725365
88.0,91.40846
318.0,299.31366
239.0,142.62007
182.0,215.93073
54.0,81.26624
132.0,132.20042
87.0,73.11053
199.0,150.0523
132.0,131.90591
337.0,351.41098
87.0,104.83448
150.0,165.82451
70.0,73.24556
223.0,239.96098
229.0,170.48434
118.0,106.59919
166.0,173.49162
66.0,86.53493
484.0,479.54898
350.0,346.3108
398.0,328.55994
213.0,251.08012
132.0,132.20042
402.0,376.0883
302.0,312.6297
106.0,98.49529
132.0,132.20042
49.0,60.203613
128.0,141.99583
52.0,68.67473
404.0,396.37302
132.0,129.99648
387.0,378.61804
62.0,71.1428
44.0,54.320107
51.0,71.94266
139.0,180.13257
132.0,130.79636
102.0,100.612274
398.0,407.0973
72.0,73.5505
500.0,431.2268
158.0,133.12923
77.0,90.625374
132.0,145.29579
132.0,135.3116
381.0,361.20483
91.0,92.23034
65.0,85.28452
47.0,65.49361
110.0,128.10437
132.0,132.20042
132.0,48.34893
164.0,170.43265
132.0,131.8972
132.0,171.4497
132.0,149.48956
236.0,256.26547
96.0,91.5542
47.0,61.42519
153.0,150.87585
302.0,293.7452
131.0,237.99979
122.0,126.566414
46.0,53.57279
87.0,100.65852
143.0,109.98325
132.0,137.6864
272.0,242.75877
168.0,203.43692
132.0,306.11368
67.0,80.13388
246.0,235.8782
337.0,314.35178
132.0,128.02591
137.0,151.78973
377.0,468.20703
198.0,123.29884
97.0,96.350426
147.0,158.31087
306.0,306.00168
132.0,125.69447
241.0,213.24153
88.0,90.14016
142.0,138.19583
43.0,57.035095
77.0,70.84987
57.0,73.15131
281.0,219.0993
348.0,333.62985
92.0,76.88123
132.0,120.516754
236.0,236.20518
57.0,66.672935
32.0,52.5055
132.0,94.40369
121.0,154.48442
365.0,384.0591
307.0,299.23315
382.0,391.0544
139.0,118.99664
83.0,116.90579
132.0,131.77528
132.0,132.20042
51.0,76.11765
35.0,54.024334
121.0,127.177
464.0,461.42554
427.0,385.35907
50.0,67.68494
61.0,67.138756
46.0,53.760334
66.0,99.63525
429.0,378.62976
132.0,132.20042
179.0,215.05098
99.0,104.217094
99.0,96.60216
42.0,48.424488
163.0,159.18332
132.0,46.82933
320.0,299.49704
201.0,225.71503
191.0,162.48114
132.0,132.07416
176.0,217.89891
66.0,66.4573
352.0,343.5364
337.0,317.97705
99.0,138.18738
79.0,81.77354
132.0,132.20042
131.0,117.74049
38.0,51.442093
500.0,497.08102
272.0,312.69223
132.0,131.69958
280.0,253.35143
132.0,131.72952
113.0,139.85045
121.0,134.69415
411.0,331.08536
132.0,132.09654
108.0,132.20042
137.0,134.95042
132.0,132.07416
320.0,302.741
318.0,313.73294
51.0,62.522747
157.0,218.46864
111.0,112.268
132.0,131.90591
227.0,219.72917
132.0,131.9903
67.0,65.910385
273.0,209.06181
495.0,379.67218
132.0,78.39932
318.0,357.74185
74.0,88.02504
132.0,204.81328
35.0,50.609768
311.0,294.89175
62.0,66.26039
357.0,382.21268
132.0,132.07416
87.0,79.93228
132.0,122.45349
213.0,200.6848
62.0,65.174675
491.0,479.69818
191.0,161.12349
113.0,123.18539
189.0,190.70653
183.0,185.81737
79.0,104.99777
119.0,132.1192
132.0,135.72176
121.0,101.921906
289.0,243.80362
349.0,351.0104
213.0,172.60783
132.0,132.20042
240.0,229.3703
158.0,141.5992
72.0,55.290802
74.0,85.143326
132.0,131.77528
100.0,99.024826
101.0,95.73955
61.0,71.28973
93.0,111.92196
177.0,192.5347
132.0,131.90591
114.0,107.12398
359.0,310.17114
132.0,132.20042
175.0,246.92502
149.0,159.54341
71.0,66.124
132.0,132.20042
207.0,158.58565
149.0,171.56381
500.0,491.86935
82.0,74.42309
132.0,185.26146
132.0,132.1599
314.0,282.42102
36.0,49.406284
77.0,83.189545
153.0,142.24112
390.0,438.33978
77.0,88.02891
28.0,62.62034
91.0,98.292915
109.0,124.83406
132.0,131.90591
135.0,158.69708
361.0,366.83295
235.0,276.98575
234.0,230.98648
132.0,132.2075
318.0,279.30725
102.0,120.42322
132.0,114.000496
77.0,86.53808
62.0,71.69223
132.0,83.84412
43.0,49.17117
132.0,123.69276
132.0,99.06793
132.0,131.69958
205.0,251.51942
118.0,104.23188
58.0,74.20969
66.0,90.76235
92.0,96.90389
261.0,233.27959
500.0,361.58606
280.0,241.73882
131.0,132.68074
86.0,69.84517
342.0,200.57664
132.0,132.20042
66.0,79.89227
86.0,108.78589
92.0,68.26428
104.0,94.38087
69.0,69.584755
128.0,162.253
206.0,189.48398
132.0,131.90591
51.0,52.929066
104.0,124.07345
30.0,37.445198
132.0,316.95953
329.0,364.535
132.0,124.01885
170.0,152.05414
152.0,197.94702
80.0,81.80579
69.0,83.05801
132.0,132.20042
132.0,132.29346
158.0,137.07376
109.0,115.708725
132.0,149.0897
128.0,142.30139
138.0,120.96322
157.0,170.61118
353.0,313.9772
39.0,40.246075
80.0,91.507195
109.0,98.7828
132.0,132.07416
133.0,105.94698
150.0,131.75578
150.0,142.0239
112.0,167.80212
228.0,259.75412
116.0,139.87465
65.0,65.37541
201.0,177.68852
253.0,288.39658
147.0,198.55156
240.0,224.8564
340.0,324.9813
132.0,131.90591
132.0,134.89015
132.0,132.20042
112.0,134.8444
266.0,249.62947
132.0,132.20042
102.0,85.12238
183.0,253.76242
119.0,160.66708
445.0,423.83878
95.0,106.60196
132.0,160.20212
111.0,116.74477
100.0,105.54921
304.0,304.72092
243.0,258.87488
336.0,304.3759
170.0,172.67429
132.0,132.20042
90.0,130.97034
458.0,379.06076
132.0,131.77528
423.0,405.12714
500.0,491.6622
96.0,100.48615
329.0,250.83888
113.0,100.303185
88.0,103.69979
306.0,287.6607
81.0,80.96058
321.0,299.71088
122.0,134.1116
323.0,341.21036
402.0,374.45117
331.0,327.9283
306.0,338.6346
135.0,155.32051
361.0,332.5271
220.0,274.92035
267.0,228.4618
160.0,160.49596
49.0,60.123924
132.0,132.20042
33.0,45.554577
99.0,94.280815
132.0,132.20042
132.0,113.51688
132.0,131.8972
99.0,109.5089
132.0,124.73427
70.0,46.207687
314.0,291.0254
132.0,132.20042
87.0,93.545044
280.0,229.2023
137.0,112.65174
132.0,123.91444
132.0,132.20042
56.0,73.66484
48.0,65.76358
291.0,232.9442
132.0,127.4976
132.0,129.21326
128.0,141.37292
132.0,132.07416
415.0,394.61282
69.0,68.84032
60.0,76.913055
132.0,131.90591
323.0,332.6259
42.0,50.335655
77.0,74.146996
132.0,132.1599
98.0,97.96021
50.0,62.84084
132.0,131.9903
185.0,193.14023
252.0,240.46118
132.0,132.07416
132.0,126.91995
129.0,124.519165
500.0,494.76752
147.0,141.37971
180.0,184.21352
132.0,123.29095
99.0,113.93244
181.0,165.59827
110.0,103.72498
170.0,111.47105
132.0,122.70398
317.0,325.2056
179.0,189.49228
48.0,54.739365
106.0,103.90005
68.0,76.79213
133.0,123.88986
208.0,202.8211
153.0,160.03456
180.0,193.51486
132.0,131.90591
474.0,429.10037
443.0,413.69888
117.0,108.247955
187.0,237.60152
70.0,87.34401
132.0,132.20042
108.0,116.13685
132.0,131.77528
272.0,246.06929
46.0,64.51858
302.0,305.16803
149.0,167.25897
304.0,327.215
82.0,70.82403
121.0,137.0165
303.0,275.22214
101.0,80.64893
41.0,69.77625
107.0,125.59334
132.0,189.5791
175.0,218.3063
224.0,217.5097
165.0,170.58827
98.0,94.23133
209.0,222.93109
324.0,301.28717
90.0,104.6188
75.0,83.488884
40.0,51.244358
70.0,84.46806
108.0,102.72973
186.0,221.8968
69.0,74.87548
105.0,108.74936
132.0,106.30559
94.0,75.934326
410.0,388.62744
348.0,356.2071
246.0,242.00551
86.0,107.004196
286.0,253.20473
46.0,46.629112
148.0,144.0995
169.0,179.597
212.0,184.30916
33.0,52.32827
103.0,122.042336
256.0,305.74545
132.0,132.20042
132.0,222.8752
116.0,98.502205
134.0,152.80238
279.0,285.60428
300.0,274.3496
87.0,135.51752
160.0,140.3576
132.0,131.24664
112.0,83.029396
206.0,231.99226
132.0,132.20042
100.0,108.1524
132.0,132.20042
127.0,102.14546
132.0,312.19122
115.0,142.95705
135.0,126.90549
329.0,315.77628
138.0,135.19522
132.0,131.90591
132.0,131.77528
100.0,118.62861
132.0,129.7996
121.0,135.01881
141.0,139.48448
213.0,194.25667
124.0,156.53398
85.0,112.85694
91.0,108.413475
132.0,123.03169
83.0,70.15698
70.0,75.48384
111.0,135.10356
97.0,104.8809
97.0,112.76464
74.0,93.98406
132.0,132.20042
132.0,106.20989
132.0,339.60843
53.0,55.808178
132.0,143.65161
82.0,79.20008
26.0,40.264004
320.0,291.35724
264.0,238.34886
132.0,127.98729
77.0,67.85832
127.0,137.72557
164.0,162.87294
131.0,134.60147
182.0,161.0636
71.0,73.05685
200.0,263.6906
102.0,84.198326
113.0,128.45291
71.0,86.1806
186.0,164.42192
200.0,180.33162
100.0,96.102
108.0,106.61649
111.0,106.76243
130.0,161.5967
84.0,71.465355
329.0,332.94815
144.0,144.05504
61.0,71.03524
109.0,99.11388
371.0,376.94513
500.0,489.41492
131.0,120.89182
60.0,71.60418
63.0,68.452354
132.0,127.94098
334.0,330.24033
371.0,305.28156
132.0,128.28542
282.0,218.26741
336.0,356.68655
64.0,63.945335
36.0,38.28223
120.0,104.71771
60.0,75.02559
187.0,174.36864
98.0,106.76657
132.0,131.69958
362.0,362.5572
81.0,81.47538
64.0,278.61798
52.0,60.780014
439.0,445.7403
175.0,188.95995
132.0,131.77528
132.0,129.81699
417.0,469.26294
211.0,245.78915
350.0,309.48532
500.0,466.31683
256.0,268.61783
132.0,132.07416
132.0,132.20042
148.0,202.49156
132.0,247.72449
139.0,124.875114
65.0,68.196175
99.0,126.27815
132.0,132.18105
174.0,158.4831
224.0,192.65652
106.0,116.285934
127.0,112.30275
468.0,448.02652
295.0,276.18613
124.0,122.17906
340.0,327.10443
114.0,132.15427
132.0,132.20042
56.0,69.13091
57.0,84.41095
168.0,165.0419
410.0,358.2628
103.0,95.108185
132.0,107.0834
77.0,79.8349
132.0,135.3691
81.0,69.65362
132.0,131.90591
132.0,126.23464
390.0,226.945
132.0,127.18584
500.0,497.05286
132.0,132.13016
88.0,115.703064
52.0,54.9191
414.0,158.07516
81.0,85.79115
97.0,107.14015
500.0,502.36453
80.0,75.65706
147.0,188.71565
290.0,254.84834
132.0,132.20042
118.0,99.72761
106.0,120.44466
132.0,132.20042
212.0,211.0929
118.0,111.53582
328.0,315.62006
87.0,83.67346
132.0,132.07416
97.0,103.844154
149.0,156.96448
111.0,121.99988
60.0,73.99886
145.0,140.50076
108.0,123.92278
45.0,52.6282
226.0,180.75066
270.0,278.4469
107.0,125.865944
132.0,131.77528
58.0,65.50282
96.0,97.26042
217.0,202.05087
176.0,149.43512
175.0,173.26926
332.0,287.19257
101.0,103.01304
331.0,309.2902
89.0,88.80337
139.0,146.58841
132.0,131.69958
132.0,131.48259
56.0,62.14163
66.0,71.65889
316.0,305.01523
89.0,76.75073
97.0,96.62936
289.0,293.91708
311.0,266.5367
153.0,188.42572
91.0,100.84199
257.0,223.31474
324.0,295.01825
132.0,132.07416
132.0,132.20042
145.0,120.0454
132.0,131.90591
340.0,313.23605
141.0,144.49034
370.0,338.9836
145.0,133.07074
100.0,130.30428
113.0,119.4562
89.0,95.0401
92.0,120.51056
119.0,120.574585
64.0,116.59223
129.0,119.4276
132.0,135.10712
136.0,124.2035
191.0,239.48445
132.0,107.63276
310.0,290.31738
98.0,121.66256
125.0,125.26686
40.0,72.45273
70.0,75.284645
132.0,131.90591
179.0,170.87415
32.0,83.94682
184.0,159.41124
240.0,258.97513
164.0,210.08328
132.0,132.20042
73.0,96.953064
132.0,131.90591
132.0,132.20042
341.0,311.7109
132.0,129.85869
126.0,132.57242
77.0,93.9477
184.0,168.00421
93.0,95.24382
147.0,134.93884
479.0,389.35672
132.0,132.20042
84.0,132.20042
108.0,129.12646
110.0,97.823326
126.0,99.02881
132.0,132.20042
132.0,132.20042
152.0,155.4458
68.0,71.36088
61.0,71.37233
132.0,132.20042
238.0,140.59824
56.0,64.706116
214.0,191.904
176.0,147.37117
149.0,184.10806
113.0,112.093765
66.0,82.227165
132.0,140.25182
117.0,126.71095
132.0,131.68916
132.0,132.20042
450.0,366.09247
115.0,125.45157
153.0,159.32794
132.0,128.43718
329.0,314.5412
169.0,273.43405
122.0,85.50322
132.0,132.1599
48.0,44.20797
500.0,497.24484
305.0,318.54672
88.0,66.41333
105.0,129.55423
132.0,132.20042
89.0,95.14244
76.0,78.23432
386.0,407.8267
128.0,116.89614
234.0,185.36855
55.0,79.58771
132.0,131.9903
59.0,71.98683
93.0,101.4985
132.0,132.20042
358.0,362.09143
306.0,301.55557
364.0,369.31973
101.0,103.68232
120.0,110.371956
170.0,171.73651
144.0,133.15428
120.0,131.48407
43.0,56.867386
97.0,98.23087
174.0,140.44403
58.0,92.89528
162.0,164.3683
53.0,75.33943
132.0,131.74548
207.0,111.02019
135.0,126.84063
146.0,135.28935
107.0,115.18763
72.0,105.082726
92.0,88.34701
97.0,119.6146
121.0,117.92828
165.0,155.82727
132.0,132.20042
132.0,88.87886
160.0,164.50407
182.0,183.55792
308.0,291.47797
130.0,149.69514
218.0,203.89534
114.0,103.899216
132.0,132.20042
132.0,212.62907
105.0,142.3825
40.0,59.45806
64.0,56.56524
82.0,102.464035
154.0,156.23816
500.0,493.52322
108.0,120.93824
328.0,322.96014
79.0,85.033485
59.0,72.26203
94.0,98.026535
132.0,143.7129
263.0,272.8756
40.0,47.260353
134.0,153.12346
144.0,166.29933
132.0,131.90591
364.0,373.9166
161.0,139.3401
305.0,375.58218
132.0,132.07416
127.0,130.79335
132.0,149.8744
102.0,91.19901
101.0,100.99732
103.0,144.66586
107.0,116.232185
64.0,68.59928
96.0,92.19553
132.0,203.65668
110.0,102.56899
142.0,102.87778
472.0,432.90115
362.0,345.36002
93.0,83.82879
322.0,313.53296
50.0,61.14197
86.0,123.38606
132.0,132.20042
345.0,349.4915
93.0,69.4764
132.0,132.20042
38.0,64.329666
311.0,293.59927
151.0,167.05771
77.0,79.31822
91.0,120.89888
310.0,242.9341
195.0,181.80482
135.0,126.160446
93.0,112.18899
132.0,132.20042
160.0,137.63809
132.0,128.71898
64.0,96.78645
72.0,81.580414
79.0,88.16419
182.0,194.0535
132.0,123.240036
125.0,129.30356
132.0,132.20042
132.0,131.90591
311.0,297.15045
114.0,105.62261
89.0,80.04243
108.0,146.89049
164.0,166.45827
132.0,131.90591
132.0,132.20042
143.0,131.66988
51.0,54.97763
171.0,91.863365
132.0,131.90591
132.0,141.3288
115.0,128.4755
132.0,134.77878
122.0,143.88641
333.0,321.85114
291.0,269.01
344.0,412.86786
42.0,48.656677
117.0,175.9913
132.0,131.69958
213.0,223.76605
40.0,53.362194
114.0,112.789764
132.0,132.20042
327.0,311.5492
108.0,112.70193
54.0,49.00378
382.0,400.39957
108.0,122.620285
159.0,189.32317
163.0,152.96098
90.0,100.92248
110.0,119.85536
98.0,114.57058
182.0,122.5332
132.0,132.07416
266.0,239.6674
189.0,164.3935
123.0,140.52768
84.0,91.39476
312.0,298.57556
132.0,132.20042
132.0,136.18904
184.0,171.92386
111.0,109.34901
132.0,131.6951
132.0,132.20042
132.0,132.20042
335.0,291.46225
77.0,81.47263
132.0,132.20042
100.0,135.22905
53.0,67.38153
128.0,123.47072
216.0,160.29161
132.0,131.69958
132.0,145.3516
99.0,95.95914
101.0,114.77362
180.0,184.94905
132.0,132.22455
107.0,127.38714
132.0,132.07416
146.0,117.875114
311.0,304.26062
193.0,198.97694
132.0,86.47006
435.0,335.4742
140.0,132.91185
132.0,132.20042
73.0,58.701965
254.0,231.67645
182.0,189.83443
171.0,131.59416
318.0,281.1904
284.0,280.55862
82.0,88.410706
103.0,124.49963
500.0,479.6927
203.0,231.57152
278.0,270.13565
132.0,132.20042
146.0,147.82193
225.0,193.27858
132.0,132.20042
132.0,132.20042
500.0,497.34476
82.0,96.93316
86.0,89.038994
180.0,267.38983
133.0,126.13595
130.0,183.79706
305.0,284.8908
156.0,144.66196
189.0,194.76898
132.0,130.20882
301.0,289.07953
332.0,320.17584
132.0,132.20042
427.0,173.17172
107.0,119.98353
52.0,76.1375
132.0,78.28449
123.0,122.27014
53.0,58.730774
290.0,257.58984
168.0,135.40694
312.0,287.463
140.0,116.00667
125.0,115.165215
132.0,132.20042
46.0,56.37521
50.0,62.1116
315.0,243.95245
132.0,132.20042
266.0,251.24539
273.0,193.87732
323.0,316.31644
63.0,84.21244
250.0,260.02493
120.0,120.13877
167.0,168.46077
107.0,126.116936
199.0,207.29825
61.0,58.57996
330.0,359.02188
68.0,90.62231
78.0,79.025795
321.0,312.8399
134.0,124.161354
132.0,193.7576
83.0,81.3864
271.0,261.84668
73.0,69.67821
228.0,244.36546
50.0,66.62598
131.0,113.85946
49.0,63.965076
132.0,132.20042
437.0,483.13846
63.0,44.487743
82.0,83.38413
132.0,94.17188
126.0,127.31081
138.0,155.78134
299.0,266.67487
64.0,66.75846
310.0,352.56183
224.0,209.64299
259.0,308.13492
389.0,339.74487
113.0,139.44095
429.0,443.71814
288.0,255.42888
132.0,131.76746
157.0,157.59677
227.0,209.85594
250.0,250.32936
169.0,159.18481
132.0,131.90591
213.0,197.73126
55.0,66.03634
409.0,446.51404
132.0,129.62901
89.0,85.79347
79.0,69.32403
106.0,104.81227
132.0,136.96597
63.0,63.07893
70.0,64.57807
151.0,130.18231
62.0,62.551548
77.0,87.23851
132.0,131.42395
336.0,361.33963
132.0,129.04094
132.0,131.24452
276.0,261.12283
98.0,111.30555
72.0,114.7764
286.0,285.2616
312.0,308.53677
452.0,348.0296
137.0,129.30591
32.0,38.935417
388.0,369.9243
132.0,132.20042
61.0,64.16668
87.0,114.91548
298.0,321.9709
132.0,133.74536
231.0,243.27869
132.0,131.77528
53.0,71.68739
132.0,132.20042
230.0,248.14174
301.0,246.05035
46.0,61.209473
500.0,479.23853
500.0,499.51657
86.0,93.435616
257.0,253.13652
161.0,145.80891
126.0,143.02219
132.0,132.20042
186.0,147.47382
48.0,47.9525
52.0,65.17189
74.0,65.025314
132.0,68.42387
311.0,325.7961
132.0,126.8031
247.0,179.12482
301.0,207.75005
70.0,74.79278
48.0,74.878784
320.0,330.6809
132.0,45.808228
103.0,110.1671
132.0,132.07416
132.0,132.49658
57.0,63.720234
205.0,209.65857
67.0,72.117805
132.0,132.07416
132.0,131.69958
391.0,398.3082
37.0,64.62739
132.0,123.34369
372.0,392.56897
132.0,135.91125
286.0,305.58167
132.0,131.77528
175.0,120.739235
132.0,131.90506
104.0,125.49319
410.0,301.16586
73.0,85.45286
86.0,89.19051
350.0,353.55774
132.0,132.20042
89.0,103.67527
281.0,212.53941
146.0,153.73515
151.0,133.33963
132.0,144.99559
345.0,340.90848
116.0,135.39119
65.0,82.18802
186.0,163.9804
151.0,150.26033
132.0,143.1285
25.0,39.80025
57.0,56.286686
79.0,100.66293
309.0,278.16946
132.0,76.05828
324.0,335.00278
256.0,186.13101
300.0,315.6329
314.0,333.5831
374.0,398.80975
132.0,132.20042
132.0,132.20042
164.0,146.34
45.0,56.385406
226.0,260.4163
288.0,334.311
456.0,398.43076
63.0,58.66852
161.0,111.34237
500.0,441.1309
103.0,98.100525
416.0,432.24313
242.0,287.37228
214.0,228.90926
114.0,113.095634
132.0,142.84154
57.0,71.73512
132.0,132.20042
369.0,383.7922
162.0,149.33113
74.0,119.9204
61.0,79.19321
222.0,321.82742
120.0,91.93372
122.0,91.49279
99.0,109.2694
466.0,384.99033
150.0,175.50217
132.0,131.90591
132.0,132.07416
238.0,205.64825
414.0,388.99976
66.0,60.39293
302.0,265.1242
431.0,463.0653
132.0,139.6353
129.0,136.84894
152.0,129.30159
118.0,120.4738
152.0,147.83194
132.0,131.77528
126.0,89.486755
192.0,218.5876
466.0,402.7298
102.0,132.02895
132.0,137.18344
266.0,296.071
148.0,163.5619
40.0,47.45735
64.0,106.90185
179.0,189.46693
138.0,143.95439
119.0,149.72067
132.0,131.77528
45.0,43.496464
62.0,68.257286
140.0,141.60391
264.0,251.4317
73.0,91.96492
359.0,341.3929
362.0,333.35483
184.0,176.35002
394.0,342.93152
132.0,132.07416
132.0,132.20042
164.0,175.47394
259.0,276.7777
477.0,457.3812
95.0,111.1592
65.0,71.99418
143.0,145.52649
74.0,88.32483
120.0,114.95097
356.0,378.00854
191.0,182.12329
109.0,104.91969
280.0,171.65111
33.0,59.588173
92.0,73.32407
92.0,116.84588
64.0,80.96168
88.0,113.662254
323.0,273.7913
90.0,123.92989
105.0,104.19462
40.0,60.925816
167.0,151.31584
82.0,67.69057
132.0,131.90591
29.0,45.204338
132.0,131.77528
92.0,77.443596
89.0,75.79646
500.0,468.55563
123.0,154.32019
256.0,244.17
168.0,138.7727
128.0,141.10823
150.0,159.47543
252.0,248.37755
113.0,117.229836
303.0,301.27777
132.0,133.62727
135.0,159.14908
71.0,70.6173
253.0,285.24234
70.0,85.304306
468.0,203.84575
132.0,58.140446
307.0,276.27008
154.0,143.46872
132.0,91.399376
132.0,131.9903
351.0,338.33432
286.0,270.15256
91.0,90.1065
84.0,90.131744
132.0,132.20042
256.0,201.66798
102.0,119.14135
98.0,71.56983
132.0,132.07416
129.0,145.12465
328.0,315.2633
294.0,104.61926
370.0,298.15286
40.0,88.75935
319.0,293.9606
225.0,221.67842
90.0,85.83434
132.0,141.44392
273.0,246.45262
132.0,131.90591
132.0,146.0334
314.0,291.72614
305.0,224.62447
411.0,408.0314
299.0,259.81985
102.0,123.8626
54.0,84.486374
261.0,266.74136
132.0,132.30783
371.0,395.08008
132.0,132.20042
112.0,104.49541
103.0,96.12492
219.0,211.69531
68.0,105.35215
149.0,210.43806
387.0,400.02182
117.0,99.65389
61.0,83.12871
52.0,67.20121
139.0,167.60687
113.0,137.03662
103.0,95.77973
48.0,51.96073
67.0,64.904945
308.0,286.00558
359.0,362.22964
72.0,89.450836
118.0,144.59567
102.0,106.548645
196.0,154.38638
500.0,477.98355
132.0,137.93304
74.0,87.518845
224.0,290.02386
306.0,316.0229
132.0,132.20042
71.0,69.28463
132.0,132.07416
70.0,106.97513
338.0,356.96143
136.0,113.02555
67.0,80.42722
133.0,128.39622
325.0,315.24747
105.0,115.00425
78.0,84.15666
162.0,157.25465
132.0,131.90591
132.0,132.20042
134.0,104.408806
54.0,62.557198
132.0,132.78395
378.0,404.24396
133.0,138.24998
93.0,64.73966
58.0,79.228836
132.0,131.90591
73.0,71.9175
140.0,123.02697
468.0,418.1974
319.0,299.11768
142.0,135.94328
57.0,56.219208
128.0,142.48766
180.0,188.17581
100.0,84.53496
423.0,363.33444
62.0,74.187065
112.0,118.39991
115.0,80.52129
132.0,351.94995
308.0,315.29697
226.0,201.25218
132.0,132.20042
69.0,64.36339
103.0,108.26665
100.0,95.65122
89.0,99.07313
122.0,131.3502
260.0,278.3541
132.0,131.90591
133.0,152.11086
288.0,292.03012
208.0,239.57841
119.0,107.318756
391.0,463.29562
132.0,132.20042
132.0,155.03355
34.0,47.558723
109.0,104.765
244.0,234.47455
69.0,93.36064
62.0,72.179436
117.0,132.20042
62.0,66.5587
250.0,206.86092
117.0,123.03974
98.0,110.89529
500.0,470.64417
117.0,111.21762
198.0,179.57509
59.0,62.24082
50.0,51.15389
70.0,81.08061
500.0,411.8447
66.0,74.30108
321.0,313.4983
63.0,65.389366
310.0,271.4433
204.0,221.8764
132.0,132.20042
132.0,133.0758
132.0,308.72852
136.0,136.15666
427.0,415.53375
132.0,131.2913
144.0,139.33464
132.0,132.20042
266.0,278.5136
157.0,130.31316
127.0,138.08455
52.0,52.583
256.0,277.49634
193.0,185.84401
125.0,138.01038
143.0,137.53448
60.0,64.41986
132.0,131.90591
422.0,399.69995
91.0,91.06697
210.0,232.03668
132.0,120.33514
132.0,132.20042
132.0,126.71389
289.0,266.26895
103.0,94.15738
87.0,89.01536
221.0,229.19531
90.0,82.86137
260.0,207.39723
93.0,92.85891
132.0,132.20042
245.0,145.19218
132.0,131.90591
219.0,254.28928
89.0,76.52036
300.0,309.47202
279.0,287.12805
258.0,201.09366
132.0,130.35333
466.0,352.31708
401.0,409.46912
121.0,100.12014
132.0,133.68217
158.0,164.27138
421.0,430.82742
80.0,92.37223
132.0,131.69958
132.0,76.35806
109.0,108.982666
97.0,95.55912
224.0,254.33752
132.0,132.20042
132.0,131.77528
42.0,60.895702
232.0,145.53505
500.0,479.3798
149.0,118.19902
132.0,131.9903
246.0,318.02362
204.0,211.39435
500.0,325.58743
131.0,118.47362
132.0,132.20042
105.0,89.84754
78.0,84.06432
132.0,124.40047
50.0,54.099762
132.0,131.90591
132.0,134.51807
132.0,169.05605
67.0,89.95465
174.0,165.37479
46.0,62.82326
142.0,128.95837
315.0,286.22385
49.0,63.66678
280.0,279.65805
132.0,131.90591
130.0,139.54073
63.0,89.044365
124.0,126.84672
300.0,301.89413
133.0,120.78508
88.0,81.457115
367.0,388.80054
101.0,92.53783
213.0,266.13623
132.0,132.20042
132.0,132.1599
73.0,71.74734
132.0,117.16358
132.0,122.20227
132.0,132.20042
138.0,149.20366
114.0,218.50603
132.0,132.20042
90.0,103.43093
36.0,57.31941
241.0,236.34668
132.0,267.86035
110.0,103.584526
132.0,132.20042
131.0,102.99263
262.0,285.41913
132.0,124.66645
142.0,138.8426
500.0,484.54398
132.0,132.1599
333.0,344.85608
44.0,62.65152
70.0,68.947235
106.0,117.88346
101.0,94.073685
121.0,146.29033
198.0,227.7324
274.0,231.52681
102.0,95.49168
354.0,343.83585
53.0,47.398193
89.0,102.66324
66.0,69.45716
147.0,130.9653
67.0,71.284
128.0,141.22021
92.0,138.92697
106.0,118.72383
127.0,123.88806
301.0,327.83456
132.0,132.07416
132.0,132.20042
132.0,132.20042
341.0,345.8113
132.0,116.04353
39.0,66.2569
108.0,130.55249
132.0,132.07416
251.0,251.06021
74.0,90.2135
93.0,126.627174
115.0,101.518105
500.0,493.7163
132.0,132.20042
166.0,176.08844
364.0,303.30435
132.0,131.73962
68.0,77.69389
132.0,132.96118
70.0,78.15523
132.0,120.496635
48.0,55.818825
31.0,44.626854
186.0,163.97105
188.0,134.51491
255.0,217.73668
366.0,369.21338
463.0,331.846
263.0,210.46693
80.0,104.11606
32.0,63.375385
122.0,93.62937
252.0,212.87833
125.0,142.56618
60.0,73.531654
102.0,100.53643
75.0,94.223885
132.0,86.04988
132.0,131.90591
75.0,64.88137
361.0,336.75143
132.0,85.37839
242.0,254.32364
336.0,302.68887
134.0,177.0023
132.0,132.1599
117.0,159.73557
371.0,368.77426
68.0,55.564663
500.0,454.79028
450.0,165.7723
132.0,131.90591
121.0,117.14979
135.0,126.78523
317.0,253.70917
78.0,74.11124
56.0,57.945946
132.0,132.20042
50.0,132.20042
366.0,377.47223
78.0,80.96852
132.0,132.20042
70.0,94.829956
86.0,90.64557
335.0,325.63785
210.0,212.82684
101.0,97.38275
124.0,132.21027
72.0,56.013477
154.0,131.29779
368.0,327.62442
132.0,130.55157
302.0,317.50327
142.0,147.12022
207.0,204.13269
158.0,128.06487
254.0,172.97734
322.0,318.73938
88.0,89.19719
111.0,116.96194
132.0,132.07416
303.0,331.4193
377.0,382.59955
47.0,54.980392
213.0,245.97177
126.0,135.42024
271.0,244.81934
104.0,104.903534
170.0,232.11949
80.0,75.69025
363.0,347.53473
99.0,111.75349
132.0,132.20042
104.0,116.87438
97.0,79.64044
99.0,129.87875
132.0,132.1599
347.0,330.5236
239.0,69.664894
371.0,378.67624
56.0,66.980545
126.0,117.05583
123.0,131.45436
132.0,132.20042
132.0,86.31928
132.0,132.20042
146.0,150.53969
61.0,69.20358
306.0,306.1231
144.0,161.7072
132.0,127.41565
101.0,126.8358
132.0,131.69958
323.0,320.38232
132.0,83.41435
183.0,175.3037
132.0,132.20042
132.0,97.290474
52.0,64.62712
50.0,70.882965
92.0,85.84845
456.0,407.35263
136.0,110.35681
121.0,272.62177
128.0,138.20514
166.0,137.85889
358.0,364.2352
101.0,124.76529
336.0,248.78496
331.0,325.9587
330.0,334.7291
132.0,132.20042
398.0,381.20108
105.0,80.86294
160.0,159.89555
132.0,133.7974
132.0,132.49658
118.0,133.71362
46.0,57.920113
70.0,86.494606
323.0,363.867
132.0,132.20042
132.0,131.71863
116.0,127.87546
123.0,131.2031
234.0,211.9371
106.0,118.93668
111.0,136.6548
342.0,374.29593
52.0,58.61737
82.0,92.9663
62.0,72.59838
132.0,132.20042
370.0,411.0087
107.0,93.68221
132.0,155.14435
427.0,349.64478
104.0,131.9201
314.0,365.948
212.0,185.75252
132.0,132.20042
181.0,195.31778
350.0,342.0366
47.0,62.319736
164.0,163.60895
193.0,158.816
194.0,208.56891
56.0,81.405876
109.0,156.78801
117.0,133.00854
109.0,107.71115
78.0,75.52108
250.0,173.57834
125.0,122.80032
384.0,400.80127
152.0,147.41017
94.0,113.02638
150.0,143.5179
242.0,238.58365
132.0,122.396
128.0,137.68983
89.0,104.77836
363.0,325.365
132.0,132.20042
132.0,132.20042
132.0,132.20042
99.0,112.36352
132.0,99.55351
90.0,112.5997
137.0,97.671616
122.0,136.62398
80.0,88.17796
65.0,67.61647
108.0,122.80983
132.0,132.20042
185.0,197.46786
69.0,94.34733
62.0,64.9842
120.0,133.07199
90.0,122.693504
43.0,44.470657
132.0,122.36854
265.0,248.67128
120.0,121.91181
54.0,57.122417
100.0,77.55091
57.0,59.36306
98.0,87.221634
442.0,454.21802
318.0,287.52414
53.0,51.780544
37.0,79.35056
138.0,151.31879
118.0,139.43109
132.0,131.90591
132.0,149.72214
104.0,89.172386
164.0,160.66278
66.0,75.25269
66.0,101.701355
102.0,104.19929
65.0,66.508286
76.0,76.508675
63.0,59.457226
59.0,66.80363
132.0,115.65232
75.0,83.84668
191.0,170.05876
132.0,145.9092
436.0,454.38623
335.0,356.18933
106.0,83.965225
98.0,91.8115
50.0,71.31672
84.0,77.148796
132.0,135.7941
192.0,133.62872
139.0,122.36896
96.0,103.35569
292.0,301.94965
108.0,121.63279
486.0,438.1513
132.0,90.523575
116.0,143.5595
270.0,289.50217
273.0,295.07584
389.0,477.49728
116.0,138.44286
106.0,104.216095
488.0,363.00626
203.0,169.66786
208.0,238.41481
132.0,131.90591
132.0,131.77528
137.0,130.32979
187.0,173.23814
159.0,188.31175
41.0,79.77279
132.0,132.20042
132.0,68.073166
132.0,126.14675
125.0,130.94806
132.0,131.77434
293.0,358.3058
170.0,207.50745
64.0,69.88138
24.0,60.045383
122.0,112.55421
104.0,106.805695
131.0,141.6991
410.0,392.41357
110.0,119.52969
132.0,128.25885
26.0,43.58342
132.0,131.9903
106.0,82.109764
132.0,131.02397
132.0,132.20042
84.0,107.93759
51.0,58.942936
279.0,182.66081
132.0,132.07416
82.0,84.68125
112.0,106.08804
90.0,82.99641
153.0,161.90202
54.0,69.81202
50.0,63.303913
238.0,254.30089
45.0,57.049114
132.0,128.03224
132.0,142.3704
118.0,92.98684
52.0,54.41138
32.0,48.413868
133.0,93.77377
104.0,89.33292
67.0,72.2136
142.0,102.84785
132.0,152.43974
500.0,485.92868
203.0,194.11263
81.0,86.837166
132.0,132.20042
170.0,88.251495
132.0,136.59608
124.0,97.80687
99.0,94.397865
82.0,95.82031
153.0,135.26535
188.0,138.08865
120.0,103.00061
132.0,130.29929
292.0,299.8127
379.0,364.44028
355.0,380.86533
104.0,105.66
102.0,88.043945
71.0,94.704636
132.0,153.54683
132.0,132.20042
381.0,374.61932
132.0,131.6951
74.0,83.34252
416.0,436.3893
110.0,127.721375
132.0,132.20042
132.0,132.20042
62.0,76.124146
89.0,104.71673
132.0,132.27292
395.0,353.98636
500.0,498.37317
85.0,75.10455
132.0,132.04109
132.0,131.4256
207.0,231.88318
117.0,109.162605
168.0,260.34232
143.0,152.90239
45.0,45.28355
92.0,81.7155
108.0,117.73196
369.0,367.18387
290.0,302.6949
63.0,84.227066
132.0,128.17169
136.0,163.47778
185.0,133.50023
363.0,275.15244
323.0,255.35835
102.0,109.56988
74.0,113.15604
104.0,105.67268
111.0,123.25588
198.0,154.3924
179.0,184.616
132.0,132.1599
82.0,101.48085
132.0,132.20042
161.0,248.37346
200.0,229.31316
132.0,117.80229
102.0,104.91893
141.0,132.86253
62.0,79.71327
217.0,227.7061
167.0,195.32994
132.0,131.90591
231.0,283.25125
159.0,96.112404
80.0,94.91677
96.0,98.763435
66.0,63.152645
132.0,73.722275
132.0,131.90591
68.0,75.22372
247.0,206.08565
115.0,107.92742
100.0,96.4305
103.0,113.625015
132.0,132.20042
121.0,118.12899
132.0,132.20042
132.0,131.90591
298.0,277.6507
132.0,131.90591
100.0,104.63224
132.0,132.20042
229.0,226.25044
132.0,132.20042
102.0,125.11894
216.0,215.72498
78.0,94.02874
281.0,224.5255
107.0,113.25176
132.0,129.37015
132.0,131.14267
184.0,95.6374
132.0,131.90591
104.0,123.20516
139.0,121.79462
219.0,273.22913
55.0,67.960335
132.0,131.90591
111.0,109.96003
78.0,133.76276
167.0,187.57147
93.0,88.97726
114.0,91.32058
185.0,192.44946
132.0,132.07416
35.0,47.56983
50.0,71.804535
132.0,131.90591
73.0,76.00383
407.0,407.31952
152.0,147.16556
500.0,418.604
132.0,124.07798
165.0,141.63412
132.0,116.4866
101.0,87.67883
68.0,79.32756
223.0,149.76422
174.0,176.01866
132.0,132.20042
132.0,131.69958
132.0,132.20042
182.0,187.25664
340.0,315.9134
279.0,189.78304
468.0,461.27194
190.0,246.26828
97.0,112.829185
66.0,65.38264
246.0,253.77228
177.0,147.42046
132.0,132.20042
82.0,83.51054
132.0,132.20042
490.0,426.24347
132.0,132.20042
57.0,65.33941
310.0,275.49597
372.0,378.91815
132.0,131.77528
135.0,115.78581
89.0,78.408516
50.0,75.620224
258.0,286.84238
205.0,151.96811
142.0,99.90085
196.0,182.97165
85.0,105.421715
40.0,51.123775
237.0,220.37906
42.0,50.43533
132.0,132.20042
65.0,76.98268
87.0,86.56741
112.0,94.49815
97.0,112.863
132.0,131.90591
195.0,241.2234
132.0,112.91495
102.0,123.17306
66.0,66.98095
132.0,201.02748
132.0,131.77528
94.0,108.7241
174.0,171.08267
69.0,127.25031
37.0,55.647877
130.0,130.53427
182.0,189.62045
74.0,69.79327
53.0,85.48783
198.0,242.62181
322.0,306.98215
132.0,132.20042
73.0,115.72568
43.0,48.05792
78.0,77.81115
392.0,337.93295
148.0,124.03823
74.0,71.051216
75.0,72.83741
500.0,484.65683
132.0,132.20042
69.0,69.90792
500.0,501.50848
132.0,132.20042
130.0,122.57461
347.0,295.17993
142.0,172.23369
174.0,148.27435
144.0,82.72923
500.0,479.36954
53.0,51.092022
60.0,77.34743
97.0,101.67342
218.0,271.56583
212.0,197.27574
132.0,131.90591
500.0,478.43848
312.0,292.74664
132.0,123.14803
56.0,73.80119
132.0,93.54573
107.0,96.72698
132.0,132.20042
132.0,132.1599
500.0,462.7562
132.0,339.60843
132.0,132.20042
227.0,233.78195
88.0,94.94888
50.0,48.201557
78.0,68.06258
111.0,109.63487
128.0,119.66802
289.0,247.31128
97.0,94.59195
334.0,237.41013
163.0,154.81828
132.0,131.77528
102.0,106.860435
500.0,456.92892
130.0,123.256355
69.0,83.72559
146.0,172.56331
127.0,140.05817
132.0,131.9903
36.0,52.416286
115.0,122.254265
57.0,59.492233
63.0,78.73552
132.0,132.20042
468.0,405.312
132.0,132.1599
81.0,84.63861
95.0,134.1861
473.0,407.73962
470.0,462.71637
79.0,82.08371
74.0,119.94326
132.0,60.196358
40.0,50.509865
52.0,68.28582
132.0,131.73962
396.0,328.9859
85.0,111.477455
227.0,265.78827
132.0,131.90591
319.0,264.77548
184.0,198.70636
183.0,180.92021
321.0,281.22772
132.0,132.20042
46.0,54.196102
482.0,445.32788
73.0,83.62739
132.0,122.45717
500.0,484.2002
162.0,173.22774
52.0,60.911846
56.0,58.58295
132.0,131.6951
304.0,213.0417
103.0,122.767555
92.0,90.442795
313.0,299.01205
132.0,139.31331
145.0,112.822365
132.0,110.71792
191.0,167.66307
132.0,131.54582
378.0,382.7993
160.0,111.01697
80.0,100.88178
132.0,132.20042
132.0,132.20042
274.0,320.81302
132.0,127.73219
165.0,175.02808
77.0,89.90479
108.0,113.51004
219.0,196.58578
311.0,278.78317
82.0,76.94118
409.0,370.4729
57.0,59.199097
95.0,105.073456
116.0,119.89
127.0,110.73647
94.0,104.256096
106.0,128.24101
294.0,316.43982
132.0,132.20042
283.0,213.70073
94.0,82.34318
361.0,330.67554
424.0,424.69174
298.0,296.67603
197.0,272.49667
308.0,322.37497
124.0,143.20802
98.0,100.27988
320.0,336.01166
126.0,143.13258
36.0,42.278408
64.0,83.30246
234.0,232.38777
132.0,131.77528
205.0,217.77675
92.0,80.69671
111.0,110.02073
65.0,63.651825
44.0,59.67776
170.0,189.74608
132.0,140.37994
132.0,110.39139
500.0,450.23923
87.0,96.67863
81.0,98.079994
94.0,94.63056
113.0,99.824455
52.0,55.101894
491.0,486.77762
171.0,139.49821
144.0,129.20122
50.0,52.579155
58.0,58.98734
275.0,282.85248
124.0,121.90916
207.0,191.48524
129.0,139.18518
132.0,131.90591
111.0,111.43757
132.0,131.90591
134.0,149.65797
329.0,343.5526
113.0,109.58365
132.0,211.18034
275.0,319.42422
96.0,111.41745
132.0,132.20042
152.0,138.75267
61.0,62.462044
127.0,126.72807
61.0,59.595062
199.0,384.23032
175.0,176.3837
200.0,169.55974
229.0,228.61899
39.0,49.487915
132.0,133.08226
132.0,99.07585
256.0,294.37393
105.0,130.85527
132.0,131.6951
132.0,105.94912
114.0,105.98514
352.0,339.52298
62.0,78.23587
132.0,131.90591
132.0,123.78311
52.0,55.552063
83.0,64.01318
132.0,139.5242
99.0,97.25929
214.0,168.60443
324.0,315.88492
141.0,148.49315
108.0,123.17799
103.0,95.24842
74.0,75.66283
54.0,59.84347
103.0,81.61287
53.0,52.807503
115.0,150.64516
329.0,299.14392
72.0,88.00072
306.0,292.37778
106.0,151.25703
132.0,127.11462
319.0,319.73022
301.0,278.2623
113.0,135.39265
132.0,126.3472
92.0,111.923
84.0,83.610634
395.0,394.88828
308.0,254.78262
192.0,156.28117
75.0,94.21819
140.0,134.04344
215.0,200.76233
280.0,279.65567
99.0,119.79578
342.0,322.6139
61.0,70.00401
132.0,122.57123
195.0,218.10034
208.0,166.88321
127.0,153.96785
200.0,145.97432
296.0,336.7551
171.0,194.57245
132.0,132.20042
150.0,175.98387
330.0,303.49402
111.0,113.44589
132.0,131.77528
132.0,100.798164
103.0,109.9424
50.0,62.793674
196.0,209.60854
108.0,98.95811
36.0,50.75488
209.0,251.29337
103.0,107.06869
84.0,105.69451
132.0,85.09487
90.0,114.63091
132.0,151.56952
35.0,49.434208
124.0,101.468704
98.0,127.16385
226.0,201.43129
53.0,61.113937
74.0,77.14331
123.0,138.75409
103.0,117.99873
110.0,112.04662
132.0,124.5892
132.0,101.8934
404.0,367.97025
284.0,298.19525
41.0,52.14538
361.0,307.54337
500.0,455.0962
73.0,56.33217
80.0,96.880035
140.0,72.9695
307.0,292.73022
132.0,132.20042
349.0,315.01318
93.0,115.57158
132.0,121.32492
74.0,86.58116
301.0,292.4383
83.0,91.54911
401.0,383.9776
357.0,357.06757
132.0,132.20042
98.0,106.37132
101.0,97.231155
132.0,132.20042
69.0,94.336334
271.0,241.25589
132.0,132.07416
130.0,114.67337
438.0,472.3011
167.0,150.32027
138.0,137.37648
42.0,70.26249
32.0,57.074993
132.0,132.20042
132.0,131.90591
132.0,132.20042
243.0,181.2853
132.0,133.80484
171.0,142.375
368.0,341.73456
196.0,105.15511
132.0,132.20042
173.0,162.38287
104.0,101.71844
500.0,482.46252
155.0,172.4621
132.0,131.90591
93.0,107.20634
44.0,49.873325
48.0,62.198444
37.0,57.60894
126.0,125.5674
321.0,315.59836
352.0,368.91763
132.0,103.57363
132.0,131.69958
135.0,131.71764
116.0,106.89893
132.0,132.20042
305.0,289.54294
323.0,309.1442
132.0,131.90591
122.0,158.61583
176.0,140.48738
105.0,84.54673
132.0,132.32574
364.0,326.10608
181.0,196.27855
132.0,132.20042
97.0,91.54688
106.0,103.391365
259.0,157.1245
132.0,131.90591
132.0,127.93295
163.0,172.35327
385.0,367.6769
132.0,132.20042
253.0,267.98727
178.0,78.45354
132.0,132.20042
132.0,132.20042
155.0,154.49867
83.0,92.79589
500.0,357.02066
43.0,63.92913
107.0,108.581955
97.0,121.0644
295.0,342.7055
132.0,132.20042
340.0,333.18924
60.0,54.774788
275.0,270.8532
431.0,456.63712
59.0,80.66736
252.0,251.52292
124.0,77.99278
201.0,308.7834
280.0,259.0337
41.0,62.916054
352.0,337.32928
61.0,78.02708
77.0,86.50881
229.0,204.6656
95.0,115.26359
171.0,173.24634
96.0,131.79875
354.0,339.63437
79.0,104.88284
86.0,73.50978
65.0,78.55079
42.0,50.775394
85.0,63.691425
132.0,120.97313
132.0,131.77528
130.0,112.403534
85.0,93.194244
261.0,260.55273
132.0,131.77528
96.0,94.00802
145.0,160.76659
132.0,132.20042
227.0,206.97531
248.0,222.7577
132.0,129.301
464.0,398.87833
59.0,61.649204
293.0,288.34808
132.0,95.65804
119.0,123.171364
174.0,125.85732
150.0,128.48978
132.0,131.77434
195.0,188.83163
194.0,147.8181
81.0,56.380928
32.0,38.999706
163.0,141.8437
35.0,64.22798
103.0,122.60079
61.0,76.42514
74.0,64.57513
132.0,132.20042
132.0,132.20042
50.0,51.30471
164.0,137.2023
191.0,198.51453
92.0,72.48746
210.0,136.6489
45.0,51.01971
154.0,159.19595
132.0,131.69958
299.0,298.97208
236.0,230.89304
114.0,106.80934
325.0,312.7566
321.0,312.6964
280.0,274.60965
132.0,132.07416
125.0,244.76903
138.0,140.02579
252.0,229.75935
383.0,366.91495
132.0,132.20042
65.0,107.11316
198.0,274.00653
150.0,160.15773
132.0,118.144905
132.0,127.075386
50.0,48.55346
132.0,132.20042
104.0,102.22312
178.0,128.63568
460.0,464.3635
320.0,308.21756
288.0,247.55177
352.0,391.73978
132.0,132.07416
77.0,79.78792
132.0,132.1599
144.0,145.69385
79.0,106.428406
103.0,114.37271
132.0,134.43292
344.0,332.66632
305.0,280.12
132.0,131.77528
118.0,124.138
63.0,72.25111
110.0,89.480545
264.0,268.8972
92.0,90.19346
321.0,292.59833
132.0,130.93188
132.0,140.21165
170.0,173.30614
94.0,102.36216
132.0,132.20042
132.0,181.74081
30.0,42.53994
132.0,132.20042
115.0,98.254326
60.0,65.13643
435.0,430.70926
281.0,286.47668
346.0,358.20932
111.0,137.20552
94.0,144.9012
329.0,339.6209
111.0,123.40799
132.0,131.71863
104.0,121.30408
138.0,147.77907
173.0,171.87082
414.0,418.87766
145.0,141.8019
36.0,58.6865
89.0,86.48428
89.0,81.73531
132.0,129.96628
318.0,310.43155
132.0,132.20042
132.0,131.9903
163.0,122.608795
132.0,97.713646
60.0,68.44885
94.0,114.98126
254.0,261.51236
268.0,343.6567
176.0,155.0435
145.0,149.48193
200.0,202.95325
132.0,131.90591
97.0,76.29905
134.0,139.2208
153.0,124.38537
84.0,113.14558
132.0,132.20042
81.0,85.41812
73.0,73.160164
45.0,61.896687
62.0,78.87333
109.0,120.58785
132.0,71.7342
59.0,77.05887
132.0,131.90591
343.0,331.403
99.0,89.12124
132.0,132.07416
452.0,454.68814
116.0,102.28527
101.0,170.4063
111.0,127.4641
188.0,196.86089
132.0,131.9903
84.0,78.3025
61.0,79.26139
65.0,66.236015
305.0,290.07565
112.0,136.60669
76.0,90.108246
62.0,50.88669
371.0,371.81918
308.0,285.8951
157.0,149.64708
113.0,104.075745
68.0,58.550735
283.0,301.0872
357.0,358.64423
123.0,82.49636
132.0,131.90591
132.0,85.495316
318.0,204.80469
153.0,113.58591
160.0,170.20546
69.0,77.704636
132.0,131.69958
319.0,330.91357
104.0,145.58775
59.0,66.793396
132.0,105.72923
315.0,308.86365
132.0,131.90591
268.0,248.24084
69.0,87.35352
69.0,77.99558
132.0,133.73523
132.0,132.07416
201.0,231.47617
142.0,115.08573
196.0,157.62325
223.0,177.52898
125.0,125.766075
138.0,129.78687
134.0,140.99013
161.0,173.6249
132.0,131.6951
14.0,106.610886
251.0,191.70628
59.0,82.24581
108.0,117.99598
82.0,77.76697
130.0,103.15279
132.0,132.20042
100.0,89.20996
234.0,182.43634
115.0,95.44277
120.0,112.41491
340.0,333.72095
48.0,52.84534
99.0,107.96258
160.0,176.55205
411.0,469.15378
309.0,313.6964
241.0,233.8761
50.0,56.900852
110.0,108.188324
132.0,131.78214
43.0,50.89511
65.0,74.46725
132.0,132.20042
126.0,162.1799
47.0,62.788425
264.0,284.92325
50.0,60.621414
64.0,76.15959
106.0,126.00698
323.0,309.27356
373.0,364.5283
245.0,233.47151
132.0,132.20042
96.0,104.21531
105.0,105.90332
443.0,445.92117
61.0,60.078224
266.0,243.36226
181.0,227.27638
80.0,101.557205
173.0,173.62952
66.0,77.748375
311.0,300.48193
139.0,136.37708
46.0,60.197716
333.0,277.0599
311.0,302.86383
132.0,132.20042
138.0,113.86258
500.0,458.98413
132.0,131.69958
56.0,54.92542
182.0,191.77957
201.0,220.86133
63.0,68.00501
132.0,60.625076
40.0,41.851856
58.0,59.185074
74.0,103.08035
213.0,189.28317
107.0,116.47481
98.0,289.4824
137.0,125.84183
124.0,136.51813
401.0,390.02335
132.0,132.20042
51.0,64.70268
132.0,131.90591
90.0,81.97887
350.0,467.54367
118.0,124.15343
89.0,93.85968
182.0,200.51964
293.0,237.83923
88.0,98.98474
91.0,85.69075
132.0,110.09505
111.0,109.65995
81.0,88.211914
190.0,145.77724
161.0,187.79486
101.0,76.167564
82.0,111.8051
197.0,187.81555
125.0,111.2138
140.0,161.3497
127.0,128.13493
325.0,192.48483
314.0,312.6035
71.0,65.643456
132.0,131.43327
90.0,98.21668
132.0,131.90591
500.0,439.20758
353.0,294.8663
132.0,132.20042
45.0,55.859116
145.0,145.23048
292.0,284.5695
500.0,471.90305
47.0,62.191177
146.0,156.0767
132.0,132.20042
132.0,132.20042
48.0,57.11276
110.0,135.44449
132.0,133.74083
223.0,232.51361
75.0,77.34139
114.0,122.10774
132.0,147.57121
295.0,245.61838
111.0,105.69329
68.0,68.24131
62.0,82.42979
319.0,305.4513
132.0,132.20042
101.0,99.27287
444.0,389.47476
144.0,152.53935
447.0,463.07785
132.0,132.20042
132.0,132.07416
131.0,118.56771
220.0,188.8559
132.0,310.78577
148.0,163.27701
46.0,49.6954
189.0,177.19183
329.0,317.89273
252.0,77.07017
108.0,118.02154
329.0,307.25275
132.0,132.07416
81.0,88.25774
132.0,95.88391
108.0,115.608215
132.0,129.292
86.0,96.940834
186.0,199.6388
500.0,477.98047
151.0,162.23029
132.0,89.52618
380.0,417.5476
47.0,64.49743
53.0,67.392
129.0,144.61334
54.0,59.91563
132.0,78.775764
150.0,179.5163
132.0,132.20042
112.0,134.89127
132.0,128.23016
276.0,300.27225
137.0,137.96745
132.0,132.1599
207.0,312.47638
132.0,255.93398
132.0,131.97598
74.0,52.660122
352.0,336.24368
115.0,130.49672
101.0,93.90697
118.0,99.66045
43.0,72.10635
129.0,143.7686
87.0,106.7234
155.0,113.88296
135.0,164.007
105.0,103.5749
322.0,295.2201
132.0,75.21123
176.0,208.13979
132.0,125.34327
114.0,117.05786
309.0,303.79343
337.0,340.67853
294.0,122.122116
359.0,448.67224
136.0,143.48203
189.0,198.52083
267.0,282.4143
132.0,107.27048
132.0,131.90591
253.0,195.22354
132.0,131.90591
40.0,68.68639
106.0,101.04708
150.0,146.7122
81.0,84.90675
212.0,263.3959
132.0,131.90591
49.0,67.27129
132.0,132.07416
427.0,418.7372
326.0,232.1046
73.0,77.32955
56.0,64.57531
167.0,166.92917
132.0,298.99585
288.0,314.73236
86.0,83.14033
185.0,192.21231
102.0,102.02861
359.0,330.98477
132.0,133.18791
115.0,119.890205
127.0,135.92827
238.0,207.56712
500.0,450.72873
132.0,131.90591
195.0,177.59967
337.0,362.34036
132.0,129.66977
219.0,222.46092
191.0,228.32216
211.0,238.20929
132.0,132.20042
132.0,275.59973
311.0,287.08368
306.0,282.18695
127.0,163.96408
232.0,188.8342
117.0,125.50786
88.0,83.57821
310.0,341.6379
324.0,318.9914
132.0,131.9903
117.0,105.111336
72.0,78.18711
306.0,309.27994
132.0,130.38066
204.0,203.33582
278.0,157.62912
78.0,95.30402
245.0,169.55981
126.0,154.7948
52.0,64.78738
296.0,300.57654
360.0,338.17062
424.0,425.10858
134.0,150.90202
271.0,294.1176
200.0,254.23418
428.0,427.42712
409.0,386.39563
256.0,255.50954
82.0,89.473335
108.0,130.5021
165.0,189.62823
53.0,60.005
197.0,237.29495
125.0,146.38754
332.0,325.02844
147.0,152.41893
46.0,62.703674
112.0,135.38254
65.0,93.17939
132.0,149.81007
381.0,347.65842
132.0,132.20042
62.0,64.952095
293.0,322.82654
477.0,476.48157
77.0,93.363304
127.0,157.89252
82.0,75.09571
132.0,130.4796
132.0,97.42079
107.0,106.024414
132.0,101.82252
326.0,307.43326
132.0,131.90591
148.0,166.96654
144.0,121.71376
129.0,103.75451
315.0,292.46054
308.0,295.8404
230.0,159.3111
86.0,91.74259
132.0,131.90591
137.0,134.13173
132.0,252.63629
263.0,318.00546
108.0,103.68628
132.0,137.08754
91.0,94.10177
132.0,132.07416
159.0,162.83022
132.0,132.20042
181.0,113.55378
92.0,106.618576
84.0,100.51924
45.0,62.15996
132.0,174.98642
149.0,152.83046
352.0,279.44693
91.0,95.363884
132.0,132.1599
132.0,132.20042
86.0,94.31031
146.0,102.32254
187.0,234.30678
132.0,136.8238
51.0,60.659744
134.0,148.46507
83.0,90.97465
318.0,301.06702
500.0,417.54877
342.0,287.37106
86.0,84.236275
198.0,217.4055
56.0,63.57495
55.0,64.418564
132.0,132.20042
103.0,103.360756
138.0,150.50073
313.0,267.77997
93.0,90.34479
146.0,149.83267
216.0,237.31224
104.0,138.06314
292.0,281.139
293.0,266.08624
132.0,255.45432
263.0,256.2762
99.0,125.31215
370.0,338.5643
111.0,127.11617
275.0,268.37225
342.0,354.57123
99.0,116.89418
249.0,203.46219
56.0,68.98578
139.0,149.47539
113.0,121.22624
459.0,474.5925
56.0,91.55639
294.0,207.82999
132.0,132.20042
132.0,122.39443
67.0,91.70977
327.0,317.27884
94.0,70.174904
42.0,51.93081
362.0,337.51993
93.0,107.205086
132.0,132.07416
132.0,132.20042
132.0,131.9903
82.0,96.89615
127.0,131.61115
154.0,136.20557
24.0,38.111465
186.0,174.67961
53.0,53.707413
123.0,111.63673
321.0,310.67612
167.0,172.51584
77.0,91.56621
132.0,132.20042
109.0,110.56106
137.0,97.37733
132.0,132.20042
162.0,169.34248
284.0,293.8914
286.0,269.6854
421.0,410.47946
36.0,51.815525
132.0,132.20042
84.0,66.22713
163.0,153.19096
410.0,428.24393
262.0,266.01532
132.0,142.7345
106.0,125.93285
309.0,317.8191
136.0,149.35129
113.0,124.879906
105.0,112.56203
74.0,63.741425
91.0,109.889656
64.0,54.07761
132.0,132.20042
71.0,64.13656
218.0,219.97719
132.0,132.1599
120.0,130.79103
208.0,233.37585
110.0,121.08809
314.0,315.52185
201.0,235.96637
209.0,179.57767
81.0,85.80955
190.0,168.57295
132.0,131.90591
484.0,454.71234
50.0,69.34189
388.0,379.8277
53.0,71.00273
112.0,134.16547
132.0,131.90591
340.0,329.67093
54.0,71.94182
273.0,248.52072
132.0,131.9903
111.0,117.383224
102.0,179.25284
113.0,124.71302
158.0,136.47095
210.0,219.07121
148.0,148.06761
500.0,490.90173
217.0,180.55075
193.0,250.2592
132.0,131.90591
500.0,492.40994
119.0,100.14613
500.0,431.84305
79.0,110.26043
115.0,123.778114
132.0,115.049126
106.0,113.761665
111.0,105.65397
121.0,104.78622
427.0,483.9049
51.0,53.343357
109.0,134.37143
132.0,132.20042
327.0,315.14642
342.0,320.03937
75.0,83.247635
132.0,131.71173
102.0,96.132545
306.0,243.45868
311.0,231.2567
495.0,439.14996
132.0,131.78214
58.0,80.35244
132.0,136.54433
25.0,54.487286
45.0,132.20042
236.0,281.12793
96.0,123.89366
133.0,133.18816
62.0,81.47977
247.0,201.07922
62.0,83.99418
132.0,113.01791
371.0,357.31357
37.0,48.45725
78.0,91.77338
132.0,62.606358
132.0,132.20042
57.0,132.20042
320.0,314.4493
413.0,392.04962
151.0,155.83803
21.0,35.662186
76.0,87.250916
132.0,134.7966
148.0,162.58282
138.0,133.48071
61.0,55.74883
110.0,92.65465
166.0,177.21404
275.0,294.71432
149.0,117.34238
60.0,75.3221
100.0,117.074425
110.0,132.63634
338.0,346.51706
99.0,94.60773
138.0,150.19745
114.0,106.53285
337.0,343.10504
64.0,80.89253
132.0,132.20042
428.0,319.2986
125.0,134.73936
132.0,136.26216
70.0,93.78228
125.0,129.0884
145.0,103.31155
254.0,223.1205
304.0,261.42844
72.0,78.51738
314.0,288.42703
103.0,103.37877
419.0,411.30414
188.0,208.78505
66.0,68.10771
86.0,114.63298
257.0,287.49698
64.0,68.78042
87.0,97.890076
132.0,132.20042
174.0,130.39967
74.0,84.596504
110.0,122.549835
36.0,57.300232
100.0,112.82827
270.0,202.86655
132.0,355.6304
233.0,207.14014
113.0,105.4745
121.0,106.14345
62.0,67.23545
297.0,269.95172
292.0,253.4551
175.0,183.22133
82.0,92.98939
500.0,450.83893
95.0,106.70599
96.0,126.64377
177.0,174.28053
199.0,191.54097
129.0,151.21858
37.0,50.837646
132.0,132.20042
333.0,323.47223
204.0,194.76045
58.0,60.428795
132.0,132.20042
99.0,99.57142
132.0,134.17278
184.0,180.44128
205.0,209.37439
190.0,122.42313
344.0,352.09506
96.0,107.45311
121.0,135.09737
117.0,127.59917
426.0,372.59338
108.0,126.84632
298.0,238.95836
132.0,118.734665
214.0,248.3345
80.0,79.44927
417.0,434.6731
47.0,77.18984
141.0,160.89413
334.0,337.0918
45.0,59.27535
301.0,303.872
438.0,442.71454
71.0,75.59791
93.0,99.22065
132.0,132.20042
96.0,96.77443
471.0,450.14545
46.0,52.053802
132.0,131.90591
284.0,224.82616
152.0,146.6186
55.0,74.84936
69.0,70.927216
71.0,65.84862
172.0,160.02438
56.0,59.88434
132.0,132.20042
57.0,71.01511
55.0,57.685673
87.0,81.00123
132.0,132.20042
500.0,500.8499
76.0,96.71251
132.0,132.20042
95.0,118.17822
366.0,325.80707
124.0,131.73297
220.0,234.98947
132.0,132.20042
338.0,302.8322
456.0,448.3523
163.0,170.03673
223.0,217.2449
305.0,231.85376
132.0,132.20042
67.0,74.282974
96.0,75.703476
178.0,181.83635
301.0,312.1254
132.0,132.07416
142.0,140.96335
132.0,132.20042
132.0,115.46037
55.0,52.341293
105.0,115.70163
132.0,167.76276
112.0,133.64517
74.0,92.618935
132.0,131.90591
95.0,143.48825
229.0,252.52373
78.0,78.5391
132.0,127.809006
99.0,105.86048
132.0,131.69958
132.0,132.07416
136.0,217.59006
118.0,125.963715
149.0,173.11348
269.0,294.04602
376.0,378.34683
132.0,132.20042
342.0,303.10086
51.0,50.915188
94.0,86.631516
173.0,156.81958
132.0,131.77528
132.0,132.20042
83.0,81.61589
132.0,108.01676
219.0,239.70055
98.0,99.74643
132.0,132.20042
324.0,347.13107
51.0,51.726524
46.0,48.670864
132.0,132.20042
362.0,314.00797
117.0,129.44228
500.0,487.44235
273.0,298.1827
102.0,116.75919
132.0,131.9903
73.0,98.882996
159.0,153.16454
47.0,59.228424
105.0,143.55083
144.0,154.27858
165.0,187.8951
141.0,148.76067
363.0,316.21487
50.0,43.684853
80.0,110.19403
132.0,132.20042
500.0,485.13962
57.0,59.831993
57.0,79.39762
353.0,342.90823
62.0,68.47537
367.0,368.57343
132.0,131.90591
94.0,93.41354
149.0,167.07523
110.0,122.825745
177.0,222.56552
132.0,132.20042
132.0,132.07416
456.0,466.83276
334.0,319.00867
21.0,54.698605
110.0,112.92086
132.0,134.12616
334.0,326.23312
50.0,71.12843
302.0,297.4888
72.0,109.247574
307.0,274.11996
52.0,97.347565
354.0,323.1001
221.0,221.93102
132.0,132.20042
95.0,106.11235
330.0,306.02652
345.0,356.10864
183.0,163.85431
73.0,90.66082
187.0,183.11989
309.0,293.53766
69.0,67.697426
159.0,160.31955
132.0,127.71355
377.0,396.40176
132.0,131.90591
198.0,222.08797
132.0,131.90591
81.0,76.632454
163.0,146.55098
115.0,130.49168
90.0,93.6815
79.0,87.256004
132.0,124.56004
50.0,51.038963
123.0,135.53142
132.0,132.20042
132.0,90.997955
225.0,239.12337
107.0,123.59073
100.0,85.293564
63.0,77.28624
148.0,151.53346
132.0,122.99022
138.0,115.53914
106.0,173.5767
29.0,49.119072
167.0,163.93265
49.0,53.51523
132.0,132.20042
105.0,120.05671
164.0,222.19125
48.0,76.0597
48.0,52.436974
341.0,310.47098
353.0,365.05814
50.0,75.9123
132.0,153.64078
115.0,92.211136
47.0,44.535305
37.0,45.797993
253.0,241.0956
56.0,73.563995
261.0,260.32718
445.0,459.19037
307.0,328.33783
132.0,79.69572
65.0,70.452774
84.0,93.810394
194.0,196.3761
57.0,60.510292
341.0,317.59586
230.0,245.13278
377.0,365.3772
396.0,397.94418
46.0,60.372063
132.0,132.20042
315.0,306.22464
66.0,77.10948
337.0,300.43857
378.0,344.2396
84.0,97.6363
49.0,42.40107
132.0,132.07416
153.0,195.56197
269.0,258.16913
48.0,55.528824
250.0,184.94398
279.0,232.6327
67.0,84.94187
132.0,123.778305
500.0,482.278
48.0,59.234295
84.0,117.72833
340.0,316.9617
107.0,102.00818
94.0,103.343636
112.0,134.31863
199.0,232.76793
98.0,132.05927
132.0,132.20042
132.0,131.10175
213.0,253.13698
132.0,134.70618
60.0,65.97499
132.0,78.21079
99.0,105.44902
132.0,131.01054
129.0,164.40656
452.0,497.63403
246.0,267.6757
160.0,188.11716
210.0,203.45335
139.0,159.47841
67.0,73.5531
397.0,320.86844
303.0,299.84305
350.0,301.95282
156.0,167.66048
61.0,59.434483
132.0,105.26016
97.0,103.08651
144.0,135.22766
194.0,181.16995
132.0,132.20042
199.0,247.17815
139.0,134.77382
58.0,60.253597
143.0,152.9397
62.0,64.37594
204.0,170.8421
313.0,292.8998
114.0,90.21437
46.0,61.380093
96.0,74.527885
40.0,48.995617
186.0,164.57227
100.0,93.8152
86.0,66.23382
144.0,180.81108
412.0,336.86844
159.0,162.25606
132.0,132.20042
132.0,83.302956
207.0,232.8684
372.0,399.79236
305.0,293.39365
100.0,105.61701
102.0,103.069664
323.0,309.9526
345.0,310.04617
100.0,129.92412
399.0,400.91028
76.0,95.25239
132.0,131.24594
105.0,95.135864
68.0,81.57993
324.0,283.86682
293.0,321.66864
376.0,372.9256
367.0,377.93835
157.0,196.81375
426.0,364.88272
495.0,324.75247
132.0,131.8972
60.0,70.426346
107.0,77.34176
180.0,229.98363
132.0,128.14566
168.0,119.82493
83.0,116.34646
132.0,148.21538
62.0,66.61915
59.0,65.32438
85.0,91.69013
132.0,126.71279
70.0,94.30432
132.0,193.14961
79.0,79.51504
297.0,288.5312
212.0,257.29276
52.0,64.15554
53.0,66.237274
187.0,190.2168
169.0,148.31987
132.0,127.15002
132.0,128.83496
152.0,158.37355
35.0,64.225876
162.0,166.00539
132.0,131.90591
132.0,131.69958
123.0,128.27322
132.0,131.90591
132.0,132.07416
106.0,87.65334
132.0,132.20042
500.0,499.17554
79.0,95.40758
164.0,204.39948
80.0,77.765594
108.0,87.40362
181.0,218.74187
97.0,91.077934
366.0,368.09607
132.0,131.90591
50.0,65.09977
88.0,81.33092
500.0,489.7439
173.0,184.39618
132.0,131.9903
189.0,181.6311
72.0,79.08724
155.0,179.75319
361.0,340.33707
245.0,171.30246
104.0,88.9366
51.0,57.80283
61.0,60.789646
345.0,339.6928
139.0,123.81719
73.0,100.05914
132.0,127.810036
132.0,132.20042
412.0,365.92468
80.0,96.860695
151.0,162.47816
253.0,253.87846
464.0,452.57742
93.0,82.68575
310.0,305.19653
132.0,121.912796
60.0,70.508125
339.0,312.98532
70.0,83.83125
132.0,133.86215
105.0,109.52356
61.0,74.058395
132.0,132.20042
79.0,74.76288
132.0,132.20042
137.0,141.85475
100.0,108.799194
50.0,69.6392
374.0,132.20042
174.0,124.02846
52.0,54.94607
168.0,162.00511
106.0,131.27614
68.0,70.59198
217.0,229.30888
216.0,265.02924
130.0,142.58148
63.0,65.20392
52.0,59.75224
135.0,117.41945
132.0,132.78394
181.0,164.73392
169.0,159.28749
132.0,132.07416
99.0,95.21201
169.0,190.73592
205.0,227.31012
88.0,90.093636
190.0,144.80318
89.0,88.02846
211.0,249.32787
339.0,353.54047
182.0,249.40303
132.0,119.9748
117.0,118.153824
162.0,137.00645
51.0,82.37489
149.0,145.4645
75.0,81.343506
64.0,77.32037
335.0,319.76477
68.0,87.93618
207.0,154.48193
99.0,110.129295
132.0,113.61608
151.0,201.0504
103.0,121.31362
42.0,47.98861
97.0,98.70362
300.0,306.40997
132.0,131.90591
132.0,131.77528
54.0,63.15749
320.0,318.13394
360.0,358.07513
223.0,180.72124
36.0,56.892235
188.0,223.03722
92.0,91.40829
80.0,79.44264
251.0,226.74762
417.0,343.40262
132.0,132.20042
88.0,95.04069
296.0,217.5109
500.0,502.8988
81.0,91.66931
212.0,191.49245
106.0,118.3894
132.0,118.73994
132.0,133.9653
324.0,327.67545
449.0,477.6742
81.0,81.49312
44.0,59.540745
132.0,131.24664
103.0,99.92277
261.0,260.31168
176.0,275.5836
132.0,132.20042
51.0,55.94094
252.0,199.45044
500.0,503.00098
105.0,112.59944
285.0,300.17773
47.0,72.651665
163.0,222.88202
324.0,319.54376
132.0,128.99985
132.0,141.21642
67.0,75.65918
91.0,132.91988
53.0,78.448616
32.0,46.84823
107.0,100.77878
215.0,216.19032
99.0,108.5366
96.0,93.27837
62.0,71.44729
93.0,100.86619
203.0,194.13611
67.0,75.14973
405.0,407.88556
205.0,232.22133
326.0,358.6365
82.0,74.034775
132.0,132.07416
276.0,272.79865
296.0,240.27007
448.0,440.37112
132.0,131.9903
132.0,131.90591
235.0,237.08562
457.0,428.491
150.0,120.71218
151.0,120.78882
152.0,145.65839
140.0,120.09318
197.0,188.81662
101.0,102.822876
61.0,65.19924
326.0,333.94327
132.0,132.1599
334.0,319.19128
118.0,146.95515
132.0,133.06432
106.0,118.78067
500.0,495.50153
132.0,133.96883
131.0,100.82632
113.0,116.96386
500.0,502.5394
93.0,95.06918
109.0,103.208626
105.0,109.437996
142.0,189.81703
253.0,229.67885
98.0,122.34325
65.0,72.66166
132.0,99.630486
94.0,130.88193
79.0,97.01808
115.0,131.81848
82.0,93.40189
211.0,179.23212
132.0,132.20042
113.0,87.804085
381.0,350.74054
90.0,106.06124
53.0,67.35268
235.0,229.31177
321.0,305.2267
219.0,220.94183
70.0,85.294464
256.0,293.62762
71.0,88.31196
370.0,323.2494
112.0,125.12191
132.0,132.1893
132.0,132.20042
63.0,89.479935
132.0,109.386086
329.0,334.5142
387.0,340.8384
313.0,285.67252
83.0,81.11959
182.0,199.88528
132.0,132.20042
41.0,92.25297
88.0,69.72308
200.0,200.03598
325.0,322.46533
33.0,41.939655
95.0,109.92586
237.0,287.455
61.0,77.76092
65.0,70.63249
397.0,433.03455
187.0,168.91139
309.0,267.76706
92.0,86.02521
84.0,80.501396
187.0,191.6237
109.0,103.475876
35.0,51.511272
46.0,57.055374
177.0,179.45169
132.0,132.20042
132.0,133.53342
319.0,285.0916
91.0,122.2622
247.0,267.85696
160.0,221.98918
248.0,272.38965
92.0,97.98689
92.0,80.455986
132.0,281.46338
147.0,142.9686
70.0,79.58202
51.0,55.661682
128.0,128.2281
132.0,132.20042
124.0,150.35922
101.0,101.78698
192.0,202.83493
100.0,82.83732
134.0,131.59464
132.0,131.73962
421.0,405.0972
148.0,164.70148
59.0,63.489513
132.0,132.20042
392.0,405.44678
132.0,140.58655
132.0,137.37398
303.0,286.67444
139.0,148.79575
310.0,349.71808
120.0,121.870125
58.0,60.886665
132.0,265.03726
105.0,96.00416
132.0,132.07416
123.0,149.46495
74.0,54.291534
179.0,177.13947
187.0,184.49347
87.0,98.72286
219.0,220.11665
226.0,244.72354
197.0,238.43047
103.0,101.66608
86.0,102.71895
135.0,195.21188
51.0,61.989185
131.0,124.45957
220.0,183.73033
258.0,269.72485
359.0,320.30942
407.0,348.71924
111.0,112.90085
344.0,238.97588
132.0,132.20042
104.0,112.19629
132.0,131.90591
341.0,377.64734
418.0,404.2881
132.0,129.03674
132.0,132.20042
22.0,40.756023
198.0,157.63881
160.0,137.82251
500.0,456.9059
96.0,106.77063
132.0,131.24664
128.0,125.70605
217.0,216.4035
500.0,469.93155
132.0,110.3477
132.0,132.1599
114.0,128.05164
132.0,127.1143
72.0,79.12179
62.0,80.219925
441.0,418.80383
106.0,136.78345
132.0,127.5438
132.0,132.49658
294.0,321.86493
132.0,132.20042
132.0,132.20042
96.0,130.29642
144.0,150.3118
362.0,349.8097
340.0,343.9212
132.0,132.07416
302.0,307.5755
49.0,53.17528
253.0,274.3519
240.0,264.41812
68.0,63.319775
65.0,53.202026
92.0,96.89399
61.0,75.449715
457.0,369.7063
132.0,132.20042
98.0,110.08912
33.0,38.637146
439.0,431.17386
132.0,126.904305
329.0,281.71945
132.0,131.90591
140.0,123.27526
100.0,100.29473
116.0,99.15102
130.0,135.05458
206.0,125.22962
112.0,121.70692
190.0,162.90874
89.0,82.07624
98.0,96.7231
92.0,110.572754
121.0,116.131325
155.0,146.53438
159.0,183.27997
127.0,112.03107
132.0,132.20042
318.0,131.90591
76.0,93.411224
132.0,129.37859
66.0,67.5555
132.0,129.98552
65.0,86.40233
117.0,101.31645
270.0,263.69864
166.0,153.33672
323.0,322.3221
132.0,132.07416
93.0,85.4136
500.0,501.97382
221.0,231.39265
141.0,130.58818
420.0,362.7633
97.0,100.12209
335.0,334.05405
357.0,348.55048
132.0,132.20042
132.0,131.90591
122.0,139.8922
352.0,282.29874
49.0,64.53763
64.0,72.12474
369.0,369.68365
107.0,122.9052
132.0,132.20042
77.0,92.60528
88.0,92.50219
389.0,342.55307
132.0,127.21176
132.0,132.07416
212.0,196.38217
173.0,190.88225
397.0,445.8418
132.0,124.37319
311.0,277.41107
104.0,107.0358
93.0,109.85256
104.0,101.76198
111.0,116.467834
196.0,187.4336
74.0,83.085495
336.0,317.13754
132.0,132.20042
152.0,171.73616
121.0,129.6724
96.0,100.547554
59.0,74.58599
132.0,131.90591
238.0,122.40918
298.0,269.83133
132.0,132.20042
132.0,131.77528
216.0,269.3763
81.0,92.46101
168.0,164.65619
61.0,82.56953
399.0,357.25848
101.0,95.20656
175.0,181.55646
94.0,70.236435
169.0,160.87878
245.0,196.0926
106.0,119.21653
103.0,109.31706
347.0,346.74112
90.0,105.187096
110.0,117.31109
109.0,127.94168
55.0,71.70561
188.0,216.87375
84.0,96.885704
74.0,72.75658
356.0,428.18448
293.0,249.33395
84.0,82.93178
173.0,191.4404
88.0,109.64742
138.0,249.4815
109.0,138.88998
70.0,75.71949
319.0,288.86826
139.0,194.56389
170.0,156.4868
218.0,226.53831
500.0,500.90137
270.0,202.01767
132.0,131.33388
275.0,248.85495
65.0,71.426926
348.0,352.91696
67.0,73.74543
150.0,143.47119
132.0,68.148766
396.0,414.22293
132.0,52.60538
119.0,110.90737
114.0,128.89856
169.0,249.66742
132.0,132.55049
323.0,307.18066
105.0,105.701836
132.0,131.90591
95.0,69.789925
132.0,132.20042
132.0,74.01275
132.0,129.54846
132.0,122.43705
320.0,279.81152
377.0,371.67078
183.0,213.88898
132.0,136.62975
140.0,88.64181
316.0,363.5725
198.0,207.5232
78.0,74.88788
110.0,115.51622
500.0,434.01465
411.0,388.20752
96.0,105.228386
79.0,100.208755
117.0,129.97987
77.0,85.214096
352.0,302.57132
179.0,246.87633
166.0,135.70113
162.0,139.17441
110.0,86.96969
314.0,300.08588
132.0,122.079865
111.0,78.89203
231.0,228.39026
167.0,203.38641
441.0,395.0667
132.0,132.1599
129.0,112.98604
320.0,325.44904
132.0,143.99678
95.0,98.70727
132.0,106.136314
132.0,131.90591
132.0,108.28139
302.0,287.56226
132.0,131.77528
102.0,100.16997
113.0,121.723785
239.0,284.42624
282.0,293.34882
188.0,250.79128
67.0,63.534546
326.0,311.4195
43.0,61.929184
386.0,424.0405
136.0,158.8361
53.0,75.84061
132.0,123.48505
132.0,132.20042
189.0,169.61937
89.0,97.2694
97.0,73.97748
39.0,53.84652
64.0,77.11894
157.0,216.57732
132.0,131.6951
204.0,89.674286
500.0,452.6552
105.0,128.1302
132.0,132.20042
69.0,64.69248
116.0,117.34129
377.0,388.51672
87.0,93.656105
132.0,132.20042
85.0,108.43522
134.0,126.93078
178.0,166.52556
111.0,134.42311
309.0,323.19986
215.0,183.16605
122.0,143.22786
360.0,323.78864
82.0,87.02768
104.0,101.06786
132.0,132.20042
132.0,82.37299
256.0,231.65224
93.0,86.90407
180.0,245.05476
132.0,343.19113
88.0,88.42302
109.0,128.19487
302.0,299.74686
132.0,188.41347
137.0,131.92815
141.0,142.85774
172.0,172.77222
60.0,64.71334
500.0,323.3657
132.0,93.40267
226.0,200.99095
98.0,132.20042
106.0,128.54643
418.0,343.0183
118.0,129.46423
374.0,367.12277
132.0,132.20042
185.0,153.19283
124.0,129.33195
101.0,129.76245
180.0,183.39166
80.0,64.99091
265.0,245.36572
132.0,69.31423
139.0,168.55959
253.0,198.29109
102.0,118.280106
132.0,131.90591
206.0,189.22864
132.0,236.14343
132.0,131.97598
132.0,132.20042
132.0,132.20042
210.0,176.91954
120.0,67.83958
132.0,131.90591
252.0,242.39906
132.0,131.90591
132.0,57.58175
56.0,74.95311
137.0,137.2405
132.0,131.90591
56.0,58.8548
132.0,132.07416
125.0,133.55986
102.0,111.011185
132.0,132.20042
209.0,184.75478
132.0,132.20042
132.0,132.20042
135.0,107.632225
189.0,130.92543
74.0,94.961525
177.0,160.90468
132.0,127.50076
132.0,132.20042
83.0,96.20565
72.0,80.048004
132.0,132.20042
307.0,285.87543
222.0,211.8727
179.0,138.28528
63.0,58.064777
202.0,122.38559
59.0,85.59758
132.0,132.20042
119.0,136.96649
132.0,137.10254
98.0,77.20715
84.0,86.294785
83.0,113.0183
467.0,432.0728
500.0,395.60922
66.0,76.90101
132.0,131.77528
107.0,106.96132
118.0,118.903946
73.0,75.39898
57.0,69.256744
178.0,198.28366
134.0,132.50601
399.0,386.79306
112.0,102.54647
224.0,229.40466
166.0,134.5551
242.0,227.51476
328.0,309.4316
164.0,129.90962
468.0,435.7086
361.0,384.36053
118.0,134.24959
53.0,76.83256
97.0,132.58972
178.0,249.09064
46.0,51.03713
45.0,50.456295
97.0,92.815605
132.0,132.20042
186.0,188.04057
132.0,137.28769
430.0,420.36682
132.0,100.44824
132.0,131.90591
59.0,59.158348
71.0,65.05087
88.0,89.27537
132.0,131.9903
186.0,285.49988
132.0,132.20042
132.0,132.20042
336.0,302.24304
248.0,234.12106
78.0,83.00178
22.0,37.898838
141.0,98.93988
132.0,132.20042
230.0,269.94162
132.0,131.77528
80.0,90.60018
132.0,132.20042
51.0,57.64703
84.0,81.45731
132.0,132.20042
37.0,55.384037
254.0,217.45436
42.0,53.253254
81.0,68.290085
65.0,71.506035
79.0,87.26958
265.0,282.0488
342.0,302.88788
140.0,131.44623
92.0,93.63738
174.0,187.12569
73.0,100.14333
139.0,118.070915
42.0,62.860172
141.0,138.56522
302.0,291.1254
134.0,109.457596
235.0,213.57271
132.0,132.20042
147.0,120.75506
69.0,78.65809
132.0,127.13558
110.0,150.66945
40.0,42.04253
99.0,82.7517
150.0,229.41824
132.0,132.1599
191.0,216.8172
132.0,222.54854
342.0,337.1611
240.0,232.34723
40.0,46.697174
145.0,132.20042
33.0,55.102066
171.0,176.29906
131.0,89.72733
351.0,343.4642
309.0,330.0083
61.0,64.73228
276.0,290.83347
132.0,131.9903
339.0,343.1017
277.0,294.74503
132.0,139.60542
166.0,134.5539
386.0,361.1664
96.0,98.68023
132.0,132.06302
132.0,133.63626
132.0,131.90591
132.0,132.07416
130.0,126.376884
351.0,356.9983
132.0,131.90591
39.0,45.035706
500.0,474.43744
53.0,54.864933
132.0,132.31046
280.0,260.06668
286.0,303.4259
100.0,103.47345
76.0,78.54387
73.0,65.290886
31.0,38.753777
68.0,78.6076
132.0,132.20042
349.0,364.59085
61.0,76.275665
357.0,308.6371
238.0,239.27664
48.0,54.441017
170.0,151.08316
254.0,248.86838
173.0,131.10347
359.0,344.4768
132.0,131.9903
44.0,49.9238
373.0,345.42545
91.0,91.18541
132.0,131.91594
187.0,183.94006
146.0,154.68817
330.0,386.10898
125.0,104.044075
59.0,79.57983
172.0,185.45372
132.0,132.20042
114.0,98.90242
282.0,194.21645
109.0,89.1473
76.0,97.83012
82.0,67.51186
132.0,131.90591
87.0,101.706
276.0,266.57898
59.0,56.038666
132.0,132.20363
73.0,80.19785
132.0,131.23027
143.0,183.96796
132.0,132.20042
132.0,132.65656
132.0,132.20042
132.0,132.20042
208.0,206.76402
117.0,134.04999
167.0,176.46399
154.0,135.30295
240.0,231.06697
168.0,194.53195
149.0,162.60675
500.0,431.4407
132.0,131.76216
168.0,169.35114
244.0,222.63388
101.0,102.68175
132.0,147.51207
43.0,103.11314
312.0,308.2837
132.0,128.50421
93.0,93.35251
335.0,348.40652
132.0,131.77528
66.0,68.40639
410.0,448.3925
70.0,107.16562
102.0,112.20276
62.0,57.695614
114.0,100.827515
79.0,98.33458
263.0,237.5758
132.0,132.1599
165.0,159.48392
132.0,131.77528
237.0,256.88458
77.0,97.05587
77.0,108.66659
134.0,111.50555
107.0,121.343254
71.0,74.47656
66.0,77.226265
91.0,73.388565
135.0,138.95091
62.0,67.48753
132.0,132.20042
100.0,115.73101
75.0,70.06971
271.0,227.40675
93.0,91.962074
130.0,130.80931
290.0,252.28368
118.0,119.270515
143.0,180.35338
449.0,455.98685
356.0,368.19028
132.0,131.43097
159.0,136.7619
138.0,149.3801
105.0,87.534515
127.0,141.95879
132.0,131.78214
335.0,345.50793
221.0,279.3379
132.0,132.1599
306.0,273.81677
362.0,364.13834
132.0,132.00114
132.0,132.20042
46.0,65.914955
296.0,294.08643
212.0,219.0775
343.0,336.05676
55.0,48.271103
73.0,69.86624
120.0,103.23505
132.0,126.86158
132.0,132.20042
61.0,75.56305
132.0,131.90591
30.0,42.408867
118.0,118.450386
132.0,132.20042
244.0,259.0823
70.0,89.51055
156.0,150.62816
155.0,163.34206
73.0,83.82895
73.0,72.36672
200.0,215.11325
42.0,51.60639
132.0,132.1599
132.0,71.812386
442.0,444.1975
34.0,68.74436
193.0,120.159164
283.0,238.51372
132.0,131.72256
120.0,129.84128
128.0,157.46866
201.0,183.45143
79.0,102.14758
71.0,74.5368
126.0,106.64518
132.0,83.56809
115.0,98.106384
93.0,103.082405
157.0,182.079
324.0,297.20795
298.0,183.6422
315.0,299.66315
111.0,128.55992
68.0,63.80214
110.0,120.19736
132.0,132.20042
132.0,68.73791
65.0,60.49756
171.0,182.14664
119.0,108.20888
154.0,114.18425
232.0,268.04236
101.0,75.96142
132.0,132.20042
228.0,206.10316
132.0,131.90591
172.0,158.02528
132.0,304.85947
132.0,132.20042
293.0,253.50165
71.0,83.62729
350.0,340.0269
132.0,112.39843
93.0,93.06708
290.0,300.2908
83.0,78.39891
132.0,73.66316
203.0,241.73816
125.0,133.68858
127.0,132.99649
390.0,367.11798
497.0,468.14783
132.0,109.88041
109.0,129.54498
132.0,62.248756
321.0,236.16655
132.0,131.69958
163.0,207.777
93.0,99.47458
52.0,67.81498
50.0,90.32989
153.0,154.11392
72.0,82.66458
108.0,107.33019
132.0,131.23027
209.0,306.91763
228.0,228.25917
342.0,384.67142
274.0,294.3518
66.0,48.759846
97.0,105.89209
132.0,138.25632
141.0,115.069916
161.0,161.42247
100.0,99.0563
55.0,63.957817
88.0,90.85801
91.0,80.81877
59.0,55.161858
215.0,217.81122
91.0,82.07648
500.0,476.68317
79.0,102.1339
109.0,94.81668
116.0,130.11992
128.0,144.00525
132.0,127.68693
464.0,381.5483
132.0,159.79979
321.0,291.98138
198.0,176.8934
496.0,481.90103
128.0,137.41672
155.0,140.69478
132.0,122.76673
132.0,132.07416
131.0,132.53995
327.0,290.59735
76.0,56.35871
152.0,192.074
132.0,132.07416
125.0,107.06515
49.0,61.938404
331.0,316.10345
90.0,78.62884
60.0,71.445435
133.0,126.32749
110.0,119.699265
132.0,131.90591
80.0,95.663765
38.0,53.722336
122.0,124.08685
252.0,274.7014
132.0,165.41914
77.0,105.3052
132.0,131.90591
132.0,132.07416
93.0,100.17819
132.0,132.20042
132.0,132.20042
50.0,68.45709
405.0,396.12384
132.0,131.90591
112.0,125.81218
94.0,134.49307
66.0,78.79303
495.0,418.05444
51.0,59.797207
108.0,137.58507
132.0,131.69958
198.0,198.097
157.0,165.02998
165.0,152.46169
109.0,122.140205
128.0,142.05475
148.0,162.8109
117.0,105.20206
86.0,98.09584
132.0,132.20042
215.0,165.3104
80.0,91.674965
144.0,164.37604
132.0,137.38936
168.0,167.55414
123.0,169.83707
104.0,105.752464
150.0,155.48679
324.0,312.2639
112.0,105.597595
117.0,128.85454
132.0,333.22467
74.0,91.49576
132.0,116.98654
132.0,128.48094
55.0,65.43461
116.0,135.11833
284.0,223.57318
132.0,122.42012
155.0,122.233604
126.0,138.10757
96.0,95.334206
27.0,38.414684
132.0,133.34314
182.0,130.6099
132.0,132.20042
116.0,139.94963
132.0,64.9645
63.0,63.605667
315.0,311.74298
354.0,384.67163
112.0,112.05875
98.0,100.67402
58.0,73.03536
330.0,304.21954
111.0,110.97497
42.0,47.737366
281.0,328.6339
154.0,150.80695
106.0,86.05706
132.0,70.482445
141.0,135.44667
83.0,82.49279
235.0,243.04533
93.0,96.48789
65.0,82.72222
132.0,203.88548
107.0,114.3295
62.0,75.60886
189.0,204.56934
100.0,104.66754
132.0,135.42265
125.0,84.85182
196.0,227.53093
132.0,137.41856
132.0,132.07416
132.0,127.87818
50.0,59.275745
132.0,139.5998
132.0,132.20042
108.0,107.75024
69.0,77.96523
289.0,268.8057
447.0,382.79782
127.0,114.81814
241.0,255.45992
261.0,263.68793
100.0,114.694
73.0,72.996254
406.0,392.07132
48.0,54.89374
132.0,131.69958
294.0,304.0787
320.0,251.66202
137.0,236.71808
132.0,131.54211
407.0,382.20636
132.0,132.20042
108.0,123.37829
132.0,131.90591
500.0,411.50073
132.0,132.88391
132.0,131.90591
126.0,133.50418
47.0,56.427155
132.0,131.90591
130.0,122.41245
132.0,144.02174
324.0,290.35287
34.0,55.607044
132.0,131.90591
149.0,180.1707
158.0,159.61115
88.0,96.818924
76.0,84.868195
250.0,303.34952
117.0,166.2995
281.0,288.92548
272.0,323.01776
69.0,78.87738
291.0,289.94998
384.0,272.72305
104.0,90.344284
166.0,203.65689
81.0,95.09225
337.0,324.3651
205.0,244.92441
132.0,126.15667
500.0,470.20825
136.0,143.88496
149.0,162.39227
354.0,301.03864
129.0,145.58676
338.0,343.67007
94.0,117.227
117.0,120.64677
132.0,131.51811
230.0,238.24033
132.0,132.1599
130.0,153.81636
346.0,349.84198
500.0,353.77545
132.0,131.90591
143.0,134.97134
460.0,465.01233
252.0,262.22217
96.0,76.87641
60.0,70.71533
68.0,77.570114
132.0,109.19346
132.0,132.20042
117.0,102.70572
380.0,450.69058
192.0,159.76909
132.0,131.69958
74.0,88.280174
360.0,390.73407
53.0,64.06152
132.0,132.20042
132.0,132.1599
296.0,219.13298
75.0,97.26227
74.0,93.877106
132.0,132.20042
132.0,131.07417
132.0,132.20042
62.0,86.814865
118.0,110.86183
47.0,49.727905
344.0,333.1674
132.0,125.168625
216.0,221.49472
406.0,426.6203
132.0,132.20042
153.0,187.2409
34.0,62.81331
132.0,123.81039
132.0,132.20042
71.0,64.28004
312.0,304.77957
57.0,57.24119
60.0,74.54852
132.0,132.20042
299.0,270.45856
289.0,281.10547
134.0,141.44
70.0,73.7418
175.0,193.74567
103.0,91.88749
412.0,407.14606
168.0,114.294174
97.0,128.27562
31.0,35.201775
142.0,125.13586
242.0,211.69385
108.0,108.09568
269.0,227.37672
63.0,86.834335
181.0,162.71233
132.0,126.877655
163.0,184.71555
80.0,87.05843
252.0,172.78612
73.0,76.799385
319.0,296.75525
66.0,79.371895
132.0,57.351303
132.0,131.77528
132.0,132.20042
132.0,131.04784
75.0,77.951256
57.0,61.0699
107.0,103.02921
132.0,131.77528
178.0,197.40707
333.0,324.9265
249.0,244.75989
95.0,102.86302
102.0,125.29405
132.0,131.8554
62.0,85.98883
83.0,88.55253
98.0,99.45485
286.0,252.41927
93.0,85.446144
132.0,131.68916
143.0,139.85744
115.0,129.9553
162.0,159.68694
128.0,132.22534
76.0,77.67645
459.0,453.093
132.0,131.77528
363.0,324.38895
132.0,132.20042
146.0,145.60475
375.0,340.08105
366.0,213.30789
52.0,71.291985
103.0,117.46044
48.0,66.99434
72.0,86.23417
188.0,139.55318
146.0,159.67953
132.0,132.20042
98.0,104.93795
120.0,109.78054
164.0,96.913284
174.0,234.12843
136.0,142.56953
132.0,132.20042
55.0,64.47
316.0,305.2316
391.0,386.60086
132.0,132.20042
168.0,152.83258
132.0,136.65031
244.0,262.97403
132.0,111.94754
100.0,95.275154
353.0,328.48416
132.0,131.90591
60.0,84.01405
189.0,123.91951
396.0,336.50034
251.0,245.16559
132.0,132.20042
68.0,74.63692
98.0,109.5913
132.0,131.77528
96.0,103.27549
98.0,80.806366
313.0,272.30917
132.0,132.20042
132.0,131.9903
134.0,91.007416
132.0,132.95221
80.0,72.82089
65.0,75.86181
132.0,131.97598
102.0,128.48297
500.0,477.1755
74.0,77.67778
270.0,284.5422
132.0,132.20042
81.0,90.197624
396.0,400.05386
85.0,147.63684
78.0,74.21968
83.0,95.278114
135.0,169.22298
378.0,387.71323
88.0,75.78887
332.0,296.24057
302.0,132.20042
73.0,87.34137
278.0,222.75699
174.0,194.74963
346.0,340.47623
106.0,150.01654
353.0,433.6116
132.0,139.0779
132.0,131.90591
132.0,131.90591
90.0,81.771454
79.0,92.61537
70.0,67.50025
98.0,128.79785
190.0,151.83533
132.0,44.834896
58.0,67.268524
119.0,129.7051
390.0,403.91733
447.0,326.2161
132.0,125.7799
278.0,319.3719
306.0,259.95795
128.0,104.619286
151.0,169.7423
71.0,103.99195
114.0,99.60618
54.0,65.72785
139.0,165.072
439.0,448.7425
32.0,45.422367
84.0,72.87788
132.0,115.66793
163.0,159.8383
74.0,79.15663
356.0,344.23718
72.0,83.85597
80.0,101.41185
132.0,132.20042
132.0,132.07416
377.0,347.28128
66.0,48.67492
84.0,68.13504
500.0,486.4076
44.0,56.936615
126.0,141.25122
56.0,74.46324
86.0,132.20042
91.0,91.99128
132.0,131.90591
113.0,128.42564
204.0,232.39336
153.0,205.92911
357.0,328.00696
465.0,399.0168
78.0,82.469284
155.0,160.57649
354.0,333.28735
78.0,98.46731
206.0,187.50143
351.0,336.2222
94.0,94.16762
60.0,85.22271
500.0,437.3363
382.0,462.71533
500.0,498.7076
428.0,411.63358
231.0,194.25975
132.0,132.20042
221.0,215.43517
132.0,131.90591
89.0,84.90637
132.0,132.20042
99.0,90.2004
83.0,106.633705
458.0,405.8882
342.0,369.30615
132.0,132.20042
243.0,290.96085
132.0,132.20042
312.0,284.29572
274.0,263.86926
290.0,305.6672
118.0,132.80597
137.0,139.57422
31.0,63.911137
132.0,131.33388
252.0,252.61812
97.0,104.209854
107.0,123.384636
210.0,130.35745
414.0,417.5784
81.0,97.874596
164.0,135.73105
180.0,227.5966
500.0,493.6319
392.0,371.29642
500.0,392.7401
275.0,282.2509
145.0,151.32573
334.0,332.42722
288.0,291.1321
140.0,140.14275
436.0,404.57266
343.0,297.3019
112.0,78.080765
361.0,355.95917
132.0,143.70663
18.0,37.592693
67.0,102.86918
185.0,151.48778
195.0,165.51866
132.0,106.73264
73.0,89.75187
74.0,78.86006
293.0,256.91513
132.0,134.94496
145.0,142.28069
67.0,97.79816
26.0,52.704384
96.0,101.36777
233.0,309.1922
177.0,58.86222
37.0,47.79374
132.0,131.90591
30.0,72.501205
81.0,103.48736
81.0,98.45549
91.0,91.0412
293.0,344.56906
225.0,154.39934
127.0,109.86243
449.0,441.66388
66.0,73.85581
194.0,221.4912
109.0,112.12727
132.0,131.90591
277.0,321.53384
267.0,277.03122
126.0,131.44644
56.0,72.80925
482.0,465.54617
132.0,131.04459
17.0,58.384575
132.0,131.90591
130.0,110.43091
197.0,242.18765
172.0,177.85677
210.0,131.30888
186.0,198.41264
132.0,127.47068
62.0,89.75836
89.0,121.536476
132.0,131.9903
126.0,100.96226
92.0,133.43027
132.0,123.11808
329.0,318.34665
375.0,377.43713
96.0,100.10361
132.0,118.20089
77.0,88.55909
164.0,143.22696
215.0,268.3032
221.0,194.23213
132.0,138.2904
132.0,131.3563
155.0,187.56274
94.0,102.0068
293.0,249.92523
104.0,127.524086
189.0,213.04175
57.0,64.360565
132.0,132.20042
54.0,67.63352
89.0,92.7037
243.0,205.82376
80.0,80.62371
341.0,327.94946
132.0,132.20042
217.0,233.46063
132.0,142.62816
92.0,102.1516
98.0,125.282104
183.0,151.8397
54.0,58.079723
326.0,323.8082
368.0,333.37457
101.0,106.443
120.0,112.46653
141.0,186.1536
132.0,132.20042
258.0,231.35965
130.0,128.52557
177.0,149.9708
132.0,140.77022
412.0,434.27515
429.0,401.80133
74.0,73.197556
62.0,79.565796
132.0,132.20042
131.0,250.93893
342.0,333.49365
376.0,371.79718
106.0,123.558685
327.0,314.11713
138.0,137.8377
91.0,93.18474
62.0,43.78454
64.0,60.88908
121.0,160.99513
178.0,121.72013
132.0,131.9903
43.0,63.034042
87.0,81.20761
68.0,84.15155
119.0,137.0085
132.0,132.20042
187.0,175.10551
132.0,131.62329
500.0,488.85464
132.0,132.20042
284.0,305.17395
167.0,165.3151
132.0,131.69958
202.0,211.07315
209.0,188.81422
100.0,109.54465
57.0,65.84593
83.0,107.51108
119.0,124.46383
106.0,118.11758
337.0,318.92392
283.0,344.63687
81.0,115.09906
366.0,346.5433
343.0,334.5257
81.0,95.06882
145.0,157.81723
102.0,147.7371
94.0,110.5141
122.0,125.03231
61.0,73.82766
46.0,60.084343
132.0,132.20042
108.0,103.616104
103.0,111.60762
132.0,131.77528
143.0,138.45818
136.0,116.15499
386.0,453.18127
78.0,86.95569
132.0,131.90591
113.0,113.36992
32.0,49.905155
174.0,154.57985
94.0,105.3418
328.0,336.26746
307.0,306.79803
202.0,147.58823
206.0,206.31789
132.0,327.82318
304.0,256.09125
132.0,125.78787
58.0,74.15966
314.0,299.93704
290.0,194.27376
201.0,225.42352
189.0,199.12221
132.0,132.20042
114.0,138.19841
220.0,165.04265
335.0,340.16098
78.0,115.92256
359.0,361.98303
294.0,200.56813
66.0,75.1194
69.0,74.95676
132.0,132.20042
185.0,212.08852
105.0,106.56928
94.0,104.77657
226.0,214.20967
372.0,353.04514
110.0,111.38235
123.0,93.25124
111.0,151.73137
75.0,78.103676
102.0,95.439415
132.0,132.20042
500.0,499.03934
109.0,123.25732
131.0,162.6089
132.0,131.92859
107.0,102.5741
114.0,116.44828
132.0,131.9903
209.0,223.61359
104.0,119.75187
111.0,115.626785
212.0,239.62564
101.0,98.45904
132.0,132.1599
297.0,194.19571
103.0,91.91863
310.0,309.75833
350.0,343.47308
132.0,135.36427
218.0,204.33876
351.0,361.6571
500.0,491.47864
132.0,131.90591
44.0,66.40364
164.0,82.95977
252.0,200.72691
74.0,73.143906
68.0,71.46835
132.0,142.62834
132.0,96.69406
132.0,123.99989
42.0,51.75583
132.0,132.07416
101.0,85.04865
96.0,71.04625
493.0,438.43497
132.0,318.90573
448.0,452.42734
168.0,112.55163
102.0,115.230286
213.0,205.96613
81.0,78.558235
132.0,127.92399
132.0,132.1599
76.0,77.62715
77.0,73.10489
132.0,127.34613
96.0,110.17997
36.0,45.588493
95.0,90.505714
160.0,130.98184
132.0,119.21598
106.0,123.54261
193.0,202.86253
497.0,490.81903
101.0,95.69098
412.0,384.96674
300.0,295.9528
112.0,144.69687
132.0,131.90591
331.0,314.9961
104.0,86.97679
130.0,140.54805
151.0,133.67665
32.0,44.283623
143.0,148.49564
170.0,214.34264
128.0,97.93093
247.0,240.2082
360.0,344.54443
500.0,462.1945
386.0,392.84396
336.0,263.64166
92.0,84.54889
62.0,65.07005
136.0,139.23973
144.0,163.3484
162.0,155.55174
343.0,344.25436
115.0,132.07483
186.0,202.67465
132.0,132.20042
59.0,65.21124
110.0,122.692665
299.0,171.11366
402.0,394.49557
325.0,314.2025
64.0,97.07722
92.0,91.55053
387.0,321.47986
132.0,132.00479
244.0,233.6052
132.0,65.81124
63.0,132.20042
132.0,127.8961
50.0,56.582516
422.0,420.74884
319.0,261.5995
173.0,116.80197
279.0,240.09184
132.0,132.20042
89.0,120.874626
74.0,80.24597
132.0,132.20042
139.0,137.9756
235.0,237.38057
191.0,142.46843
57.0,66.352776
76.0,75.026215
81.0,77.75878
132.0,134.23245
117.0,129.53276
36.0,68.91855
100.0,89.74313
309.0,306.7949
160.0,172.15947
173.0,146.58575
174.0,188.79327
51.0,68.5442
99.0,115.84523
500.0,478.14932
361.0,384.22708
353.0,313.0018
115.0,124.13107
132.0,132.07416
70.0,73.05216
66.0,76.194626
159.0,149.371
176.0,151.44138
132.0,121.03386
132.0,138.59308
395.0,390.8243
132.0,132.20042
173.0,161.3292
89.0,110.83118
175.0,152.95572
85.0,98.50241
168.0,131.30098
324.0,321.02448
180.0,178.78117
87.0,58.870335
295.0,305.06143
132.0,132.20042
130.0,148.00424
170.0,133.47516
132.0,126.25283
113.0,113.59583
129.0,122.78661
66.0,75.60958
371.0,385.6953
417.0,417.62485
132.0,131.77528
114.0,99.00442
153.0,140.63574
328.0,313.56567
65.0,76.12106
197.0,221.6718
130.0,136.88759
57.0,75.83095
315.0,153.06529
132.0,132.20042
373.0,343.11423
69.0,74.00538
314.0,312.5424
115.0,122.71165
252.0,207.65546
98.0,99.56563
68.0,70.888794
500.0,327.7676
85.0,88.63492
132.0,132.20042
112.0,110.42437
149.0,141.50362
132.0,131.69958
58.0,68.320595
132.0,132.20042
378.0,385.50443
108.0,155.64337
126.0,124.112595
135.0,134.92883
132.0,132.07416
51.0,58.966812
96.0,122.026764
500.0,507.58926
340.0,338.2529
500.0,494.62466
230.0,240.02808
274.0,294.17215
102.0,108.4063
55.0,61.98741
159.0,205.28198
132.0,139.74475
80.0,89.37315
311.0,297.16058
43.0,85.17002
181.0,158.82065
133.0,108.06783
132.0,132.20042
293.0,266.03403
207.0,245.42395
132.0,132.20042
187.0,266.6661
177.0,166.96088
126.0,142.92488
104.0,108.253876
288.0,283.55142
165.0,142.61649
102.0,93.68557
132.0,132.1599
167.0,195.52785
66.0,59.3165
199.0,238.70062
99.0,111.9926
117.0,112.7623
301.0,287.1562
32.0,42.961308
167.0,174.84001
68.0,88.12788
132.0,132.20042
184.0,161.74153
132.0,132.20042
161.0,232.32707
132.0,132.20042
132.0,132.20042
183.0,209.08191
132.0,129.78316
132.0,131.71208
44.0,64.07481
78.0,103.15809
132.0,131.90591
121.0,118.73608
132.0,131.90591
118.0,91.96846
50.0,69.007614
373.0,378.12726
132.0,131.77528
86.0,97.880295
243.0,208.29805
116.0,126.889595
500.0,491.53152
333.0,338.67163
45.0,55.528515
73.0,85.36965
59.0,59.150448
330.0,317.0532
210.0,201.64043
108.0,106.77272
132.0,132.20042
253.0,210.03134
100.0,116.745674
91.0,86.438446
222.0,239.36008
154.0,166.62146
500.0,470.46304
240.0,209.09013
120.0,98.06188
128.0,131.64706
326.0,308.32443
318.0,315.9323
132.0,132.1599
363.0,398.98587
132.0,132.20042
304.0,284.4071
84.0,93.22745
500.0,364.46378
301.0,313.69427
56.0,59.36834
46.0,66.587715
75.0,94.11078
335.0,347.21472
89.0,105.982796
82.0,82.03037
306.0,289.40033
132.0,129.17284
45.0,65.39359
330.0,310.333
62.0,81.46475
115.0,114.0232
376.0,389.53537
144.0,189.96822
72.0,89.2076
338.0,352.8585
92.0,113.41965
178.0,132.20042
81.0,94.217
73.0,65.806366
434.0,405.38766
360.0,337.98288
61.0,62.70389
132.0,132.20042
105.0,113.66776
132.0,132.20042
132.0,135.45753
132.0,132.20042
415.0,408.11743
129.0,138.47914
30.0,40.188545
132.0,132.20042
100.0,110.095116
101.0,335.526
132.0,291.29254
82.0,100.21694
97.0,100.07548
132.0,138.4195
99.0,96.30476
100.0,108.77997
106.0,106.58153
84.0,116.1055
128.0,142.08617
132.0,131.90591
335.0,279.74603
317.0,318.66556
60.0,53.430832
202.0,187.48909
376.0,363.714
50.0,55.84535
330.0,301.65033
143.0,119.61597
108.0,81.784424
453.0,225.22415
132.0,131.90591
294.0,288.71335
59.0,59.01578
75.0,86.24936
160.0,174.18161
132.0,132.07416
132.0,131.90591
60.0,52.170734
270.0,270.6346
208.0,178.67987
325.0,320.0304
132.0,132.20042
321.0,330.83896
132.0,132.40472
120.0,142.7684
102.0,88.62812
182.0,201.15405
124.0,133.50862
100.0,78.01037
74.0,79.47099
94.0,103.35354
113.0,140.91933
118.0,117.89803
132.0,131.90591
44.0,71.05509
93.0,82.381966
91.0,110.19336
500.0,429.0748
132.0,127.53167
83.0,100.211235
109.0,88.54388
112.0,131.41708
132.0,131.68916
327.0,325.31686
253.0,285.66666
320.0,279.87234
132.0,133.59708
77.0,103.96652
67.0,87.49128
128.0,136.34499
500.0,442.69455
111.0,123.976036
223.0,225.38412
132.0,132.20042
113.0,118.15045
336.0,240.79092
148.0,299.63388
183.0,121.82072
163.0,129.62274
132.0,132.20042
332.0,297.26822
105.0,119.36171
101.0,85.096954
135.0,141.58894
152.0,113.730095
94.0,96.0662
237.0,210.25739
132.0,132.20042
132.0,127.90391
314.0,294.33096
312.0,306.14404
110.0,103.77994
225.0,211.19627
162.0,181.1373
109.0,107.44317
500.0,498.77676
132.0,131.69958
367.0,416.43658
132.0,76.35042
267.0,259.06635
228.0,212.26778
341.0,332.8375
190.0,182.57051
319.0,291.6787
360.0,278.7713
322.0,309.6186
114.0,116.65411
320.0,318.145
92.0,105.10895
212.0,136.5389
132.0,132.20042
96.0,104.10725
94.0,107.68228
122.0,107.75594
58.0,65.026115
146.0,166.42151
181.0,159.10075
30.0,41.97585
132.0,126.59854
246.0,210.64497
235.0,235.71309
300.0,266.40738
271.0,207.90712
132.0,114.59753
125.0,196.69876
46.0,64.63744
163.0,165.4641
314.0,305.0914
132.0,132.20042
158.0,178.0139
114.0,122.007225
132.0,131.6951
154.0,159.15327
124.0,127.888176
500.0,432.3725
141.0,131.10889
147.0,134.61081
61.0,62.077602
71.0,91.09892
132.0,132.20042
157.0,136.0455
346.0,339.9808
113.0,108.028206
132.0,132.20042
102.0,98.33274
89.0,103.114845
155.0,161.1337
147.0,160.01297
213.0,236.97174
335.0,325.60727
322.0,340.74017
266.0,236.67645
121.0,128.65942
132.0,149.47565
127.0,132.181
84.0,87.67731
405.0,412.0974
136.0,82.22566
335.0,354.29422
48.0,52.726723
260.0,243.18211
477.0,484.727
82.0,90.51611
311.0,322.66397
124.0,208.42343
42.0,51.813126
64.0,86.02203
104.0,127.616905
202.0,158.94077
84.0,96.54787
222.0,191.25618
132.0,131.33388
270.0,310.45416
152.0,111.96829
80.0,53.7623
132.0,133.82123
180.0,149.55515
110.0,107.51084
93.0,123.21568
68.0,77.06984
170.0,112.003494
132.0,132.20042
155.0,143.38275
380.0,351.52725
206.0,202.16351
215.0,241.00316
145.0,168.77382
354.0,314.24884
254.0,262.67737
278.0,299.13354
146.0,157.03256
50.0,62.076435
69.0,73.99208
132.0,131.77528
378.0,350.18967
56.0,58.864716
64.0,63.49297
340.0,331.7844
303.0,269.75198
167.0,180.37196
203.0,210.90176
323.0,281.15976
124.0,111.47332
132.0,132.20042
106.0,111.75804
132.0,230.7786
116.0,114.86481
142.0,161.58537
500.0,495.4566
220.0,164.82967
325.0,323.21848
67.0,75.68002
166.0,190.54599
53.0,71.04133
132.0,132.20042
353.0,370.29056
99.0,107.50826
148.0,111.14087
108.0,108.767395
132.0,129.56895
411.0,443.732
118.0,120.99751
103.0,86.709946
404.0,292.05957
132.0,132.20042
69.0,68.13007
114.0,106.45131
132.0,111.64918
286.0,236.33282
151.0,174.10678
86.0,76.159706
139.0,152.24643
189.0,146.61641
124.0,133.08528
132.0,132.07416
61.0,65.58928
103.0,109.421814
132.0,131.90591
134.0,136.60596
48.0,51.562817
147.0,146.72305
151.0,136.40811
139.0,157.98497
230.0,276.52667
165.0,207.38869
132.0,131.90591
119.0,130.69273
100.0,111.038246
91.0,86.28786
132.0,131.11093
132.0,131.77528
81.0,58.3778
96.0,98.38791
237.0,247.85785
333.0,350.67026
234.0,244.84055
214.0,193.15393
284.0,279.14542
57.0,62.59726
132.0,131.90591
198.0,202.70193
73.0,64.776375
173.0,188.37144
77.0,77.786705
78.0,99.659164
348.0,354.1535
150.0,149.43181
132.0,132.20042
31.0,47.20566
357.0,340.79898
125.0,173.16823
282.0,298.8714
104.0,106.12104
109.0,120.35711
256.0,312.8158
60.0,55.3963
132.0,132.20042
95.0,96.241035
460.0,371.13953
282.0,297.1227
130.0,140.815
472.0,448.68317
109.0,129.5565
132.0,132.20042
223.0,107.98464
116.0,120.88341
75.0,89.64965
254.0,285.1848
43.0,58.395126
315.0,305.9356
102.0,112.156296
109.0,111.223145
198.0,186.60048
132.0,132.20042
132.0,131.77528
100.0,105.04403
104.0,115.71401
438.0,348.28934
134.0,132.09836
107.0,128.13225
286.0,278.59985
132.0,132.20042
132.0,131.76584
330.0,308.83032
132.0,132.20042
77.0,96.76309
378.0,323.84833
132.0,132.20042
94.0,96.63601
215.0,175.06215
318.0,332.0658
243.0,248.58498
101.0,131.57915
30.0,43.92422
433.0,492.10495
276.0,237.67159
327.0,437.56302
99.0,72.45978
212.0,143.09854
112.0,120.65706
132.0,131.90591
115.0,124.95188
336.0,267.53854
185.0,164.49449
428.0,384.3306
273.0,295.28564
173.0,150.26736
93.0,105.899055
128.0,131.37708
89.0,120.20447
156.0,169.29419
124.0,128.23413
368.0,414.323
500.0,364.634
402.0,356.09494
180.0,178.21227
123.0,106.17862
116.0,127.439354
323.0,320.9763
101.0,101.798615
132.0,132.20042
350.0,379.81573
132.0,124.064926
341.0,349.5397
132.0,131.6951
242.0,234.48375
94.0,70.118996
132.0,131.90591
223.0,258.20047
274.0,281.77258
132.0,131.77528
441.0,445.80157
126.0,125.06608
291.0,291.5461
108.0,113.978
500.0,487.66312
205.0,177.76778
132.0,128.64568
222.0,232.56966
498.0,453.10583
132.0,167.10915
412.0,350.2363
110.0,151.72844
112.0,129.63432
99.0,99.01054
65.0,68.71872
267.0,269.17014
60.0,64.39193
132.0,132.20042
139.0,143.79724
94.0,80.85741
213.0,233.43575
102.0,121.17032
322.0,331.74344
110.0,130.6389
126.0,156.58438
109.0,125.510284
106.0,132.10359
403.0,446.54044
132.0,127.45724
365.0,434.86575
165.0,188.00949
132.0,133.05959
132.0,131.90591
132.0,132.20042
132.0,132.1599
132.0,131.77528
147.0,147.88983
130.0,130.54195
145.0,144.84927
132.0,119.91238
357.0,330.27713
143.0,178.09521
500.0,426.8766
139.0,206.82443
132.0,127.8595
95.0,116.32285
350.0,428.56097
47.0,98.303154
103.0,123.32516
132.0,163.88367
194.0,154.86131
108.0,120.9231
254.0,236.31274
104.0,98.69359
385.0,431.15225
66.0,75.52267
61.0,67.50607
328.0,315.9779
132.0,131.68071
223.0,188.84071
172.0,197.888
132.0,131.70436
90.0,112.08337
127.0,112.47556
365.0,379.95963
61.0,79.50316
90.0,104.78293
334.0,323.6835
265.0,235.81102
182.0,207.81102
387.0,380.54727
180.0,183.56932
101.0,128.34805
228.0,220.11063
121.0,126.90389
118.0,134.26341
132.0,132.20042
97.0,111.28144
115.0,113.11715
338.0,313.7264
80.0,95.15328
500.0,444.39438
132.0,132.20042
132.0,315.3131
68.0,71.95072
132.0,132.20042
55.0,63.61233
297.0,245.5841
132.0,131.77528
313.0,239.72215
125.0,134.83575
473.0,458.40253
298.0,170.48625
132.0,131.90591
58.0,64.79042
132.0,105.453476
315.0,300.30078
339.0,283.8079
61.0,66.75186
327.0,321.78705
55.0,70.299286
322.0,240.03825
132.0,132.20042
132.0,132.20042
132.0,131.70436
188.0,190.09782
132.0,132.20042
94.0,110.97756
229.0,257.6553
132.0,131.90591
72.0,86.03177
62.0,172.43889
132.0,131.77528
270.0,267.67313
246.0,190.0946
309.0,317.04013
132.0,132.20042
500.0,492.55234
141.0,121.26609
132.0,131.90591
114.0,115.74187
213.0,162.2992
70.0,81.04771
207.0,185.3242
377.0,376.90234
154.0,146.65912
59.0,76.67571
215.0,125.31223
281.0,290.03818
178.0,167.98833
93.0,104.91985
231.0,162.62897
184.0,178.7819
132.0,129.641
39.0,47.11843
132.0,131.90591
117.0,108.86926
348.0,442.18762
358.0,390.6654
110.0,99.01463
79.0,92.37833
102.0,99.7983
79.0,96.12245
444.0,429.69174
323.0,329.65652
154.0,225.72485
66.0,61.351
245.0,243.05266
311.0,307.23065
160.0,183.86143
358.0,329.44452
132.0,131.69958
170.0,291.1572
137.0,127.34531
132.0,132.20042
94.0,87.60474
500.0,511.746
44.0,47.118004
379.0,388.36713
132.0,132.20042
261.0,291.21115
55.0,44.54762
106.0,95.04001
81.0,70.243
107.0,109.77726
150.0,159.1541
85.0,95.87821
298.0,288.46133
463.0,490.92276
115.0,125.862564
304.0,303.56058
141.0,145.62212
359.0,352.52383
221.0,234.29265
132.0,132.07416
107.0,89.8949
382.0,330.97748
91.0,95.69293
123.0,134.33098
321.0,367.27203
48.0,88.74742
322.0,332.16473
345.0,337.4599
132.0,128.64899
424.0,472.2246
366.0,423.92368
31.0,44.333828
90.0,89.52494
54.0,77.238884
248.0,240.29431
132.0,277.872
71.0,77.54482
99.0,127.82764
103.0,87.07178
132.0,131.90591
408.0,426.33823
63.0,70.26663
30.0,42.43612
64.0,72.297935
65.0,78.03766
362.0,367.96503
50.0,55.85727
168.0,113.39971
75.0,104.05367
132.0,131.24664
132.0,132.20042
65.0,74.91912
53.0,57.162197
81.0,74.505745
35.0,43.354767
132.0,100.18151
402.0,351.39948
75.0,79.65927
182.0,164.07004
75.0,84.1647
132.0,132.20042
87.0,90.64792
132.0,132.07416
132.0,132.1599
500.0,470.8329
124.0,149.00175
132.0,131.9903
47.0,81.1465
132.0,148.76968
152.0,121.98049
80.0,101.99951
115.0,113.608154
58.0,67.00489
99.0,146.42012
500.0,492.92288
218.0,225.6486
132.0,132.20042
132.0,127.98176
228.0,221.65994
493.0,458.74106
491.0,459.34927
199.0,187.36142
92.0,70.79192
74.0,62.49563
108.0,103.78711
132.0,132.20042
132.0,132.20042
118.0,106.44142
332.0,280.47525
132.0,132.20042
228.0,203.92555
145.0,164.72542
125.0,130.04695
132.0,132.20042
132.0,132.20042
132.0,262.75507
132.0,132.20042
60.0,76.1197
30.0,60.014732
77.0,76.7955
81.0,97.9127
143.0,89.770615
132.0,131.77528
70.0,76.76324
496.0,469.4482
500.0,488.49585
493.0,432.15695
105.0,111.85662
323.0,306.7072
385.0,392.64755
132.0,132.49658
102.0,121.319374
132.0,132.20042
232.0,149.83182
124.0,129.48172
150.0,178.0602
334.0,289.47128
95.0,93.552475
132.0,58.75013
132.0,131.9903
132.0,131.90591
72.0,82.71269
74.0,77.357414
128.0,137.06535
107.0,95.585045
50.0,80.7287
41.0,45.073593
110.0,114.01627
307.0,264.0945
210.0,221.74734
247.0,230.81474
58.0,55.69874
132.0,132.20042
212.0,200.03435
119.0,126.416084
132.0,133.19623
126.0,133.55151
85.0,77.56304
157.0,145.96652
500.0,489.21768
132.0,132.20042
164.0,120.68609
102.0,107.40593
198.0,171.91826
132.0,132.20042
132.0,132.20042
347.0,365.4023
132.0,132.20042
339.0,331.559
92.0,95.62038
132.0,131.9903
352.0,321.56027
327.0,317.30963
161.0,181.77057
404.0,398.95306
36.0,47.576588
132.0,131.69958
360.0,342.63947
65.0,68.95075
132.0,132.20042
157.0,123.586044
132.0,131.90591
162.0,148.1785
132.0,132.20042
132.0,242.29959
167.0,117.16673
132.0,132.20042
132.0,404.0453
91.0,98.7204
123.0,129.19751
132.0,121.96616
67.0,63.5917
107.0,120.144135
132.0,126.73132
102.0,101.47891
120.0,139.32959
95.0,113.637024
70.0,80.40211
93.0,102.404686
97.0,91.72996
132.0,132.22455
52.0,53.575294
85.0,87.09563
47.0,53.986984
247.0,144.80515
107.0,98.12437
500.0,491.65378
338.0,332.20493
156.0,143.89241
500.0,503.336
237.0,233.65382
77.0,82.72744
132.0,131.77528
132.0,131.69958
116.0,101.26029
132.0,132.20042
116.0,106.90897
81.0,80.078766
320.0,326.01755
68.0,81.66593
114.0,109.566986
82.0,86.06189
35.0,41.7915
94.0,101.73656
117.0,127.916954
132.0,131.6951
73.0,91.8257
115.0,124.32728
132.0,132.20042
194.0,143.78108
132.0,134.1279
132.0,132.20042
132.0,121.46645
110.0,108.58033
136.0,106.05527
140.0,152.73369
53.0,52.586185
98.0,78.710464
99.0,82.84312
60.0,76.335526
149.0,156.71869
130.0,109.84859
222.0,169.82759
126.0,135.82178
200.0,193.32462
148.0,140.16493
132.0,132.20042
91.0,78.70991
271.0,278.1513
127.0,148.7268
106.0,125.23709
128.0,137.72516
237.0,223.14304
153.0,189.14772
87.0,91.87406
83.0,93.31305
318.0,301.15897
380.0,391.78546
193.0,161.37079
97.0,116.091324
132.0,132.20042
132.0,129.17924
69.0,89.94761
412.0,401.6795
388.0,366.7347
112.0,100.359535
132.0,131.90591
125.0,120.8723
108.0,103.64986
136.0,117.27992
105.0,110.497536
132.0,132.20042
74.0,66.16143
259.0,311.13968
301.0,277.75003
70.0,85.27638
304.0,308.71698
132.0,132.49658
132.0,131.90591
359.0,346.93814
61.0,62.757
226.0,159.09329
92.0,116.72447
132.0,132.20042
495.0,398.43045
209.0,234.76202
76.0,82.307076
108.0,118.103485
160.0,188.54666
217.0,166.85771
99.0,59.603607
79.0,79.40882
132.0,132.20042
161.0,166.21587
437.0,402.36804
500.0,489.87885
151.0,139.4319
245.0,116.731026
389.0,354.17993
94.0,68.97841
132.0,266.26984
280.0,298.20346
107.0,109.3207
103.0,124.29429
139.0,139.24115
500.0,380.63986
132.0,117.59695
90.0,99.33021
286.0,299.28574
132.0,132.20042
223.0,192.468
43.0,51.992622
185.0,222.81456
101.0,101.60497
81.0,79.44313
96.0,79.59107
132.0,131.77528
132.0,263.99414
62.0,59.12588
191.0,195.29047
155.0,154.18184
132.0,129.62296
132.0,132.20042
75.0,82.74239
489.0,408.48544
75.0,97.782036
140.0,145.04195
97.0,96.84865
117.0,80.90628
118.0,127.23011
40.0,49.50004
132.0,135.56876
93.0,72.85591
229.0,187.28204
132.0,80.30361
212.0,202.47597
74.0,71.18802
81.0,90.1997
338.0,324.7778
104.0,124.16138
132.0,132.20042
132.0,94.406746
188.0,200.7421
133.0,170.99873
307.0,317.65485
101.0,117.532394
500.0,507.97037
60.0,56.59789
325.0,313.5547
132.0,132.20042
468.0,464.1079
132.0,124.77461
132.0,132.20042
119.0,113.21231
262.0,199.67458
109.0,109.93572
132.0,134.86913
56.0,57.528797
160.0,124.70788
405.0,422.8628
51.0,402.38065
500.0,486.0574
98.0,106.239784
61.0,59.48298
120.0,131.26389
132.0,144.88162
160.0,266.5774
132.0,137.74075
296.0,351.0135
464.0,421.15372
222.0,230.43297
323.0,356.26782
132.0,132.49658
336.0,309.34753
500.0,495.3577
190.0,166.39268
132.0,85.708046
500.0,497.43753
237.0,254.45439
500.0,443.43387
354.0,383.08908
52.0,52.38524
315.0,313.03528
132.0,133.30267
84.0,91.95344
71.0,75.12338
43.0,44.88948
98.0,117.05329
107.0,107.5725
143.0,157.63097
34.0,51.9747
30.0,43.038998
43.0,53.693523
132.0,139.54683
132.0,132.20042
404.0,438.26187
275.0,234.35365
40.0,42.755157
132.0,132.1599
500.0,498.8162
317.0,309.54044
280.0,273.4212
74.0,79.755974
122.0,135.21387
51.0,54.942623
305.0,278.2347
154.0,167.21698
431.0,428.67313
132.0,132.20042
132.0,132.20042
83.0,111.255424
321.0,319.96497
132.0,131.78214
80.0,92.590324
107.0,112.81665
116.0,138.15805
489.0,478.78827
384.0,395.00427
125.0,151.16646
126.0,125.03053
315.0,238.24132
87.0,85.67642
132.0,132.1599
174.0,175.34828
92.0,83.522804
78.0,96.592804
365.0,371.0332
132.0,132.20042
107.0,77.042496
132.0,191.01219
277.0,277.60196
379.0,371.44037
344.0,327.479
218.0,219.89983
79.0,61.067844
248.0,272.12732
256.0,171.0407
132.0,131.90591
74.0,97.07002
225.0,230.317
82.0,99.21975
132.0,132.31224
63.0,60.700375
230.0,236.16336
74.0,78.900024
174.0,183.94626
132.0,131.90591
132.0,101.94118
104.0,102.78239
132.0,131.90591
218.0,308.8414
180.0,156.03418
126.0,128.33788
132.0,132.20042
13.0,59.020813
116.0,117.29403
381.0,401.34906
97.0,91.73845
413.0,402.5966
79.0,86.93052
73.0,62.46134
358.0,353.35507
55.0,76.00968
300.0,225.59166
57.0,62.053455
390.0,440.5661
111.0,113.50977
74.0,171.19838
132.0,132.49658
105.0,97.747795
47.0,54.503777
131.0,141.3025
347.0,323.00418
46.0,49.48349
312.0,312.70102
71.0,77.390755
132.0,132.20042
137.0,153.49641
67.0,70.59231
349.0,352.88824
340.0,342.9952
227.0,237.7089
291.0,288.83633
88.0,82.86946
132.0,125.68235
188.0,208.67653
50.0,56.960247
186.0,137.56488
132.0,132.1599
85.0,138.9802
81.0,95.80962
315.0,295.41418
251.0,258.59222
321.0,327.03128
62.0,67.993454
97.0,105.59556
356.0,336.9067
177.0,189.13278
71.0,70.93213
132.0,127.792435
132.0,206.38367
412.0,328.8283
117.0,115.27543
428.0,428.77945
92.0,95.21791
469.0,360.4995
328.0,314.45245
103.0,99.80804
314.0,294.68878
116.0,111.33399
350.0,366.02206
175.0,156.7507
239.0,255.07721
58.0,75.5315
44.0,59.43072
132.0,131.77528
147.0,183.20607
82.0,82.7096
108.0,96.84719
222.0,244.0908
381.0,373.79523
94.0,104.30147
132.0,71.07984
108.0,92.49154
74.0,74.43369
123.0,131.92189
73.0,83.019806
64.0,55.782997
63.0,69.44472
132.0,132.20042
248.0,228.88062
91.0,113.07393
199.0,224.14354
82.0,60.25916
132.0,132.07416
132.0,131.90591
46.0,56.801075
79.0,100.50038
132.0,199.73204
413.0,380.6068
113.0,118.38981
132.0,132.20042
132.0,132.20042
113.0,107.05335
228.0,259.40976
202.0,280.19846
159.0,138.03807
88.0,86.424126
88.0,116.245995
132.0,132.20042
139.0,153.76347
132.0,132.20042
220.0,258.07346
215.0,236.51495
169.0,172.01733
233.0,322.05112
88.0,111.66805
45.0,58.322746
114.0,110.10496
500.0,492.31766
47.0,72.26817
450.0,435.52176
73.0,92.11259
100.0,102.98712
358.0,324.4837
53.0,60.31105
121.0,146.48593
132.0,131.90591
500.0,326.51764
130.0,143.39821
22.0,37.54678
206.0,190.33618
55.0,73.500305
267.0,241.2247
347.0,371.25104
130.0,140.90823
30.0,43.109886
73.0,72.47004
140.0,140.5166
215.0,235.34889
301.0,246.75262
170.0,147.92648
200.0,210.26192
234.0,230.1534
97.0,106.96136
132.0,132.07416
56.0,60.361115
381.0,436.0041
173.0,143.0645
94.0,120.02327
102.0,87.224754
239.0,323.1475
46.0,48.749752
120.0,101.86286
225.0,197.75941
46.0,53.654995
383.0,398.4957
81.0,68.00299
90.0,102.29938
77.0,68.82287
224.0,211.03238
168.0,209.56337
83.0,95.36459
52.0,53.910275
164.0,137.84384
176.0,118.6447
132.0,131.90591
458.0,430.20215
155.0,155.83684
78.0,77.03548
276.0,279.6822
98.0,111.32783
56.0,46.29386
296.0,298.37955
132.0,131.8972
132.0,132.20042
247.0,198.70813
51.0,64.9321
132.0,138.89368
132.0,132.07416
44.0,61.588856
132.0,131.69958
355.0,374.90347
296.0,271.0012
500.0,487.4065
287.0,266.8356
94.0,99.79933
228.0,212.36288
113.0,99.81985
307.0,234.50139
132.0,131.90591
123.0,103.01737
353.0,313.37442
132.0,140.74742
295.0,280.3638
219.0,208.2946
132.0,131.85167
77.0,88.57269
132.0,132.07416
132.0,132.1599
187.0,215.50029
132.0,135.27711
337.0,310.124
196.0,136.43687
132.0,132.20042
69.0,72.40387
205.0,229.67303
142.0,151.56264
113.0,121.199356
132.0,132.20042
273.0,260.43787
342.0,334.8721
158.0,155.25952
140.0,117.53723
414.0,429.40353
314.0,295.14783
325.0,301.83096
62.0,68.82262
204.0,220.90114
337.0,324.28046
301.0,331.93723
132.0,130.04137
195.0,200.384
27.0,39.907784
156.0,208.14195
137.0,150.63649
78.0,92.16247
175.0,199.71637
107.0,86.44177
132.0,116.26769
132.0,129.75233
249.0,218.29259
132.0,248.46774
42.0,50.609207
238.0,299.99503
132.0,132.07416
66.0,58.98373
132.0,62.05122
324.0,353.9922
87.0,102.477844
441.0,439.10657
132.0,132.20042
60.0,72.48076
132.0,132.06853
235.0,235.57188
66.0,79.28875
34.0,52.676964
115.0,135.69923
102.0,105.90908
132.0,131.90591
496.0,478.9913
339.0,334.81577
130.0,129.77747
132.0,132.20042
96.0,91.82536
98.0,108.03352
108.0,108.75246
188.0,160.48627
80.0,97.59691
61.0,75.62098
244.0,224.93819
132.0,132.20042
96.0,101.68439
230.0,282.53946
244.0,189.71938
132.0,131.90591
132.0,131.77528
112.0,117.04156
114.0,147.50319
132.0,132.07416
64.0,85.45571
109.0,132.20042
41.0,48.303257
67.0,71.39594
212.0,220.38882
40.0,43.445187
58.0,59.06559
132.0,131.90591
96.0,104.47813
87.0,101.501045
132.0,146.87585
328.0,319.4426
132.0,131.9903
240.0,254.10881
170.0,191.00446
132.0,132.20042
30.0,50.62985
84.0,110.560455
132.0,171.16063
500.0,470.90546
64.0,79.83017
188.0,189.49773
77.0,87.86185
100.0,110.99079
48.0,62.343475
132.0,132.20042
53.0,72.46352
316.0,308.57935
326.0,281.66272
293.0,306.73206
342.0,319.43124
124.0,152.14197
92.0,119.75613
88.0,64.91674
88.0,91.38707
114.0,116.85117
119.0,141.45354
53.0,76.89476
60.0,63.905476
64.0,75.324425
75.0,91.59274
234.0,296.95468
141.0,146.12578
132.0,132.1599
302.0,301.6582
166.0,185.16
177.0,162.61595
290.0,285.88782
132.0,136.37361
145.0,208.46655
219.0,223.01292
87.0,89.1258
68.0,78.37821
82.0,105.048454
132.0,132.07416
103.0,107.02705
363.0,368.26523
88.0,85.86981
132.0,140.27127
124.0,132.36975
373.0,378.85217
309.0,311.30157
196.0,197.3299
285.0,280.15344
132.0,131.90591
290.0,278.32135
208.0,221.37485
114.0,116.223785
146.0,131.04626
132.0,124.892715
341.0,354.67032
69.0,87.46394
132.0,115.57428
305.0,287.97296
95.0,108.669426
46.0,58.119987
168.0,148.24515
370.0,346.17105
54.0,86.29135
132.0,131.10329
132.0,132.20042
132.0,132.09654
132.0,132.20042
77.0,92.223595
411.0,310.32477
35.0,54.958565
131.0,118.88072
70.0,75.36328
87.0,75.676254
332.0,334.45673
88.0,83.94478
161.0,156.43571
90.0,73.935356
435.0,457.551
132.0,132.20042
201.0,221.32924
132.0,132.20042
46.0,66.01204
89.0,113.52996
321.0,332.1074
43.0,55.069233
63.0,74.23904
65.0,78.43226
216.0,218.30339
184.0,189.82707
69.0,74.771484
155.0,158.10225
102.0,121.44339
401.0,418.81863
104.0,161.28777
301.0,225.04483
154.0,129.67255
132.0,135.47697
417.0,423.09985
84.0,105.88122
201.0,142.88556
132.0,132.20042
102.0,101.371475
249.0,282.37436
315.0,326.48935
132.0,131.90591
118.0,151.57176
125.0,133.01709
237.0,273.49048
32.0,45.37504
289.0,285.7976
247.0,182.68427
99.0,120.74145
132.0,132.20042
132.0,132.20042
65.0,73.3879
91.0,82.327
105.0,113.38792
276.0,279.3707
313.0,207.72423
83.0,95.18169
358.0,368.51013
467.0,430.50427
255.0,293.56186
60.0,67.688065
133.0,137.28117
172.0,243.46971
104.0,102.23504
87.0,105.86693
83.0,101.676025
330.0,350.04694
296.0,291.18137
39.0,57.06165
67.0,69.82834
142.0,155.21388
123.0,95.91598
102.0,108.5592
132.0,131.90591
77.0,109.15367
211.0,198.2535
50.0,57.811424
213.0,216.48842
401.0,392.36203
132.0,131.90591
151.0,175.92535
369.0,376.73578
314.0,353.38083
132.0,114.6502
302.0,278.84674
106.0,102.63612
64.0,51.251858
55.0,60.380188
114.0,107.940125
58.0,64.20393
117.0,117.13864
78.0,87.54062
132.0,129.48846
132.0,138.20462
84.0,95.90692
122.0,144.81744
132.0,131.77528
394.0,328.15555
111.0,117.403534
132.0,132.20042
293.0,291.26865
49.0,66.48293
192.0,254.26198
341.0,291.14868
31.0,39.794468
147.0,156.1557
352.0,291.0436
67.0,80.7517
39.0,66.63324
132.0,132.20042
235.0,227.0558
66.0,59.533257
87.0,82.556915
132.0,131.77528
132.0,132.07416
118.0,134.33702
47.0,68.557014
317.0,280.5858
49.0,50.466995
68.0,47.52134
107.0,115.551926
157.0,106.8636
70.0,85.65574
300.0,283.6511
132.0,131.90591
132.0,131.90591
132.0,128.61426
164.0,203.56847
59.0,56.01068
362.0,398.43503
277.0,304.3243
434.0,375.35654
370.0,315.31375
132.0,131.90591
132.0,77.7161
67.0,76.82174
198.0,92.13672
65.0,67.44831
366.0,333.20242
140.0,146.54283
55.0,62.92501
69.0,74.616135
32.0,53.647545
281.0,265.45856
132.0,132.07416
141.0,147.80661
500.0,391.0426
132.0,87.22282
96.0,117.51129
500.0,417.60608
61.0,60.77593
